Match,Player,Strategy,Position,Round1,Round2,Round3,Round4,Round5,Round6,Round7,Round8,Round9,Round10,Round11,Round12,Round13,Round14,Round15,Round16,Round17,Round18,Round19,Round20,Win
1,casteB,caste,1,A,D,D,D,D,D,D,D,D,D,D,D,D,D,D,D,D,D,D,D,0.8
1,random3A,random3,2,A,A,A,A,A,A,A,A,B,B,C,C,C,C,C,B,D,D,D,B,0.25
1,casteC,caste,3,C,B,E,B,B,A,B,A,B,E,A,A,E,A,A,C,C,E,C,C,0.45
1,random3B,random3,4,E,E,E,E,E,E,E,E,E,E,E,E,E,B,E,E,E,E,E,E,0.65
1,casteA,caste,5,E,C,A,C,C,C,C,C,C,A,C,C,A,C,C,A,A,C,A,A,0.65
1,random3C,random3,6,E,B,B,B,B,B,B,C,B,B,B,B,B,B,E,B,B,B,B,B,0.4
2,rotateB,rotate,1,A,B,C,D,E,skip,A,B,C,D,E,skip,A,B,C,D,E,skip,A,B,0.55
2,rotateA,rotate,2,B,C,D,E,skip,A,B,C,D,E,skip,A,B,C,D,E,skip,A,B,C,0.5
2,rotate0C,rotate0,3,C,C,C,C,C,C,C,C,C,C,C,C,C,C,C,C,C,C,C,C,0.5
2,rotate0B,rotate0,4,D,D,D,D,D,D,D,D,D,D,D,D,D,D,D,D,D,D,D,D,0.55
2,rotateC,rotate,5,E,skip,A,B,C,D,E,skip,A,B,C,D,E,skip,A,B,C,D,E,skip,0.5
2,rotate0A,rotate0,6,skip,skip,skip,skip,skip,skip,skip,skip,skip,skip,skip,skip,skip,skip,skip,skip,skip,skip,skip,skip,0.0
3,random3C,random3,1,B,B,B,B,C,C,C,C,E,E,E,E,E,E,E,E,B,E,E,B,0.45
3,randomC,random,2,E,skip,E,B,D,B,skip,C,A,D,C,D,C,D,A,A,D,E,D,E,0.3
3,randomA,random,3,A,D,A,E,B,skip,A,B,skip,skip,B,C,B,E,B,D,D,E,A,skip,0.35
3,randomB,random,4,skip,E,D,A,skip,C,E,A,A,A,D,A,C,B,E,E,B,skip,E,skip,0.15
3,random3A,random3,5,D,D,D,D,D,D,D,D,D,D,D,D,B,B,C,C,C,C,C,C,0.6
3,random3B,random3,6,A,A,A,A,A,A,A,A,E,E,C,A,A,A,A,A,A,A,A,A,0.4
4,randomB,random,1,B,skip,A,skip,A,E,B,skip,skip,skip,D,D,C,E,E,A,E,skip,D,skip,0.1
4,rotate0A,rotate0,2,B,B,B,B,B,B,B,B,B,B,B,B,B,B,B,B,B,B,B,B,0.6
4,randomC,random,3,D,C,A,D,D,B,A,C,A,C,B,skip,D,C,E,C,E,A,B,C,0.45
4,rotate0B,rotate0,4,D,D,D,D,D,D,D,D,D,D,D,D,D,D,D,D,D,D,D,D,0.6
4,randomA,random,5,skip,skip,A,E,A,E,E,E,B,D,E,D,B,E,E,E,E,B,skip,skip,0.25
4,rotate0C,rotate0,6,skip,skip,skip,skip,skip,skip,skip,skip,skip,skip,skip,skip,skip,skip,skip,skip,skip,skip,skip,skip,0.0
5,casteB,caste,1,A,B,B,B,B,B,B,B,B,B,B,B,B,B,B,B,B,B,B,B,0.95
5,turntakingA,turntaking,2,A,A,A,A,A,A,A,A,A,A,A,A,A,A,A,A,A,A,A,A,0.65
5,turntakingC,turntaking,3,B,D,E,E,E,D,D,D,E,E,E,D,D,D,E,E,E,D,D,D,0.65
5,casteA,caste,4,D,C,C,C,C,C,C,C,C,C,C,C,C,C,C,C,C,C,C,C,1.0
5,casteC,caste,5,E,D,A,D,E,A,E,D,A,D,E,A,E,D,A,D,E,A,E,D,0.0
5,turntakingB,turntaking,6,E,E,D,D,D,E,E,E,D,D,D,E,E,E,D,D,D,E,E,E,0.65
6,challengerC,challenger,1,A,A,A,A,A,A,A,A,A,A,A,A,A,A,A,A,A,A,A,A,0.0
6,random3A,random3,2,C,C,C,C,C,C,C,C,C,C,C,C,C,C,C,C,C,C,C,C,1.0
6,challengerA,challenger,3,A,A,A,A,A,A,A,A,A,A,A,A,A,A,A,A,A,A,A,A,0.0
6,random3C,random3,4,E,E,E,E,E,E,E,E,E,E,E,E,E,E,E,E,E,E,E,E,1.0
6,random3B,random3,5,D,D,D,D,D,D,D,D,D,D,D,D,D,D,D,D,D,D,D,D,1.0
6,challengerB,challenger,6,A,A,A,A,A,A,A,A,A,A,A,A,A,A,A,A,A,A,A,A,0.0
7,casteC,caste,1,A,A,A,A,A,A,A,A,A,A,A,A,A,A,B,C,D,D,D,E,1.0
7,casteB,caste,2,B,B,B,B,B,B,B,B,B,B,B,B,B,C,D,E,E,E,E,D,1.0
7,casteC,caste,3,C,C,C,C,C,C,C,C,C,C,C,C,C,E,E,D,C,C,C,C,1.0
7,casteA,caste,4,D,D,D,D,D,D,D,D,D,D,D,D,D,D,C,B,B,B,B,B,1.0
7,casteB,caste,5,E,E,E,E,E,E,E,E,E,E,E,E,E,B,A,A,A,A,A,A,1.0
7,casteA,caste,6,skip,skip,skip,skip,skip,skip,skip,skip,skip,skip,skip,skip,skip,skip,skip,skip,skip,skip,skip,skip,0.0
8,random3C,random3,1,E,E,E,E,E,E,E,E,E,E,E,E,E,E,E,E,E,E,E,E,1.0
8,rotate0A,rotate0,2,B,B,B,B,B,B,B,B,B,B,B,B,B,B,B,B,B,B,B,B,0.95
8,rotate0C,rotate0,3,C,C,C,C,C,C,C,C,C,C,C,C,C,C,C,C,C,C,C,C,0.75
8,random3A,random3,4,C,C,C,C,C,A,A,A,A,A,A,A,A,A,A,A,A,A,A,A,0.75
8,random3B,random3,5,B,D,D,D,D,D,D,D,D,D,D,D,D,D,D,D,D,D,D,D,0.95
8,rotate0B,rotate0,6,skip,skip,skip,skip,skip,skip,skip,skip,skip,skip,skip,skip,skip,skip,skip,skip,skip,skip,skip,skip,0.0
9,turntakingA,turntaking,1,skip,E,E,E,B,B,B,E,E,E,E,E,D,D,B,B,E,D,B,E,0.95
9,turntakingB,turntaking,2,A,D,C,C,E,D,C,B,B,D,D,D,B,B,E,E,D,B,E,D,0.95
9,challengerB,challenger,3,A,A,A,A,A,A,A,A,A,A,A,A,A,A,A,A,A,A,A,A,0.0
9,challengerC,challenger,4,A,A,A,A,A,A,A,A,A,A,A,A,A,A,A,A,A,A,A,A,0.0
9,turntakingC,turntaking,5,D,C,B,B,D,C,E,D,D,C,B,B,C,E,C,D,C,C,C,C,1.0
9,challengerA,challenger,6,A,A,A,A,A,A,A,A,A,A,A,A,A,A,A,A,A,A,A,A,0.0
10,random3B,random3,1,B,B,B,B,B,B,B,B,B,B,B,D,B,B,B,B,B,B,B,B,0.45
10,rotateA,rotate,2,B,C,D,E,skip,A,B,C,D,E,skip,A,B,C,D,E,skip,A,B,C,0.35
10,random3A,random3,3,D,D,D,C,C,C,C,C,A,A,A,A,A,A,A,C,C,E,E,E,0.4
10,rotateC,rotate,4,D,E,skip,A,B,C,D,E,skip,A,B,C,D,E,skip,A,B,C,D,E,0.35
10,rotateB,rotate,5,E,skip,A,B,C,D,E,skip,A,B,C,D,E,skip,A,B,C,D,E,skip,0.1
10,random3C,random3,6,E,E,E,E,E,E,E,E,A,A,C,E,E,E,D,D,D,D,E,C,0.3
11,random3C,random3,1,A,D,D,C,C,E,E,E,E,B,B,B,B,A,A,A,A,A,E,E,0.35
11,rotateB,rotate,2,B,C,D,E,skip,A,B,C,D,E,skip,A,B,C,D,E,skip,A,B,C,0.4
11,rotateA,rotate,3,C,D,E,skip,A,B,C,D,E,skip,A,B,C,D,E,skip,A,B,C,D,0.2
11,random3B,random3,4,B,B,B,B,D,D,D,D,D,D,D,D,D,D,D,B,B,B,E,D,0.4
11,rotateC,rotate,5,E,skip,A,B,C,D,E,skip,A,B,C,D,E,skip,A,B,C,D,E,skip,0.2
11,random3A,random3,6,A,A,A,A,A,B,C,C,C,C,C,C,C,C,C,C,C,C,C,C,0.4
12,randomC,random,1,A,D,C,skip,C,E,skip,B,D,C,B,C,B,A,B,skip,D,A,C,E,0.45
12,radicaleqA,radicaleq,2,B,C,skip,E,skip,skip,skip,C,E,A,A,D,D,D,skip,skip,skip,C,C,D,0.45
12,radicaleqB,radicaleq,3,C,E,A,A,A,E,A,D,skip,D,D,C,C,C,C,D,C,A,A,C,0.45
12,radicaleqC,radicaleq,4,D,skip,E,D,C,A,D,A,A,E,E,E,A,E,A,A,A,D,skip,skip,0.45
12,randomA,random,5,skip,skip,E,A,C,D,D,C,B,E,C,E,A,A,skip,B,B,B,E,E,0.35
12,randomB,random,6,C,E,D,D,B,skip,C,skip,A,B,D,D,C,skip,B,D,E,C,A,skip,0.25
13,randomA,random,1,E,D,E,D,C,B,A,C,skip,C,B,D,A,C,skip,skip,D,C,skip,D,0.15
13,randomC,random,2,A,skip,E,D,skip,D,D,C,E,C,D,A,A,D,E,E,skip,D,B,D,0.05
13,random3C,random3,3,E,E,E,E,E,E,E,E,E,A,A,A,A,D,D,D,D,D,A,A,0.45
13,random3A,random3,4,D,D,C,B,B,B,A,A,D,D,D,C,C,C,C,C,A,A,A,A,0.4
13,random3B,random3,5,A,A,A,A,A,D,D,B,B,B,B,C,C,E,E,B,B,B,B,E,0.5
13,randomB,random,6,B,D,C,skip,A,E,D,A,E,B,B,B,skip,D,E,C,skip,E,B,C,0.2
14,randomA,random,1,B,E,A,B,B,skip,skip,E,C,E,E,B,A,C,C,D,C,B,D,C,0.15
14,rotate0C,rotate0,2,B,B,B,B,B,B,B,B,B,B,B,B,B,B,B,B,B,B,B,B,0.55
14,rotate0B,rotate0,3,C,C,C,C,C,C,C,C,C,C,C,C,C,C,C,C,C,C,C,C,0.55
14,randomB,random,4,E,C,skip,E,E,D,A,E,skip,A,D,C,C,skip,A,D,B,B,A,skip,0.2
14,rotate0A,rotate0,5,E,E,E,E,E,E,E,E,E,E,E,E,E,E,E,E,E,E,E,E,0.55
14,randomC,random,6,skip,D,B,D,E,E,A,skip,D,C,D,D,C,C,B,B,C,skip,E,skip,0.2
15,turntakingC,turntaking,1,skip,E,D,B,C,B,B,B,C,B,B,E,A,E,B,A,B,B,A,B,0.7
15,randomB,random,2,D,E,D,A,B,E,D,E,A,E,A,B,skip,A,E,E,E,E,D,D,0.25
15,turntakingB,turntaking,3,B,B,E,C,E,C,C,C,E,C,C,C,E,C,C,E,E,E,C,E,0.4
15,turntakingA,turntaking,4,C,D,C,E,D,E,E,E,B,D,D,B,B,B,E,B,C,C,B,C,0.7
15,randomC,random,5,B,B,C,A,skip,C,C,E,E,A,C,A,A,B,D,E,A,skip,D,A,0.25
15,randomA,random,6,E,B,C,A,skip,C,B,E,A,C,A,C,C,A,A,skip,skip,D,A,E,0.2
16,randomC,random,1,A,E,A,A,C,E,E,C,B,C,D,C,D,skip,C,skip,E,B,D,A,0.35
16,radicaleqA,radicaleq,2,B,A,skip,A,C,C,E,C,C,C,A,A,A,C,E,skip,C,skip,C,skip,0.45
16,randomA,random,3,skip,E,skip,A,skip,B,E,A,C,C,E,B,C,skip,B,B,E,A,A,C,0.3
16,randomB,random,4,A,C,D,A,D,B,B,A,D,E,skip,C,C,C,A,E,skip,E,skip,C,0.3
16,radicaleqB,radicaleq,5,E,skip,E,skip,A,skip,skip,A,E,A,skip,E,skip,skip,C,E,E,E,E,E,0.4
16,radicaleqC,radicaleq,6,skip,E,C,C,skip,E,C,E,skip,E,C,skip,C,E,skip,C,skip,C,skip,C,0.4
17,random3B,random3,1,D,E,E,E,E,E,E,E,E,E,E,E,E,E,E,E,E,E,E,E,0.95
17,rotate0A,rotate0,2,B,B,B,B,B,B,B,B,B,B,B,B,B,B,B,B,B,B,B,B,0.9
17,random3C,random3,3,C,C,C,C,C,C,C,C,C,C,C,C,C,C,C,C,C,C,C,C,1.0
17,rotate0B,rotate0,4,D,D,D,D,D,D,D,D,D,D,D,D,D,D,D,D,D,D,D,D,0.95
17,random3A,random3,5,B,B,A,A,A,A,A,A,A,A,A,A,A,A,A,A,A,A,A,A,0.9
17,rotate0C,rotate0,6,skip,skip,skip,skip,skip,skip,skip,skip,skip,skip,skip,skip,skip,skip,skip,skip,skip,skip,skip,skip,0.0
18,radicaleqB,radicaleq,1,A,C,D,skip,A,D,skip,A,D,skip,A,D,skip,A,D,skip,A,D,skip,A,0.35
18,radicaleqC,radicaleq,2,B,A,A,D,skip,A,D,skip,A,D,skip,A,D,skip,A,D,skip,A,D,skip,0.35
18,challengerC,challenger,3,A,A,A,A,A,A,A,A,A,A,A,A,A,A,A,A,A,A,A,A,0.0
18,radicaleqA,radicaleq,4,D,skip,skip,A,D,skip,A,D,skip,A,D,skip,A,D,skip,A,D,skip,A,D,0.35
18,challengerB,challenger,5,A,A,A,A,A,A,A,A,A,A,A,A,A,A,A,A,A,A,A,A,0.0
18,challengerA,challenger,6,A,A,A,A,A,A,A,A,A,A,A,A,A,A,A,A,A,A,A,A,0.0
19,random3C,random3,1,A,A,A,A,A,A,A,A,A,A,A,A,C,D,A,C,A,A,A,A,0.7
19,random3B,random3,2,A,E,E,E,D,B,B,B,B,B,B,B,B,B,B,B,B,B,B,B,0.65
19,random3A,random3,3,D,D,D,D,D,D,D,D,D,D,D,D,D,D,D,D,D,D,B,B,0.75
19,random3C,random3,4,C,C,C,C,C,C,C,E,E,C,C,A,C,C,C,C,C,D,D,D,0.4
19,random3B,random3,5,B,B,B,B,B,B,C,C,C,C,C,A,A,A,A,C,C,C,C,C,0.6
19,random3A,random3,6,C,C,E,E,E,E,E,E,E,E,E,E,E,E,E,E,E,E,E,E,0.7
20,challengerB,challenger,1,A,A,A,A,A,A,A,A,A,A,A,A,A,A,A,A,A,A,A,A,0.0
20,challengerA,challenger,2,A,A,A,A,A,A,A,A,A,A,A,A,A,A,A,A,A,A,A,A,0.0
20,casteC,caste,3,C,B,B,B,E,E,E,B,B,D,C,E,B,D,C,E,B,D,C,E,1.0
20,casteB,caste,4,D,E,C,C,B,D,C,E,D,C,E,B,D,C,E,B,D,C,E,B,1.0
20,challengerC,challenger,5,A,A,A,A,A,A,A,A,A,A,A,A,A,A,A,A,A,A,A,A,0.0
20,casteA,caste,6,skip,D,E,D,C,B,D,C,E,B,D,C,E,B,D,C,E,B,D,C,0.95
21,radicaleqC,radicaleq,1,A,B,A,C,D,skip,A,C,D,B,E,skip,D,C,B,E,A,skip,D,B,0.85
21,radicaleqB,radicaleq,2,B,C,D,E,skip,A,C,D,B,E,skip,D,C,B,E,A,skip,D,B,C,0.85
21,radicaleqC,radicaleq,3,C,D,E,skip,A,C,D,B,E,skip,D,C,B,E,A,skip,D,B,C,E,0.85
21,radicaleqA,radicaleq,4,D,E,skip,A,C,D,B,E,skip,D,C,B,E,A,skip,D,B,C,E,A,0.85
21,radicaleqA,radicaleq,5,E,skip,B,B,B,B,E,skip,C,C,B,E,A,skip,D,B,C,E,A,skip,0.8
21,radicaleqB,radicaleq,6,skip,A,C,D,E,E,skip,A,A,A,A,A,skip,D,C,C,E,A,skip,D,0.8
22,casteA,caste,1,A,A,A,A,A,A,A,A,A,A,A,A,A,A,B,C,D,D,D,E,1.0
22,casteA,caste,2,B,B,B,B,B,B,B,B,B,B,B,B,B,C,D,E,E,E,E,D,1.0
22,casteC,caste,3,C,C,C,C,C,C,C,C,C,C,C,C,C,E,E,D,C,C,C,C,1.0
22,casteB,caste,4,D,D,D,D,D,D,D,D,D,D,D,D,D,D,C,B,B,B,B,B,1.0
22,casteB,caste,5,E,E,E,E,E,E,E,E,E,E,E,E,E,B,A,A,A,A,A,A,1.0
22,casteC,caste,6,skip,skip,skip,skip,skip,skip,skip,skip,skip,skip,skip,skip,skip,skip,skip,skip,skip,skip,skip,skip,0.0
23,turntakingB,turntaking,1,skip,C,B,A,B,C,A,D,D,D,A,A,A,D,D,D,A,A,A,D,0.65
23,turntakingA,turntaking,2,A,A,D,D,C,A,D,C,C,A,C,C,D,C,C,A,C,C,D,C,0.65
23,equalizeC,equalize,3,C,A,E,C,B,E,E,E,B,D,E,B,A,E,B,D,E,B,A,E,0.65
23,equalizeB,equalize,4,D,B,C,B,E,B,A,B,C,E,B,C,E,B,C,E,B,C,E,B,0.65
23,turntakingC,turntaking,5,D,D,C,C,D,D,C,A,A,C,D,D,C,A,A,C,D,D,C,A,0.6
23,equalizeA,equalize,6,skip,E,D,E,A,A,B,A,E,B,D,E,B,A,E,B,D,E,B,A,0.6
24,rotateB,rotate,1,A,B,C,D,E,skip,A,B,C,D,E,skip,A,B,C,D,E,skip,A,B,0.25
24,random3A,random3,2,B,B,B,B,E,D,D,D,D,D,A,A,A,A,A,A,A,B,B,B,0.4
24,rotateC,rotate,3,C,D,E,skip,A,B,C,D,E,skip,A,B,C,D,E,skip,A,B,C,D,0.25
24,random3B,random3,4,D,D,D,D,C,D,E,E,E,E,E,D,D,D,D,D,D,D,D,D,0.4
24,rotateA,rotate,5,E,skip,A,B,C,D,E,skip,A,B,C,D,E,skip,A,B,C,D,E,skip,0.25
24,random3C,random3,6,A,A,A,A,A,A,A,B,A,B,B,B,C,C,C,C,C,C,C,D,0.35
25,challengerA,challenger,1,A,A,A,A,A,A,A,A,A,A,A,A,A,A,A,A,A,A,A,A,0.0
25,turntakingC,turntaking,2,A,D,D,E,E,E,B,D,D,C,E,C,C,C,D,D,E,C,D,E,0.95
25,turntakingB,turntaking,3,B,E,C,C,C,C,C,C,E,E,C,E,D,D,E,E,C,D,E,C,1.0
25,challengerB,challenger,4,A,A,A,A,A,A,A,A,A,A,A,A,A,A,A,A,A,A,A,A,0.0
25,turntakingA,turntaking,5,D,B,E,B,D,B,D,E,C,B,D,D,B,E,B,C,B,B,B,B,1.0
25,challengerC,challenger,6,A,A,A,A,A,A,A,A,A,A,A,A,A,A,A,A,A,A,A,A,0.0
26,rotateA,rotate,1,A,B,C,D,E,skip,A,B,C,D,E,skip,A,B,C,D,E,skip,A,B,0.85
26,rotateC,rotate,2,B,C,D,E,skip,A,B,C,D,E,skip,A,B,C,D,E,skip,A,B,C,0.85
26,rotateB,rotate,3,C,D,E,skip,A,B,C,D,E,skip,A,B,C,D,E,skip,A,B,C,D,0.85
26,rotateC,rotate,4,D,E,skip,A,B,C,D,E,skip,A,B,C,D,E,skip,A,B,C,D,E,0.85
26,rotateB,rotate,5,E,skip,A,B,C,D,E,skip,A,B,C,D,E,skip,A,B,C,D,E,skip,0.8
26,rotateA,rotate,6,skip,A,B,C,D,E,skip,A,B,C,D,E,skip,A,B,C,D,E,skip,A,0.8
27,equalizeB,equalize,1,A,B,B,D,E,E,E,E,E,E,E,E,E,E,E,E,E,E,E,E,0.95
27,equalizeA,equalize,2,B,C,A,A,A,A,A,A,A,A,A,A,A,A,A,A,A,A,A,A,0.95
27,rotate0C,rotate0,3,C,C,C,C,C,C,C,C,C,C,C,C,C,C,C,C,C,C,C,C,0.95
27,rotate0B,rotate0,4,D,D,D,D,D,D,D,D,D,D,D,D,D,D,D,D,D,D,D,D,0.95
27,equalizeC,equalize,5,E,skip,E,B,B,B,B,B,B,B,B,B,B,B,B,B,B,B,B,B,0.95
27,rotate0A,rotate0,6,skip,skip,skip,skip,skip,skip,skip,skip,skip,skip,skip,skip,skip,skip,skip,skip,skip,skip,skip,skip,0.0
28,challengerC,challenger,1,A,A,A,A,A,A,A,A,A,A,A,A,A,A,A,A,A,A,A,A,0.0
28,randomB,random,2,E,C,skip,A,A,B,skip,D,C,E,skip,C,skip,D,skip,A,D,A,E,E,0.25
28,challengerB,challenger,3,A,A,A,A,A,A,A,A,A,A,A,A,A,A,A,A,A,A,A,A,0.0
28,challengerA,challenger,4,A,A,A,A,A,A,A,A,A,A,A,A,A,A,A,A,A,A,A,A,0.0
28,randomC,random,5,E,skip,E,skip,A,C,B,B,D,A,skip,D,C,E,D,B,D,A,E,C,0.55
28,randomA,random,6,D,C,A,C,A,B,C,E,E,C,A,skip,A,skip,B,A,C,D,D,E,0.5
29,equalizeC,equalize,1,A,B,A,C,D,skip,A,C,D,B,E,skip,D,C,B,E,A,skip,D,B,0.85
29,radicaleqB,radicaleq,2,B,C,D,E,skip,A,C,D,B,E,skip,D,C,B,E,A,skip,D,B,C,0.85
29,equalizeB,equalize,3,C,D,E,skip,A,C,D,B,E,skip,D,C,B,E,A,skip,D,B,C,E,0.85
29,equalizeA,equalize,4,D,E,skip,A,C,D,B,E,skip,D,C,B,E,A,skip,D,B,C,E,A,0.85
29,radicaleqC,radicaleq,5,E,skip,B,B,B,B,E,skip,C,C,B,E,A,skip,D,B,C,E,A,skip,0.8
29,radicaleqA,radicaleq,6,skip,A,C,D,E,E,skip,A,A,A,A,A,skip,D,C,C,E,A,skip,D,0.8
30,randomA,random,1,E,skip,B,D,B,E,skip,E,D,E,E,D,A,E,skip,skip,E,C,B,A,0.2
30,randomB,random,2,E,skip,E,skip,B,D,skip,E,D,A,E,C,C,B,skip,B,A,C,skip,C,0.2
30,turntakingB,turntaking,3,B,D,D,B,B,B,B,C,C,C,D,C,B,B,B,B,B,B,B,B,0.6
30,turntakingC,turntaking,4,C,B,A,E,E,C,C,B,B,B,A,D,C,C,C,C,C,C,C,C,0.65
30,randomC,random,5,skip,A,C,B,E,skip,C,C,D,D,B,A,skip,A,B,B,C,D,E,skip,0.25
30,turntakingA,turntaking,6,E,C,C,C,C,E,E,E,E,E,B,B,E,E,E,E,E,E,E,E,0.55
31,challengerB,challenger,1,A,A,A,A,A,A,A,A,A,A,A,A,A,A,A,A,A,A,A,A,0.0
31,turntakingA,turntaking,2,A,E,E,D,D,D,C,E,E,B,E,B,B,B,D,D,E,B,D,E,0.95
31,challengerC,challenger,3,A,A,A,A,A,A,A,A,A,A,A,A,A,A,A,A,A,A,A,A,0.0
31,turntakingB,turntaking,4,C,D,B,B,B,B,B,B,B,E,B,E,D,D,E,E,B,D,E,B,1.0
31,challengerA,challenger,5,A,A,A,A,A,A,A,A,A,A,A,A,A,A,A,A,A,A,A,A,0.0
31,turntakingC,turntaking,6,E,C,D,C,E,C,E,D,D,C,D,D,C,E,C,B,C,C,C,C,1.0
32,rotateC,rotate,1,A,B,C,D,E,skip,A,B,C,D,E,skip,A,B,C,D,E,skip,A,B,0.45
32,randomA,random,2,D,E,B,skip,B,B,D,E,D,A,E,skip,E,skip,A,skip,C,C,E,B,0.5
32,rotateA,rotate,3,C,D,E,skip,A,B,C,D,E,skip,A,B,C,D,E,skip,A,B,C,D,0.65
32,randomC,random,4,A,skip,C,C,A,D,skip,A,B,E,C,A,D,A,C,skip,A,D,A,C,0.35
32,randomB,random,5,skip,E,C,E,C,C,E,A,A,A,B,E,A,E,B,C,E,E,C,E,0.4
32,rotateB,rotate,6,skip,A,B,C,D,E,skip,A,B,C,D,E,skip,A,B,C,D,E,skip,A,0.35
33,rotate0A,rotate0,1,A,A,A,A,A,A,A,A,A,A,A,A,A,A,A,A,A,A,A,A,0.5
33,rotate0C,rotate0,2,B,B,B,B,B,B,B,B,B,B,B,B,B,B,B,B,B,B,B,B,0.45
33,turntakingC,turntaking,3,B,B,B,D,B,A,B,A,B,A,D,A,D,A,D,A,D,A,D,D,0.35
33,turntakingA,turntaking,4,C,C,C,A,A,D,A,D,D,D,E,D,E,D,E,C,B,D,E,E,0.8
33,turntakingB,turntaking,5,D,D,D,C,D,C,D,C,C,C,B,C,B,C,B,D,E,C,B,C,0.8
33,rotate0B,rotate0,6,skip,skip,skip,skip,skip,skip,skip,skip,skip,skip,skip,skip,skip,skip,skip,skip,skip,skip,skip,skip,0.0
34,equalizeB,equalize,1,A,D,D,D,D,D,D,D,D,D,D,C,C,D,A,A,E,C,C,A,0.7
34,random3A,random3,2,A,A,A,B,B,A,A,A,B,B,D,B,B,B,B,B,B,B,B,B,0.6
34,equalizeC,equalize,3,C,C,C,C,C,C,C,A,C,A,A,D,E,A,C,C,C,D,D,C,0.65
34,random3B,random3,4,A,D,A,B,B,B,B,B,B,B,A,A,A,A,C,C,C,C,A,A,0.15
34,equalizeA,equalize,5,E,E,E,E,E,E,E,C,E,C,C,A,D,E,D,D,A,A,A,E,0.7
34,random3C,random3,6,B,B,B,B,B,B,E,E,E,E,E,E,E,E,E,E,E,E,E,E,0.55
35,casteC,caste,1,A,A,A,A,A,A,A,A,A,A,A,A,A,A,B,C,D,D,D,E,1.0
35,casteA,caste,2,B,B,B,B,B,B,B,B,B,B,B,B,B,C,D,E,E,E,E,D,1.0
35,casteA,caste,3,C,C,C,C,C,C,C,C,C,C,C,C,C,E,E,D,C,C,C,C,1.0
35,casteC,caste,4,D,D,D,D,D,D,D,D,D,D,D,D,D,D,C,B,B,B,B,B,1.0
35,casteB,caste,5,E,E,E,E,E,E,E,E,E,E,E,E,E,B,A,A,A,A,A,A,1.0
35,casteB,caste,6,skip,skip,skip,skip,skip,skip,skip,skip,skip,skip,skip,skip,skip,skip,skip,skip,skip,skip,skip,skip,0.0
36,rotateA,rotate,1,A,B,C,D,E,skip,A,B,C,D,E,skip,A,B,C,D,E,skip,A,B,0.2
36,equalizeC,equalize,2,B,C,D,D,B,C,A,C,C,E,B,A,D,C,C,D,E,A,A,B,0.4
36,equalizeB,equalize,3,C,D,E,E,E,D,D,B,D,C,D,B,B,B,E,E,A,D,D,E,0.6
36,rotateB,rotate,4,D,E,skip,A,B,C,D,E,skip,A,B,C,D,E,skip,A,B,C,D,E,0.15
36,equalizeA,equalize,5,E,skip,B,A,C,A,B,A,E,A,E,C,A,E,D,A,B,C,B,C,0.4
36,rotateC,rotate,6,skip,A,B,C,D,E,skip,A,B,C,D,E,skip,A,B,C,D,E,skip,A,0.6
37,challengerC,challenger,1,A,A,A,A,A,A,A,A,A,A,A,A,A,A,A,A,A,A,A,A,0.0
37,random3C,random3,2,E,E,E,E,E,E,E,E,E,E,E,E,E,E,E,E,E,E,E,E,0.85
37,random3A,random3,3,E,E,E,D,D,D,D,D,D,D,D,D,D,D,D,D,D,D,D,D,0.85
37,random3B,random3,4,B,B,B,B,B,B,B,B,B,B,B,B,B,B,B,B,B,B,B,B,1.0
37,challengerA,challenger,5,A,A,A,A,A,A,A,A,A,A,A,A,A,A,A,A,A,A,A,A,0.0
37,challengerB,challenger,6,A,A,A,A,A,A,A,A,A,A,A,A,A,A,A,A,A,A,A,A,0.0
38,rotate0A,rotate0,1,A,A,A,A,A,A,A,A,A,A,A,A,A,A,A,A,A,A,A,A,1.0
38,rotate0A,rotate0,2,B,B,B,B,B,B,B,B,B,B,B,B,B,B,B,B,B,B,B,B,1.0
38,rotate0C,rotate0,3,C,C,C,C,C,C,C,C,C,C,C,C,C,C,C,C,C,C,C,C,1.0
38,rotate0C,rotate0,4,D,D,D,D,D,D,D,D,D,D,D,D,D,D,D,D,D,D,D,D,1.0
38,rotate0B,rotate0,5,E,E,E,E,E,E,E,E,E,E,E,E,E,E,E,E,E,E,E,E,1.0
38,rotate0B,rotate0,6,skip,skip,skip,skip,skip,skip,skip,skip,skip,skip,skip,skip,skip,skip,skip,skip,skip,skip,skip,skip,0.0
39,turntakingA,turntaking,1,skip,B,E,E,E,C,C,C,E,E,E,B,B,B,C,C,C,B,B,B,0.6
39,casteC,caste,2,B,A,A,A,A,A,A,A,A,A,A,A,A,A,A,A,A,A,A,A,1.0
39,casteB,caste,3,C,D,D,D,D,D,D,D,D,D,D,D,D,D,D,D,D,D,D,D,0.95
39,turntakingB,turntaking,4,C,C,B,B,B,B,B,B,C,C,C,E,E,E,E,E,E,C,C,C,0.65
39,casteA,caste,5,E,B,B,C,E,B,E,C,C,B,E,E,C,B,E,B,C,C,E,B,0.0
39,turntakingC,turntaking,6,E,E,C,C,C,E,E,E,B,B,B,C,C,C,B,B,B,E,E,E,0.65
40,challengerC,challenger,1,A,A,A,A,A,A,A,A,A,A,A,A,A,A,A,A,A,A,A,A,0.0
40,rotate0C,rotate0,2,B,B,B,B,B,B,B,B,B,B,B,B,B,B,B,B,B,B,B,B,1.0
40,rotate0A,rotate0,3,C,C,C,C,C,C,C,C,C,C,C,C,C,C,C,C,C,C,C,C,1.0
40,rotate0B,rotate0,4,D,D,D,D,D,D,D,D,D,D,D,D,D,D,D,D,D,D,D,D,1.0
40,challengerA,challenger,5,A,A,A,A,A,A,A,A,A,A,A,A,A,A,A,A,A,A,A,A,0.0
40,challengerB,challenger,6,A,A,A,A,A,A,A,A,A,A,A,A,A,A,A,A,A,A,A,A,0.0
41,rotate0C,rotate0,1,A,A,A,A,A,A,A,A,A,A,A,A,A,A,A,A,A,A,A,A,1.0
41,rotate0B,rotate0,2,B,B,B,B,B,B,B,B,B,B,B,B,B,B,B,B,B,B,B,B,1.0
41,rotate0C,rotate0,3,C,C,C,C,C,C,C,C,C,C,C,C,C,C,C,C,C,C,C,C,1.0
41,rotate0A,rotate0,4,D,D,D,D,D,D,D,D,D,D,D,D,D,D,D,D,D,D,D,D,1.0
41,rotate0A,rotate0,5,E,E,E,E,E,E,E,E,E,E,E,E,E,E,E,E,E,E,E,E,1.0
41,rotate0B,rotate0,6,skip,skip,skip,skip,skip,skip,skip,skip,skip,skip,skip,skip,skip,skip,skip,skip,skip,skip,skip,skip,0.0
42,turntakingA,turntaking,1,skip,E,D,D,B,D,C,E,C,C,C,C,E,A,A,A,A,A,A,E,0.55
42,turntakingB,turntaking,2,A,A,A,A,E,C,E,C,E,E,E,E,C,E,C,C,E,E,C,A,0.5
42,rotateC,rotate,3,C,D,E,skip,A,B,C,D,E,skip,A,B,C,D,E,skip,A,B,C,D,0.4
42,turntakingC,turntaking,4,C,C,E,E,C,A,A,A,A,A,A,A,A,C,E,E,C,C,E,C,0.55
42,rotateA,rotate,5,E,skip,A,B,C,D,E,skip,A,B,C,D,E,skip,A,B,C,D,E,skip,0.3
42,rotateB,rotate,6,skip,A,B,C,D,E,skip,A,B,C,D,E,skip,A,B,C,D,E,skip,A,0.4
43,casteC,caste,1,A,A,B,B,B,C,C,D,A,A,D,C,E,A,B,B,B,D,D,A,0.6
43,rotateC,rotate,2,B,C,D,E,skip,A,B,C,D,E,skip,A,B,C,D,E,skip,A,B,C,0.6
43,rotateA,rotate,3,C,D,E,skip,A,B,C,D,E,skip,A,B,C,D,E,skip,A,B,C,D,0.55
43,rotateB,rotate,4,D,E,skip,A,B,C,D,E,skip,A,B,C,D,E,skip,A,B,C,D,E,0.1
43,casteA,caste,5,E,E,A,C,D,D,D,A,B,B,B,D,D,E,A,A,D,E,E,E,0.65
43,casteB,caste,6,skip,skip,C,E,A,B,E,E,C,C,A,E,B,C,D,C,C,C,B,D,0.35
44,equalizeA,equalize,1,A,B,A,C,D,skip,A,C,D,B,E,skip,D,C,B,E,A,skip,D,B,0.85
44,equalizeB,equalize,2,B,C,D,E,skip,A,C,D,B,E,skip,D,C,B,E,A,skip,D,B,C,0.85
44,radicaleqC,radicaleq,3,C,D,E,skip,A,C,D,B,E,skip,D,C,B,E,A,skip,D,B,C,E,0.85
44,equalizeC,equalize,4,D,E,skip,A,C,D,B,E,skip,D,C,B,E,A,skip,D,B,C,E,A,0.85
44,radicaleqA,radicaleq,5,E,skip,B,B,B,B,E,skip,C,C,B,E,A,skip,D,B,C,E,A,skip,0.8
44,radicaleqB,radicaleq,6,skip,A,C,D,E,E,skip,A,A,A,A,A,skip,D,C,C,E,A,skip,D,0.8
45,rotate0A,rotate0,1,A,A,A,A,A,A,A,A,A,A,A,A,A,A,A,A,A,A,A,A,0.6
45,rotate0B,rotate0,2,B,B,B,B,B,B,B,B,B,B,B,B,B,B,B,B,B,B,B,B,0.85
45,random3B,random3,3,C,C,C,C,C,C,C,C,C,C,C,C,C,C,B,C,C,C,C,C,0.8
45,random3C,random3,4,A,A,A,A,A,A,A,A,D,D,D,D,D,D,D,D,D,D,B,B,0.2
45,rotate0C,rotate0,5,E,E,E,E,E,E,E,E,E,E,E,E,E,E,E,E,E,E,E,E,0.95
45,random3A,random3,6,D,D,D,D,D,D,D,D,D,D,D,D,D,C,C,C,C,D,E,D,0.5
46,casteC,caste,1,A,A,C,D,E,C,A,B,D,E,C,A,B,D,E,C,A,B,D,E,0.05
46,casteB,caste,2,B,B,D,E,C,A,B,D,E,C,A,B,D,E,C,A,B,D,E,C,0.1
46,casteA,caste,3,C,C,B,A,B,D,E,C,A,B,D,E,C,A,B,D,E,C,A,B,0.1
46,equalizeB,equalize,4,D,E,C,D,E,C,A,B,D,E,C,A,B,D,E,C,A,B,D,E,0.1
46,equalizeC,equalize,5,E,skip,B,A,B,D,E,C,A,B,D,E,C,A,B,D,E,C,A,B,0.05
46,equalizeA,equalize,6,skip,A,D,E,C,A,B,D,E,C,A,B,D,E,C,A,B,D,E,C,0.0
47,challengerA,challenger,1,A,A,A,A,A,A,A,A,A,A,A,A,A,A,A,A,A,A,A,A,0.0
47,challengerC,challenger,2,A,A,A,A,A,A,A,A,A,A,A,A,A,A,A,A,A,A,A,A,0.0
47,challengerB,challenger,3,A,A,A,A,A,A,A,A,A,A,A,A,A,A,A,A,A,A,A,A,0.0
47,challengerA,challenger,4,A,A,A,A,A,A,A,A,A,A,A,A,A,A,A,A,A,A,A,A,0.0
47,challengerB,challenger,5,A,A,A,A,A,A,A,A,A,A,A,A,A,A,A,A,A,A,A,A,0.0
47,challengerC,challenger,6,A,A,A,A,A,A,A,A,A,A,A,A,A,A,A,A,A,A,A,A,0.0
48,rotate0B,rotate0,1,A,A,A,A,A,A,A,A,A,A,A,A,A,A,A,A,A,A,A,A,1.0
48,rotate0B,rotate0,2,B,B,B,B,B,B,B,B,B,B,B,B,B,B,B,B,B,B,B,B,1.0
48,rotate0C,rotate0,3,C,C,C,C,C,C,C,C,C,C,C,C,C,C,C,C,C,C,C,C,1.0
48,rotate0A,rotate0,4,D,D,D,D,D,D,D,D,D,D,D,D,D,D,D,D,D,D,D,D,1.0
48,rotate0C,rotate0,5,E,E,E,E,E,E,E,E,E,E,E,E,E,E,E,E,E,E,E,E,1.0
48,rotate0A,rotate0,6,skip,skip,skip,skip,skip,skip,skip,skip,skip,skip,skip,skip,skip,skip,skip,skip,skip,skip,skip,skip,0.0
49,equalizeA,equalize,1,A,B,D,B,A,D,B,A,D,B,A,D,B,A,D,B,A,D,B,A,0.7
49,equalizeC,equalize,2,B,C,B,A,C,B,A,C,B,A,C,B,A,C,B,A,C,B,A,C,0.65
49,rotate0B,rotate0,3,C,C,C,C,C,C,C,C,C,C,C,C,C,C,C,C,C,C,C,C,0.65
49,rotate0A,rotate0,4,D,D,D,D,D,D,D,D,D,D,D,D,D,D,D,D,D,D,D,D,0.7
49,rotate0C,rotate0,5,E,E,E,E,E,E,E,E,E,E,E,E,E,E,E,E,E,E,E,E,0.7
49,equalizeB,equalize,6,skip,A,A,E,B,A,E,B,A,E,B,A,E,B,A,E,B,A,E,B,0.65
50,rotate0B,rotate0,1,A,A,A,A,A,A,A,A,A,A,A,A,A,A,A,A,A,A,A,A,0.9
50,casteA,caste,2,B,B,B,B,B,B,B,B,B,B,B,B,B,C,D,D,E,E,D,D,0.95
50,rotate0A,rotate0,3,C,C,C,C,C,C,C,C,C,C,C,C,C,C,C,C,C,C,C,C,0.95
50,casteC,caste,4,D,D,D,D,D,D,D,D,D,D,D,D,D,D,B,A,D,A,E,E,0.9
50,casteB,caste,5,E,E,E,E,E,E,E,E,E,E,E,E,E,B,E,E,B,B,B,B,1.0
50,rotate0C,rotate0,6,skip,skip,skip,skip,skip,skip,skip,skip,skip,skip,skip,skip,skip,skip,skip,skip,skip,skip,skip,skip,0.0
51,rotate0B,rotate0,1,A,A,A,A,A,A,A,A,A,A,A,A,A,A,A,A,A,A,A,A,0.65
51,rotate0C,rotate0,2,B,B,B,B,B,B,B,B,B,B,B,B,B,B,B,B,B,B,B,B,0.65
51,equalizeC,equalize,3,C,D,E,B,E,C,B,E,C,A,E,C,A,E,C,A,E,C,A,E,0.65
51,rotate0A,rotate0,4,D,D,D,D,D,D,D,D,D,D,D,D,D,D,D,D,D,D,D,D,0.7
51,equalizeB,equalize,5,E,skip,B,E,C,D,E,C,D,E,C,D,E,C,D,E,C,D,E,C,0.65
51,equalizeA,equalize,6,skip,A,C,C,A,E,C,A,E,C,B,E,C,B,E,C,B,E,C,B,0.6
52,randomC,random,1,A,C,D,skip,D,skip,A,E,C,A,C,E,A,D,skip,B,E,E,D,skip,0.25
52,casteA,caste,2,B,B,B,B,B,B,B,E,D,D,D,D,D,D,A,C,C,C,C,A,0.7
52,casteB,caste,3,C,C,C,D,C,C,C,B,B,A,E,E,B,C,D,D,E,E,D,E,0.5
52,casteC,caste,4,D,D,A,E,A,A,A,C,C,B,A,C,E,E,E,E,A,A,A,C,0.7
52,randomA,random,5,E,E,skip,E,skip,D,C,A,skip,C,A,skip,C,D,A,B,D,B,C,D,0.3
52,randomB,random,6,E,A,A,D,E,D,B,E,E,B,B,A,B,B,B,D,B,B,B,A,0.45
53,turntakingC,turntaking,1,skip,E,C,B,A,A,skip,E,E,E,E,E,skip,B,C,C,A,E,skip,B,0.8
53,turntakingB,turntaking,2,A,skip,D,D,D,D,A,skip,C,C,D,A,E,skip,B,D,C,A,E,skip,0.8
53,turntakingA,turntaking,3,B,A,skip,E,C,B,D,A,skip,B,C,D,A,E,skip,B,D,C,A,E,0.85
53,turntakingC,turntaking,4,C,B,A,skip,E,C,B,D,A,skip,B,C,D,A,E,skip,B,D,C,A,0.85
53,turntakingA,turntaking,5,D,C,B,A,skip,E,C,B,D,A,skip,B,C,D,A,E,skip,B,D,C,0.85
53,turntakingB,turntaking,6,E,D,E,C,B,skip,E,C,B,D,A,skip,B,C,D,A,E,skip,B,D,0.85
54,radicaleqB,radicaleq,1,A,B,A,E,B,skip,B,D,D,E,A,E,B,E,B,D,B,D,B,C,0.4
54,rotateA,rotate,2,B,C,D,E,skip,A,B,C,D,E,skip,A,B,C,D,E,skip,A,B,C,0.5
54,rotateC,rotate,3,C,D,E,skip,A,B,C,D,E,skip,A,B,C,D,E,skip,A,B,C,D,0.45
54,radicaleqA,radicaleq,4,D,E,skip,D,skip,D,skip,skip,C,skip,C,C,skip,skip,skip,A,C,skip,A,skip,0.5
54,radicaleqC,radicaleq,5,E,skip,B,C,A,C,C,A,E,A,B,D,A,A,E,C,D,B,E,D,0.35
54,rotateB,rotate,6,skip,A,B,C,D,E,skip,A,B,C,D,E,skip,A,B,C,D,E,skip,A,0.4
55,casteA,caste,1,A,C,E,E,A,A,A,D,D,B,C,A,E,C,E,C,C,A,D,D,0.5
55,randomC,random,2,B,D,B,E,D,A,A,C,C,A,D,B,D,D,D,D,C,D,B,E,0.25
55,randomB,random,3,B,D,E,D,E,C,C,skip,skip,B,E,skip,skip,skip,skip,B,skip,A,C,D,0.05
55,casteB,caste,4,D,A,B,C,C,C,E,E,A,D,D,E,C,A,B,B,A,D,C,A,0.5
55,randomA,random,5,D,A,C,B,D,D,C,skip,A,A,C,skip,B,C,skip,B,B,B,B,A,0.25
55,casteC,caste,6,skip,B,C,A,E,E,B,B,B,E,E,B,D,E,A,A,E,E,E,E,0.65
56,turntakingA,turntaking,1,skip,E,E,E,E,E,E,A,A,C,A,E,E,D,C,E,E,C,C,E,0.4
56,turntakingB,turntaking,2,A,A,D,C,C,C,C,C,C,E,D,A,A,C,A,A,A,A,A,A,0.45
56,radicaleqC,radicaleq,3,C,D,A,C,D,E,C,D,D,C,E,A,B,B,C,D,E,D,C,D,0.4
56,turntakingC,turntaking,4,C,C,A,A,A,A,A,D,E,A,E,C,C,E,E,C,C,E,E,C,0.4
56,radicaleqA,radicaleq,5,E,skip,E,E,A,D,E,C,E,D,C,skip,skip,D,B,A,B,A,B,A,0.35
56,radicaleqB,radicaleq,6,skip,E,D,D,C,A,D,A,C,A,D,B,D,E,D,C,D,E,D,C,0.35
57,casteB,caste,1,A,A,B,B,C,E,A,D,C,B,E,B,A,B,E,D,C,A,B,E,0.35
57,casteA,caste,2,B,B,C,A,D,B,C,E,A,D,C,D,E,C,A,B,E,D,C,A,0.4
57,radicaleqC,radicaleq,3,C,D,skip,skip,A,skip,skip,C,skip,skip,B,skip,skip,E,skip,skip,B,skip,skip,C,0.4
57,radicaleqB,radicaleq,4,D,E,D,A,C,D,C,D,E,D,E,C,E,B,C,B,C,E,C,E,0.05
57,casteC,caste,5,E,E,D,C,E,D,E,B,E,C,A,C,B,D,C,E,A,E,A,D,0.35
57,radicaleqA,radicaleq,6,skip,A,C,B,E,B,A,B,A,B,A,D,A,D,A,D,A,D,B,D,0.0
58,turntakingA,turntaking,1,skip,D,D,C,D,B,C,B,C,B,B,A,E,C,B,A,E,C,B,E,0.4
58,turntakingC,turntaking,2,A,C,C,A,C,E,A,E,A,E,E,D,A,D,A,D,A,D,A,A,0.45
58,rotate0B,rotate0,3,C,C,C,C,C,C,C,C,C,C,C,C,C,C,C,C,C,C,C,C,0.5
58,rotate0A,rotate0,4,D,D,D,D,D,D,D,D,D,D,D,D,D,D,D,D,D,D,D,D,0.5
58,rotate0C,rotate0,5,E,E,E,E,E,E,E,E,E,E,E,E,E,E,E,E,E,E,E,E,0.35
58,turntakingB,turntaking,6,E,E,E,D,E,A,D,A,D,A,A,C,B,A,E,C,B,A,E,B,0.45
59,rotateC,rotate,1,A,B,C,D,E,skip,A,B,C,D,E,skip,A,B,C,D,E,skip,A,B,0.25
59,randomB,random,2,C,C,D,D,C,D,A,E,A,D,C,A,D,B,skip,B,skip,C,A,C,0.4
59,rotateB,rotate,3,C,D,E,skip,A,B,C,D,E,skip,A,B,C,D,E,skip,A,B,C,D,0.55
59,rotateA,rotate,4,D,E,skip,A,B,C,D,E,skip,A,B,C,D,E,skip,A,B,C,D,E,0.45
59,randomC,random,5,B,E,D,C,E,B,D,C,B,C,E,D,A,A,skip,D,D,B,D,B,0.35
59,randomA,random,6,skip,B,C,D,D,E,A,E,E,B,A,D,skip,skip,D,C,B,B,C,E,0.25
60,turntakingA,turntaking,1,skip,A,B,D,C,C,C,D,B,A,A,C,C,C,A,E,B,D,D,D,0.8
60,turntakingB,turntaking,2,A,D,E,E,B,A,B,A,D,D,D,D,D,D,B,A,D,C,C,C,0.65
60,randomC,random,3,B,C,C,D,D,E,B,C,C,D,C,E,D,skip,skip,A,B,B,B,B,0.25
60,turntakingC,turntaking,4,C,E,A,A,A,B,D,B,A,B,B,B,B,B,C,C,C,B,B,B,0.55
60,randomA,random,5,B,C,A,A,E,D,E,skip,skip,B,C,skip,E,E,D,skip,B,E,skip,B,0.25
60,randomB,random,6,B,C,D,E,B,D,A,D,C,D,skip,skip,B,A,C,C,E,E,C,A,0.25
61,randomC,random,1,skip,E,E,D,skip,D,skip,B,skip,C,C,E,skip,E,E,D,B,B,B,C,0.45
61,challengerB,challenger,2,A,A,A,A,A,A,A,A,A,A,A,A,A,A,A,A,A,A,A,A,0.0
61,randomB,random,3,E,A,skip,B,A,E,skip,D,B,E,C,B,B,E,skip,skip,skip,D,E,B,0.4
61,challengerA,challenger,4,A,A,A,A,A,A,A,A,A,A,A,A,A,A,A,A,A,A,A,A,0.0
61,randomA,random,5,skip,E,skip,D,E,C,A,D,B,A,D,E,skip,C,C,skip,E,A,E,C,0.3
61,challengerC,challenger,6,A,A,A,A,A,A,A,A,A,A,A,A,A,A,A,A,A,A,A,A,0.0
62,rotate0C,rotate0,1,A,A,A,A,A,A,A,A,A,A,A,A,A,A,A,A,A,A,A,A,0.65
62,equalizeB,equalize,2,B,C,D,C,D,B,C,D,B,C,D,B,C,D,B,C,D,B,C,D,0.65
62,rotate0B,rotate0,3,C,C,C,C,C,C,C,C,C,C,C,C,C,C,C,C,C,C,C,C,0.65
62,equalizeA,equalize,4,D,E,A,D,B,A,D,B,A,D,B,A,D,B,A,D,B,A,D,B,0.65
62,rotate0A,rotate0,5,E,E,E,E,E,E,E,E,E,E,E,E,E,E,E,E,E,E,E,E,0.65
62,equalizeC,equalize,6,skip,A,B,B,E,D,B,E,D,B,E,D,B,E,D,B,E,D,B,E,0.6
63,challengerB,challenger,1,A,A,A,A,A,A,A,A,A,A,A,A,A,A,A,A,A,A,A,A,0.0
63,challengerA,challenger,2,A,A,A,A,A,A,A,A,A,A,A,A,A,A,A,A,A,A,A,A,0.0
63,challengerB,challenger,3,A,A,A,A,A,A,A,A,A,A,A,A,A,A,A,A,A,A,A,A,0.0
63,challengerC,challenger,4,A,A,A,A,A,A,A,A,A,A,A,A,A,A,A,A,A,A,A,A,0.0
63,challengerC,challenger,5,A,A,A,A,A,A,A,A,A,A,A,A,A,A,A,A,A,A,A,A,0.0
63,challengerA,challenger,6,A,A,A,A,A,A,A,A,A,A,A,A,A,A,A,A,A,A,A,A,0.0
64,rotateC,rotate,1,A,B,C,D,E,skip,A,B,C,D,E,skip,A,B,C,D,E,skip,A,B,0.55
64,rotateB,rotate,2,B,C,D,E,skip,A,B,C,D,E,skip,A,B,C,D,E,skip,A,B,C,0.55
64,rotateA,rotate,3,C,D,E,skip,A,B,C,D,E,skip,A,B,C,D,E,skip,A,B,C,D,0.5
64,rotate0B,rotate0,4,D,D,D,D,D,D,D,D,D,D,D,D,D,D,D,D,D,D,D,D,0.5
64,rotate0C,rotate0,5,E,E,E,E,E,E,E,E,E,E,E,E,E,E,E,E,E,E,E,E,0.55
64,rotate0A,rotate0,6,skip,skip,skip,skip,skip,skip,skip,skip,skip,skip,skip,skip,skip,skip,skip,skip,skip,skip,skip,skip,0.0
65,casteB,caste,1,A,D,B,B,E,D,D,D,D,C,C,B,D,E,C,B,D,E,C,B,0.95
65,challengerA,challenger,2,A,A,A,A,A,A,A,A,A,A,A,A,A,A,A,A,A,A,A,A,0.0
65,casteA,caste,3,C,B,D,E,C,E,B,C,E,B,D,E,C,B,D,E,C,B,D,E,1.0
65,challengerC,challenger,4,A,A,A,A,A,A,A,A,A,A,A,A,A,A,A,A,A,A,A,A,0.0
65,challengerB,challenger,5,A,A,A,A,A,A,A,A,A,A,A,A,A,A,A,A,A,A,A,A,0.0
65,casteC,caste,6,skip,E,C,D,B,C,E,B,C,E,B,D,E,C,B,D,E,C,B,D,0.95
66,casteB,caste,1,A,A,A,A,A,A,A,A,A,A,A,A,A,A,B,C,D,D,D,E,1.0
66,casteA,caste,2,B,B,B,B,B,B,B,B,B,B,B,B,B,C,D,E,E,E,E,D,1.0
66,casteC,caste,3,C,C,C,C,C,C,C,C,C,C,C,C,C,E,E,D,C,C,C,C,1.0
66,casteB,caste,4,D,D,D,D,D,D,D,D,D,D,D,D,D,D,C,B,B,B,B,B,1.0
66,casteC,caste,5,E,E,E,E,E,E,E,E,E,E,E,E,E,B,A,A,A,A,A,A,1.0
66,casteA,caste,6,skip,skip,skip,skip,skip,skip,skip,skip,skip,skip,skip,skip,skip,skip,skip,skip,skip,skip,skip,skip,0.0
67,challengerA,challenger,1,A,A,A,A,A,A,A,A,A,A,A,A,A,A,A,A,A,A,A,A,0.0
67,radicaleqC,radicaleq,2,B,E,skip,A,E,skip,A,E,skip,A,E,skip,A,E,skip,A,E,skip,A,E,0.4
67,radicaleqB,radicaleq,3,C,A,E,skip,A,E,skip,A,E,skip,A,E,skip,A,E,skip,A,E,skip,A,0.35
67,challengerB,challenger,4,A,A,A,A,A,A,A,A,A,A,A,A,A,A,A,A,A,A,A,A,0.0
67,radicaleqA,radicaleq,5,E,skip,A,E,skip,A,E,skip,A,E,skip,A,E,skip,A,E,skip,A,E,skip,0.35
67,challengerC,challenger,6,A,A,A,A,A,A,A,A,A,A,A,A,A,A,A,A,A,A,A,A,0.0
68,radicaleqB,radicaleq,1,A,B,A,C,D,skip,A,C,D,B,E,skip,D,C,B,E,A,skip,D,B,0.85
68,radicaleqC,radicaleq,2,B,C,D,E,skip,A,C,D,B,E,skip,D,C,B,E,A,skip,D,B,C,0.85
68,radicaleqB,radicaleq,3,C,D,E,skip,A,C,D,B,E,skip,D,C,B,E,A,skip,D,B,C,E,0.85
68,radicaleqC,radicaleq,4,D,E,skip,A,C,D,B,E,skip,D,C,B,E,A,skip,D,B,C,E,A,0.85
68,radicaleqA,radicaleq,5,E,skip,B,B,B,B,E,skip,C,C,B,E,A,skip,D,B,C,E,A,skip,0.8
68,radicaleqA,radicaleq,6,skip,A,C,D,E,E,skip,A,A,A,A,A,skip,D,C,C,E,A,skip,D,0.8
69,radicaleqA,radicaleq,1,A,B,A,C,D,skip,A,C,D,B,E,skip,D,C,B,E,A,skip,D,B,0.85
69,radicaleqB,radicaleq,2,B,C,D,E,skip,A,C,D,B,E,skip,D,C,B,E,A,skip,D,B,C,0.85
69,radicaleqC,radicaleq,3,C,D,E,skip,A,C,D,B,E,skip,D,C,B,E,A,skip,D,B,C,E,0.85
69,radicaleqC,radicaleq,4,D,E,skip,A,C,D,B,E,skip,D,C,B,E,A,skip,D,B,C,E,A,0.85
69,radicaleqB,radicaleq,5,E,skip,B,B,B,B,E,skip,C,C,B,E,A,skip,D,B,C,E,A,skip,0.8
69,radicaleqA,radicaleq,6,skip,A,C,D,E,E,skip,A,A,A,A,A,skip,D,C,C,E,A,skip,D,0.8
70,equalizeC,equalize,1,A,B,A,C,D,skip,A,C,D,B,E,skip,D,C,B,E,A,skip,D,B,0.85
70,equalizeA,equalize,2,B,C,D,E,skip,A,C,D,B,E,skip,D,C,B,E,A,skip,D,B,C,0.85
70,equalizeC,equalize,3,C,D,E,skip,A,C,D,B,E,skip,D,C,B,E,A,skip,D,B,C,E,0.85
70,equalizeA,equalize,4,D,E,skip,A,C,D,B,E,skip,D,C,B,E,A,skip,D,B,C,E,A,0.85
70,equalizeB,equalize,5,E,skip,B,B,B,B,E,skip,C,C,B,E,A,skip,D,B,C,E,A,skip,0.8
70,equalizeB,equalize,6,skip,A,C,D,E,E,skip,A,A,A,A,A,skip,D,C,C,E,A,skip,D,0.8
71,radicaleqC,radicaleq,1,A,D,B,D,A,E,B,A,C,B,A,C,B,A,C,B,A,D,B,A,0.65
71,turntakingA,turntaking,2,A,A,E,D,C,C,E,D,D,D,E,E,E,D,D,C,E,E,D,C,0.65
71,turntakingB,turntaking,3,B,C,A,E,E,E,D,E,E,C,C,C,D,E,E,D,D,D,C,D,0.65
71,turntakingC,turntaking,4,C,E,D,C,D,D,C,C,C,E,D,D,C,C,C,E,C,C,E,E,0.7
71,radicaleqA,radicaleq,5,E,skip,C,skip,D,B,A,E,B,A,D,B,A,E,B,A,C,B,A,D,0.6
71,radicaleqB,radicaleq,6,skip,C,D,B,B,A,E,B,A,D,B,A,E,B,A,C,B,A,D,B,0.6
72,equalizeC,equalize,1,A,D,D,A,A,D,D,C,C,A,A,B,B,C,C,D,D,E,E,A,0.5
72,turntakingA,turntaking,2,A,A,E,E,E,E,B,B,D,D,E,E,A,A,B,B,C,C,D,D,0.5
72,turntakingB,turntaking,3,B,C,C,B,B,A,E,D,B,E,D,A,E,B,A,C,B,D,C,E,0.5
72,turntakingC,turntaking,4,C,E,D,C,A,B,D,E,C,B,A,D,B,E,C,A,D,B,E,C,0.55
72,equalizeA,equalize,5,E,C,B,B,D,A,C,D,A,E,C,A,C,B,D,C,E,D,A,E,0.5
72,equalizeB,equalize,6,skip,B,E,D,E,C,B,A,D,C,E,C,A,D,B,E,C,A,D,B,0.5
73,random3A,random3,1,A,A,A,D,D,E,B,B,B,D,D,D,D,D,D,D,E,E,E,E,0.0
73,random3C,random3,2,C,C,E,E,E,E,E,E,E,E,E,E,E,E,E,B,B,B,B,B,0.75
73,turntakingC,turntaking,3,B,D,B,B,B,B,B,B,C,D,C,C,B,C,E,C,E,E,C,E,0.65
73,turntakingA,turntaking,4,C,A,C,C,D,C,A,D,A,B,D,A,D,A,D,A,D,A,D,A,0.35
73,turntakingB,turntaking,5,D,C,D,D,C,D,D,C,B,C,E,D,C,D,C,D,C,C,E,D,0.55
73,random3B,random3,6,A,A,A,A,A,A,A,A,A,A,A,A,A,A,A,A,A,A,D,D,0.45
74,rotateC,rotate,1,A,B,C,D,E,skip,A,B,C,D,E,skip,A,B,C,D,E,skip,A,B,0.1
74,random3A,random3,2,B,C,C,C,C,A,A,A,A,A,A,A,A,A,A,E,E,E,E,E,0.4
74,random3C,random3,3,B,B,B,B,B,B,B,B,B,B,C,C,C,C,C,E,C,A,A,B,0.35
74,rotateA,rotate,4,D,E,skip,A,B,C,D,E,skip,A,B,C,D,E,skip,A,B,C,D,E,0.55
74,rotateB,rotate,5,E,skip,A,B,C,D,E,skip,A,B,C,D,E,skip,A,B,C,D,E,skip,0.15
74,random3B,random3,6,E,E,D,D,E,D,E,C,C,D,E,E,E,B,B,B,C,C,C,C,0.3
75,turntakingC,turntaking,1,skip,B,E,B,D,D,C,B,C,B,B,C,D,C,D,C,C,C,C,C,0.45
75,random3B,random3,2,C,C,C,B,B,B,B,A,A,A,A,D,D,D,D,D,D,B,A,A,0.05
75,turntakingB,turntaking,3,B,E,D,E,B,A,B,A,B,D,A,B,A,A,A,B,B,B,B,B,0.7
75,turntakingA,turntaking,4,C,A,A,D,A,B,D,D,D,A,D,D,B,D,B,D,D,D,D,D,0.5
75,random3C,random3,5,C,C,C,C,C,C,C,C,C,C,C,C,C,C,B,C,A,A,A,A,0.45
75,random3A,random3,6,A,A,D,D,D,D,E,E,E,E,E,E,E,E,E,E,E,E,E,E,0.75
76,challengerB,challenger,1,A,A,A,A,A,A,A,A,A,A,A,A,A,A,A,A,A,A,A,A,0.0
76,challengerC,challenger,2,A,A,A,A,A,A,A,A,A,A,A,A,A,A,A,A,A,A,A,A,0.0
76,challengerA,challenger,3,A,A,A,A,A,A,A,A,A,A,A,A,A,A,A,A,A,A,A,A,0.0
76,challengerC,challenger,4,A,A,A,A,A,A,A,A,A,A,A,A,A,A,A,A,A,A,A,A,0.0
76,challengerB,challenger,5,A,A,A,A,A,A,A,A,A,A,A,A,A,A,A,A,A,A,A,A,0.0
76,challengerA,challenger,6,A,A,A,A,A,A,A,A,A,A,A,A,A,A,A,A,A,A,A,A,0.0
77,radicaleqB,radicaleq,1,A,D,A,B,B,E,A,B,E,A,A,A,A,E,skip,B,E,B,E,E,0.6
77,random3A,random3,2,A,A,A,D,E,A,A,A,A,C,B,B,B,B,B,B,B,B,C,C,0.05
77,radicaleqC,radicaleq,3,C,E,E,A,skip,skip,E,A,B,E,E,E,E,skip,B,E,B,E,B,B,0.6
77,random3B,random3,4,E,E,C,C,E,E,E,E,E,C,D,D,D,D,D,D,D,D,D,D,0.4
77,radicaleqA,radicaleq,5,E,A,B,C,C,B,B,E,A,B,B,B,B,B,A,A,A,A,A,A,0.5
77,random3C,random3,6,B,B,B,D,E,D,D,D,D,D,D,D,D,C,C,C,C,C,C,C,0.6
78,challengerC,challenger,1,A,A,A,A,A,A,A,A,A,A,A,A,A,A,A,A,A,A,A,A,0.0
78,casteA,caste,2,B,C,C,C,C,E,E,B,B,B,C,D,E,B,C,D,E,B,C,D,1.0
78,challengerA,challenger,3,A,A,A,A,A,A,A,A,A,A,A,A,A,A,A,A,A,A,A,A,0.0
78,casteC,caste,4,D,B,E,D,B,C,C,D,E,C,D,E,B,C,D,E,B,C,D,E,1.0
78,casteB,caste,5,E,D,B,E,D,B,D,E,C,D,E,B,C,D,E,B,C,D,E,B,1.0
78,challengerB,challenger,6,A,A,A,A,A,A,A,A,A,A,A,A,A,A,A,A,A,A,A,A,0.0
79,casteC,caste,1,A,A,A,A,A,A,A,A,A,A,A,A,A,A,B,C,D,D,D,E,1.0
79,casteA,caste,2,B,B,B,B,B,B,B,B,B,B,B,B,B,C,D,E,E,E,E,D,1.0
79,casteB,caste,3,C,C,C,C,C,C,C,C,C,C,C,C,C,E,E,D,C,C,C,C,1.0
79,casteA,caste,4,D,D,D,D,D,D,D,D,D,D,D,D,D,D,C,B,B,B,B,B,1.0
79,casteC,caste,5,E,E,E,E,E,E,E,E,E,E,E,E,E,B,A,A,A,A,A,A,1.0
79,casteB,caste,6,skip,skip,skip,skip,skip,skip,skip,skip,skip,skip,skip,skip,skip,skip,skip,skip,skip,skip,skip,skip,0.0
80,random3C,random3,1,E,E,E,E,E,E,E,C,C,C,C,C,C,C,C,A,A,A,A,A,0.6
80,radicaleqB,radicaleq,2,B,D,E,C,C,C,A,C,C,B,C,B,B,A,C,B,B,B,B,A,0.3
80,random3B,random3,3,A,A,A,C,A,A,A,A,E,E,E,B,E,E,E,A,E,C,C,D,0.3
80,radicaleqA,radicaleq,4,D,C,A,B,B,D,B,D,D,D,A,D,E,E,E,C,E,E,E,E,0.45
80,random3A,random3,5,D,D,D,D,D,D,D,D,D,D,D,D,D,A,B,B,B,B,C,B,0.3
80,radicaleqC,radicaleq,6,skip,B,B,skip,D,B,E,A,E,A,E,A,D,D,D,D,D,D,D,D,0.55
81,randomA,random,1,B,C,C,C,C,A,A,A,E,D,C,A,D,E,B,E,C,A,C,B,0.35
81,randomC,random,2,C,C,B,D,D,B,E,A,E,C,A,E,C,E,C,E,A,A,skip,A,0.35
81,randomB,random,3,C,E,E,B,C,E,C,B,D,D,B,skip,E,C,B,C,D,C,B,C,0.35
81,randomB,random,4,B,E,D,skip,D,C,C,E,E,A,skip,E,D,skip,skip,C,E,B,A,E,0.3
81,randomC,random,5,D,B,C,skip,D,B,D,skip,C,C,B,D,B,E,skip,A,D,skip,C,C,0.35
81,randomA,random,6,E,C,B,skip,C,C,C,A,E,B,D,skip,E,D,B,D,D,D,B,E,0.3
82,rotate0A,rotate0,1,A,A,A,A,A,A,A,A,A,A,A,A,A,A,A,A,A,A,A,A,0.95
82,rotate0C,rotate0,2,B,B,B,B,B,B,B,B,B,B,B,B,B,B,B,B,B,B,B,B,0.95
82,casteC,caste,3,C,C,C,C,C,C,C,C,C,C,C,C,C,E,D,C,C,C,C,C,1.0
82,casteA,caste,4,D,D,D,D,D,D,D,D,D,D,D,D,D,D,A,E,E,E,E,E,0.95
82,casteB,caste,5,E,E,E,E,E,E,E,E,E,E,E,E,E,B,E,D,D,D,D,D,0.95
82,rotate0B,rotate0,6,skip,skip,skip,skip,skip,skip,skip,skip,skip,skip,skip,skip,skip,skip,skip,skip,skip,skip,skip,skip,0.0
83,rotate0C,rotate0,1,A,A,A,A,A,A,A,A,A,A,A,A,A,A,A,A,A,A,A,A,0.5
83,turntakingA,turntaking,2,A,A,A,E,E,C,E,C,E,C,C,E,C,E,C,E,C,E,C,C,0.45
83,turntakingB,turntaking,3,B,C,C,B,C,D,C,D,C,D,D,C,D,C,D,C,D,C,D,D,1.0
83,turntakingC,turntaking,4,C,E,E,C,A,B,A,B,A,B,B,A,B,A,B,A,B,A,B,B,0.55
83,rotate0A,rotate0,5,E,E,E,E,E,E,E,E,E,E,E,E,E,E,E,E,E,E,E,E,0.5
83,rotate0B,rotate0,6,skip,skip,skip,skip,skip,skip,skip,skip,skip,skip,skip,skip,skip,skip,skip,skip,skip,skip,skip,skip,0.0
84,equalizeC,equalize,1,A,D,E,B,B,B,B,B,E,C,A,C,C,C,C,C,C,B,B,B,0.65
84,equalizeB,equalize,2,B,E,A,E,E,C,E,E,C,B,D,B,D,D,E,B,D,A,E,A,0.7
84,equalizeA,equalize,3,C,A,B,C,A,D,C,C,D,E,C,D,E,B,D,E,B,D,D,D,0.7
84,randomB,random,4,B,C,D,E,A,D,A,E,A,E,B,A,skip,A,skip,D,C,C,C,E,0.4
84,randomC,random,5,D,skip,skip,skip,skip,D,B,A,E,E,A,skip,A,A,skip,E,C,C,C,A,0.1
84,randomA,random,6,C,D,A,skip,A,D,skip,B,D,skip,skip,B,A,A,C,E,E,skip,skip,C,0.1
85,challengerC,challenger,1,A,A,A,A,A,A,A,A,A,A,A,A,A,A,A,A,A,A,A,A,0.0
85,equalizeA,equalize,2,B,B,B,B,C,E,C,C,B,C,C,D,C,C,E,C,C,B,C,C,1.0
85,challengerA,challenger,3,A,A,A,A,A,A,A,A,A,A,A,A,A,A,A,A,A,A,A,A,0.0
85,equalizeC,equalize,4,D,D,D,D,B,B,E,D,D,B,E,E,D,B,B,E,D,D,B,E,1.0
85,equalizeB,equalize,5,E,E,E,E,D,D,B,E,E,D,B,B,E,D,D,B,E,E,D,B,1.0
85,challengerB,challenger,6,A,A,A,A,A,A,A,A,A,A,A,A,A,A,A,A,A,A,A,A,0.0
86,random3C,random3,1,C,A,A,B,B,B,B,D,D,D,D,D,D,D,A,E,C,C,C,C,0.4
86,equalizeA,equalize,2,B,B,D,A,A,B,B,E,A,B,B,B,B,E,C,B,B,B,D,D,0.7
86,equalizeB,equalize,3,C,A,E,B,E,E,E,A,B,E,E,E,A,B,B,D,D,D,C,B,0.65
86,equalizeC,equalize,4,D,E,A,E,B,A,A,C,E,A,A,A,E,D,A,A,A,A,A,A,0.65
86,random3A,random3,5,C,C,C,C,C,C,C,C,C,C,C,E,E,C,C,E,E,E,E,E,0.55
86,random3B,random3,6,D,D,D,D,D,D,D,D,B,C,C,E,E,E,A,E,E,B,B,B,0.3
87,challengerA,challenger,1,A,A,A,A,A,A,A,A,A,A,A,A,A,A,A,A,A,A,A,A,0.0
87,challengerC,challenger,2,A,A,A,A,A,A,A,A,A,A,A,A,A,A,A,A,A,A,A,A,0.0
87,challengerC,challenger,3,A,A,A,A,A,A,A,A,A,A,A,A,A,A,A,A,A,A,A,A,0.0
87,challengerB,challenger,4,A,A,A,A,A,A,A,A,A,A,A,A,A,A,A,A,A,A,A,A,0.0
87,challengerA,challenger,5,A,A,A,A,A,A,A,A,A,A,A,A,A,A,A,A,A,A,A,A,0.0
87,challengerB,challenger,6,A,A,A,A,A,A,A,A,A,A,A,A,A,A,A,A,A,A,A,A,0.0
88,turntakingA,turntaking,1,skip,D,D,A,D,A,D,C,D,C,B,A,C,D,D,D,A,A,E,C,0.45
88,turntakingC,turntaking,2,A,C,C,C,A,C,A,B,A,B,E,C,B,A,C,A,D,D,D,E,0.5
88,radicaleqB,radicaleq,3,C,E,D,A,A,A,A,A,C,A,C,C,C,C,C,C,C,A,C,E,0.3
88,radicaleqA,radicaleq,4,D,skip,A,E,E,E,E,E,E,E,E,E,E,E,E,skip,skip,skip,A,A,0.5
88,radicaleqC,radicaleq,5,E,A,E,D,D,D,D,D,D,D,D,D,A,A,D,A,D,C,D,C,0.25
88,turntakingB,turntaking,6,E,E,E,D,E,D,E,A,E,A,C,D,A,E,A,E,E,E,A,D,0.25
89,rotate0C,rotate0,1,A,A,A,A,A,A,A,A,A,A,A,A,A,A,A,A,A,A,A,A,0.5
89,turntakingB,turntaking,2,A,A,A,E,A,C,A,E,A,C,E,A,C,A,C,A,E,A,E,C,0.5
89,turntakingA,turntaking,3,B,B,B,C,B,E,B,C,B,E,C,B,E,B,E,B,C,B,C,E,1.0
89,rotate0B,rotate0,4,D,D,D,D,D,D,D,D,D,D,D,D,D,D,D,D,D,D,D,D,0.5
89,turntakingC,turntaking,5,D,D,D,B,D,B,D,B,D,B,B,D,B,D,B,D,B,D,B,B,0.5
89,rotate0A,rotate0,6,skip,skip,skip,skip,skip,skip,skip,skip,skip,skip,skip,skip,skip,skip,skip,skip,skip,skip,skip,skip,0.0
90,equalizeB,equalize,1,A,B,E,A,E,B,C,E,B,C,E,B,A,E,B,C,E,B,A,E,0.65
90,turntakingA,turntaking,2,A,A,A,A,C,C,C,C,C,C,A,A,A,C,C,C,A,A,A,C,0.65
90,equalizeA,equalize,3,C,E,C,E,B,A,E,B,A,E,B,C,E,B,A,E,B,C,E,B,0.65
90,turntakingC,turntaking,4,C,C,C,C,A,A,A,A,A,A,C,C,C,A,A,A,C,C,C,A,0.65
90,turntakingB,turntaking,5,D,D,D,D,D,D,D,D,D,D,D,D,D,D,D,D,D,D,D,D,0.65
90,equalizeC,equalize,6,skip,D,B,B,D,E,B,D,E,B,D,E,B,D,E,B,D,E,B,D,0.6
91,random3C,random3,1,D,D,E,A,A,E,E,E,E,E,E,E,E,D,A,A,A,A,A,A,0.4
91,random3C,random3,2,D,D,D,D,D,D,D,D,D,D,D,D,D,D,C,D,D,D,D,D,0.75
91,random3B,random3,3,A,A,E,E,E,E,E,B,B,B,B,B,B,B,B,B,B,B,B,B,0.6
91,random3A,random3,4,A,A,C,C,C,C,C,C,C,C,C,C,C,C,C,C,C,C,C,C,0.6
91,random3A,random3,5,B,B,B,B,B,B,B,B,B,E,E,B,E,E,E,E,E,E,E,E,0.7
91,random3B,random3,6,A,A,A,A,A,C,A,A,A,A,A,A,A,A,A,D,C,C,C,C,0.45
92,radicaleqC,radicaleq,1,A,B,A,E,B,D,D,B,D,B,A,skip,E,skip,E,E,B,D,D,E,0.5
92,rotateB,rotate,2,B,C,D,E,skip,A,B,C,D,E,skip,A,B,C,D,E,skip,A,B,C,0.55
92,radicaleqB,radicaleq,3,C,D,E,skip,E,skip,E,skip,E,skip,skip,E,A,A,C,B,E,skip,skip,D,0.55
92,rotateA,rotate,4,D,E,skip,A,B,C,D,E,skip,A,B,C,D,E,skip,A,B,C,D,E,0.45
92,radicaleqA,radicaleq,5,E,skip,B,C,D,A,C,A,C,A,C,C,B,D,B,D,D,C,A,C,0.35
92,rotateC,rotate,6,skip,A,B,C,D,E,skip,A,B,C,D,E,skip,A,B,C,D,E,skip,A,0.4
93,random3C,random3,1,A,A,A,E,E,E,E,E,E,E,E,E,E,E,E,E,E,E,E,E,0.85
93,challengerA,challenger,2,A,A,A,A,A,A,A,A,A,A,A,A,A,A,A,A,A,A,A,A,0.0
93,random3A,random3,3,B,C,C,C,C,C,C,C,C,C,C,C,C,C,C,C,C,C,C,C,0.95
93,random3B,random3,4,B,D,D,D,D,D,D,D,D,D,D,D,D,D,D,D,D,D,D,D,0.95
93,challengerB,challenger,5,A,A,A,A,A,A,A,A,A,A,A,A,A,A,A,A,A,A,A,A,0.0
93,challengerC,challenger,6,A,A,A,A,A,A,A,A,A,A,A,A,A,A,A,A,A,A,A,A,0.0
94,rotateC,rotate,1,A,B,C,D,E,skip,A,B,C,D,E,skip,A,B,C,D,E,skip,A,B,0.5
94,rotate0A,rotate0,2,B,B,B,B,B,B,B,B,B,B,B,B,B,B,B,B,B,B,B,B,0.5
94,rotate0C,rotate0,3,C,C,C,C,C,C,C,C,C,C,C,C,C,C,C,C,C,C,C,C,0.55
94,rotateA,rotate,4,D,E,skip,A,B,C,D,E,skip,A,B,C,D,E,skip,A,B,C,D,E,0.55
94,rotateB,rotate,5,E,skip,A,B,C,D,E,skip,A,B,C,D,E,skip,A,B,C,D,E,skip,0.5
94,rotate0B,rotate0,6,skip,skip,skip,skip,skip,skip,skip,skip,skip,skip,skip,skip,skip,skip,skip,skip,skip,skip,skip,skip,0.0
95,challengerC,challenger,1,A,A,A,A,A,A,A,A,A,A,A,A,A,A,A,A,A,A,A,A,0.0
95,challengerA,challenger,2,A,A,A,A,A,A,A,A,A,A,A,A,A,A,A,A,A,A,A,A,0.0
95,challengerB,challenger,3,A,A,A,A,A,A,A,A,A,A,A,A,A,A,A,A,A,A,A,A,0.0
95,challengerB,challenger,4,A,A,A,A,A,A,A,A,A,A,A,A,A,A,A,A,A,A,A,A,0.0
95,challengerC,challenger,5,A,A,A,A,A,A,A,A,A,A,A,A,A,A,A,A,A,A,A,A,0.0
95,challengerA,challenger,6,A,A,A,A,A,A,A,A,A,A,A,A,A,A,A,A,A,A,A,A,0.0
96,turntakingB,turntaking,1,skip,B,D,D,C,A,C,D,E,D,A,A,A,A,A,C,E,D,E,D,0.75
96,randomA,random,2,D,E,B,C,D,skip,B,E,A,D,skip,B,C,skip,B,skip,B,B,B,B,0.45
96,turntakingC,turntaking,3,B,A,E,E,A,E,D,A,D,C,D,D,D,D,D,E,D,C,D,E,0.65
96,randomB,random,4,D,A,skip,C,skip,E,C,B,C,C,B,skip,B,B,B,C,A,A,A,E,0.3
96,turntakingA,turntaking,5,D,E,A,A,D,D,A,C,A,E,E,E,E,E,E,A,A,E,A,A,0.55
96,randomC,random,6,E,A,E,C,C,B,E,skip,A,A,D,C,E,skip,B,A,C,E,D,skip,0.3
97,randomC,random,1,E,C,D,D,B,skip,D,B,C,E,B,A,C,skip,C,D,A,D,B,D,0.15
97,equalizeA,equalize,2,B,C,A,E,B,E,E,A,D,D,D,A,D,C,A,A,C,A,A,D,0.6
97,equalizeB,equalize,3,C,E,C,A,C,C,B,E,C,A,B,D,C,D,D,D,B,D,D,C,0.55
97,equalizeC,equalize,4,D,A,B,C,E,B,C,C,A,E,A,E,B,B,C,B,A,B,C,B,0.55
97,randomA,random,5,E,A,D,skip,D,B,E,E,E,A,B,E,E,E,skip,D,C,E,D,B,0.15
97,randomB,random,6,D,D,A,B,A,A,B,B,C,skip,C,A,E,E,E,E,E,B,A,skip,0.4
98,equalizeA,equalize,1,A,C,D,C,C,E,C,C,D,C,C,E,C,C,B,C,C,E,C,C,0.95
98,equalizeB,equalize,2,B,D,E,D,D,D,E,E,E,D,B,B,E,E,E,B,D,D,E,B,1.0
98,challengerB,challenger,3,A,A,A,A,A,A,A,A,A,A,A,A,A,A,A,A,A,A,A,A,0.0
98,challengerC,challenger,4,A,A,A,A,A,A,A,A,A,A,A,A,A,A,A,A,A,A,A,A,0.0
98,equalizeC,equalize,5,E,B,B,E,B,B,D,B,B,E,D,D,B,D,D,E,B,B,D,E,1.0
98,challengerA,challenger,6,A,A,A,A,A,A,A,A,A,A,A,A,A,A,A,A,A,A,A,A,0.0
99,equalizeB,equalize,1,A,B,A,C,D,skip,A,C,D,B,E,skip,D,C,B,E,A,skip,D,B,0.85
99,equalizeB,equalize,2,B,C,D,E,skip,A,C,D,B,E,skip,D,C,B,E,A,skip,D,B,C,0.85
99,equalizeC,equalize,3,C,D,E,skip,A,C,D,B,E,skip,D,C,B,E,A,skip,D,B,C,E,0.85
99,equalizeA,equalize,4,D,E,skip,A,C,D,B,E,skip,D,C,B,E,A,skip,D,B,C,E,A,0.85
99,equalizeC,equalize,5,E,skip,B,B,B,B,E,skip,C,C,B,E,A,skip,D,B,C,E,A,skip,0.8
99,equalizeA,equalize,6,skip,A,C,D,E,E,skip,A,A,A,A,A,skip,D,C,C,E,A,skip,D,0.8
100,randomC,random,1,skip,C,A,C,E,A,B,C,skip,A,C,E,B,B,skip,D,E,B,B,E,0.35
100,randomA,random,2,skip,D,D,E,A,B,B,D,A,B,B,skip,A,D,D,D,skip,C,D,skip,0.2
100,randomA,random,3,A,A,C,E,D,E,skip,E,A,B,E,E,B,D,B,E,B,A,E,E,0.25
100,randomB,random,4,skip,D,B,B,A,skip,A,D,D,C,D,D,A,D,C,skip,B,D,C,E,0.45
100,randomB,random,5,skip,B,B,D,E,E,C,skip,skip,E,skip,E,A,skip,A,A,D,A,E,D,0.35
100,randomC,random,6,A,skip,B,C,D,B,D,E,skip,skip,C,skip,C,B,skip,D,D,C,B,C,0.15
101,casteC,caste,1,A,A,C,C,B,C,C,D,E,C,B,C,C,D,E,A,A,C,D,D,0.45
101,rotateA,rotate,2,B,C,D,E,skip,A,B,C,D,E,skip,A,B,C,D,E,skip,A,B,C,0.65
101,rotateC,rotate,3,C,D,E,skip,A,B,C,D,E,skip,A,B,C,D,E,skip,A,B,C,D,0.05
101,casteA,caste,4,D,D,E,B,D,E,A,C,D,E,D,E,B,E,A,D,C,B,A,E,0.45
101,casteB,caste,5,E,E,B,A,A,B,D,E,B,A,A,B,D,A,B,C,B,E,C,A,0.4
101,rotateB,rotate,6,skip,A,B,C,D,E,skip,A,B,C,D,E,skip,A,B,C,D,E,skip,A,0.1
102,equalizeB,equalize,1,A,B,A,C,D,skip,A,C,D,B,E,skip,D,C,B,E,A,skip,D,B,0.85
102,equalizeC,equalize,2,B,C,D,E,skip,A,C,D,B,E,skip,D,C,B,E,A,skip,D,B,C,0.85
102,equalizeA,equalize,3,C,D,E,skip,A,C,D,B,E,skip,D,C,B,E,A,skip,D,B,C,E,0.85
102,equalizeC,equalize,4,D,E,skip,A,C,D,B,E,skip,D,C,B,E,A,skip,D,B,C,E,A,0.85
102,equalizeB,equalize,5,E,skip,B,B,B,B,E,skip,C,C,B,E,A,skip,D,B,C,E,A,skip,0.8
102,equalizeA,equalize,6,skip,A,C,D,E,E,skip,A,A,A,A,A,skip,D,C,C,E,A,skip,D,0.8
103,randomC,random,1,B,skip,A,C,E,skip,A,A,A,B,C,skip,D,E,D,C,B,B,skip,skip,0.25
103,random3B,random3,2,B,B,B,B,B,B,C,C,C,C,C,B,B,B,A,A,A,A,A,A,0.45
103,random3A,random3,3,D,D,D,D,D,D,D,D,D,D,D,D,D,D,D,D,D,D,D,D,0.65
103,randomB,random,4,B,B,E,B,B,D,B,A,E,D,A,E,D,B,C,E,C,C,A,C,0.2
103,random3C,random3,5,D,D,E,E,E,E,E,E,E,E,E,B,C,C,C,C,C,C,C,C,0.4
103,randomA,random,6,D,D,D,C,E,B,skip,C,E,B,E,skip,E,B,A,B,B,C,B,E,0.2
104,randomA,random,1,A,B,B,E,A,C,B,C,skip,E,skip,C,D,skip,D,D,A,C,D,B,0.35
104,randomB,random,2,A,A,D,E,D,B,D,A,B,E,C,E,E,B,D,skip,B,B,skip,B,0.45
104,randomC,random,3,skip,A,skip,E,C,C,B,D,E,C,A,skip,C,D,D,C,B,D,B,D,0.35
104,radicaleqB,radicaleq,4,D,A,E,A,skip,A,skip,E,skip,A,skip,A,skip,skip,A,E,skip,E,skip,E,0.55
104,radicaleqC,radicaleq,5,E,skip,A,skip,E,skip,E,A,E,D,E,skip,D,D,D,D,D,D,A,A,0.45
104,radicaleqA,radicaleq,6,skip,E,skip,D,A,E,A,skip,A,skip,A,D,E,E,E,skip,E,skip,E,skip,0.5
105,casteC,caste,1,A,D,A,E,B,A,B,A,A,A,A,A,A,A,A,A,E,E,E,E,0.7
105,random3C,random3,2,A,A,A,A,A,A,B,B,B,B,D,D,D,C,C,E,A,A,A,A,0.25
105,random3A,random3,3,B,D,D,D,D,D,D,D,D,D,D,D,D,D,D,D,D,D,D,D,0.6
105,random3B,random3,4,B,B,B,B,B,E,B,B,B,B,E,B,B,B,B,B,B,B,B,B,0.55
105,casteA,caste,5,E,C,C,C,C,E,C,C,C,C,C,C,C,C,C,C,C,C,C,C,0.85
105,casteB,caste,6,skip,E,E,D,D,C,E,E,E,E,E,E,E,E,E,E,A,A,D,B,0.55
106,randomB,random,1,E,C,skip,A,E,D,A,skip,E,D,D,D,A,skip,D,E,C,C,C,C,0.3
106,randomC,random,2,skip,C,E,skip,E,B,skip,D,D,C,B,skip,D,A,A,D,C,E,skip,C,0.2
106,turntakingC,turntaking,3,B,B,B,D,D,B,B,E,B,E,C,E,C,E,C,E,C,B,C,D,0.65
106,randomA,random,4,D,A,B,D,C,B,C,A,C,B,B,C,B,D,C,A,skip,skip,E,C,0.35
106,turntakingB,turntaking,5,D,E,E,E,E,D,D,D,D,D,B,B,B,B,B,D,B,D,B,B,0.5
106,turntakingA,turntaking,6,E,D,D,B,B,C,E,B,E,B,E,D,E,D,E,B,E,E,E,E,0.65
107,radicaleqB,radicaleq,1,A,D,A,skip,B,C,B,B,A,B,B,C,A,C,skip,C,B,B,B,B,0.5
107,radicaleqA,radicaleq,2,B,C,D,E,D,D,A,A,B,A,A,A,B,skip,B,B,C,skip,C,skip,0.5
107,randomC,random,3,C,C,D,E,C,A,E,C,B,skip,E,B,E,E,skip,skip,D,E,D,E,0.45
107,randomB,random,4,B,skip,C,skip,skip,C,D,B,skip,B,C,C,skip,E,E,C,skip,skip,skip,C,0.2
107,radicaleqC,radicaleq,5,E,skip,skip,B,C,B,C,C,C,C,skip,skip,C,A,C,skip,skip,C,skip,C,0.45
107,randomA,random,6,A,C,B,A,E,E,skip,C,E,A,E,E,C,E,B,C,B,B,A,D,0.4
108,equalizeB,equalize,1,A,C,D,D,C,D,D,C,D,D,B,E,E,E,D,B,C,D,B,C,0.65
108,equalizeA,equalize,2,B,D,B,C,D,E,E,D,B,B,C,D,D,D,B,E,D,B,E,D,0.65
108,random3C,random3,3,B,C,B,B,B,B,B,C,C,C,C,C,C,C,C,C,C,C,C,C,0.5
108,random3B,random3,4,A,A,A,A,A,A,A,A,A,A,A,A,A,A,A,A,A,A,A,A,0.75
108,equalizeC,equalize,5,E,E,E,E,E,C,B,E,C,E,D,B,B,B,E,D,B,A,D,B,0.6
108,random3A,random3,6,A,A,B,C,C,C,E,E,E,E,A,A,C,E,E,E,E,E,E,B,0.15
109,random3B,random3,1,D,C,C,C,C,C,C,C,E,E,E,E,E,E,E,E,E,E,E,E,0.85
109,random3C,random3,2,D,D,D,D,D,D,D,D,D,D,D,D,D,D,B,B,B,B,B,B,0.5
109,random3A,random3,3,B,B,E,B,B,B,E,C,C,C,C,C,C,C,C,C,C,C,C,C,0.6
109,random3C,random3,4,A,A,A,A,A,A,A,A,A,A,A,D,D,D,D,D,D,D,D,D,0.6
109,random3A,random3,5,A,A,A,B,B,E,E,E,E,A,A,A,A,A,A,A,A,A,A,A,0.55
109,random3B,random3,6,B,B,E,B,B,B,B,B,B,B,B,B,B,B,B,B,B,B,B,B,0.4
110,casteC,caste,1,A,A,A,A,A,A,A,A,A,A,A,A,A,A,C,D,D,D,D,D,1.0
110,rotate0B,rotate0,2,B,B,B,B,B,B,B,B,B,B,B,B,B,B,B,B,B,B,B,B,0.95
110,casteB,caste,3,C,C,C,C,C,C,C,C,C,C,C,C,C,E,B,A,A,A,A,A,0.9
110,casteA,caste,4,D,D,D,D,D,D,D,D,D,D,D,D,D,D,A,C,C,C,C,C,1.0
110,rotate0C,rotate0,5,E,E,E,E,E,E,E,E,E,E,E,E,E,E,E,E,E,E,E,E,0.95
110,rotate0A,rotate0,6,skip,skip,skip,skip,skip,skip,skip,skip,skip,skip,skip,skip,skip,skip,skip,skip,skip,skip,skip,skip,0.0
111,radicaleqA,radicaleq,1,A,E,B,D,B,D,B,D,C,A,A,B,A,B,A,B,A,B,A,B,0.5
111,radicaleqB,radicaleq,2,B,D,C,A,C,A,C,A,B,skip,B,D,E,D,E,D,E,D,E,D,0.5
111,turntakingB,turntaking,3,B,B,B,C,C,E,E,C,A,C,C,C,C,C,C,C,C,C,C,C,0.5
111,turntakingC,turntaking,4,C,C,C,E,E,C,C,E,E,B,B,E,E,E,E,E,E,E,E,E,0.5
111,radicaleqC,radicaleq,5,E,C,A,E,A,E,A,E,A,D,D,C,D,C,D,C,D,C,D,C,0.45
111,turntakingA,turntaking,6,E,E,E,B,B,B,B,B,C,E,E,B,B,B,B,B,B,B,B,B,0.5
112,random3A,random3,1,D,D,D,D,D,D,D,D,D,D,D,C,C,C,C,C,C,C,C,C,0.6
112,random3B,random3,2,C,A,A,A,A,A,A,A,A,A,A,A,A,D,D,D,D,D,D,D,0.6
112,equalizeB,equalize,3,C,A,B,E,B,A,E,B,A,E,B,C,E,B,A,E,B,B,B,E,0.65
112,equalizeC,equalize,4,D,B,A,B,D,E,B,D,E,B,D,E,B,C,E,B,E,E,E,A,0.6
112,random3C,random3,5,C,C,C,C,C,C,C,C,C,C,D,D,D,D,A,E,E,A,A,A,0.5
112,equalizeA,equalize,6,skip,E,D,A,E,B,C,E,B,C,E,B,A,E,B,A,A,A,C,B,0.6
113,casteB,caste,1,A,A,A,A,A,A,A,A,A,A,A,A,A,A,A,E,E,B,B,B,1.0
113,casteA,caste,2,B,B,B,B,B,B,B,B,B,B,B,B,B,C,D,A,C,E,E,C,0.8
113,rotate0C,rotate0,3,C,C,C,C,C,C,C,C,C,C,C,C,C,C,C,C,C,C,C,C,0.85
113,rotate0B,rotate0,4,D,D,D,D,D,D,D,D,D,D,D,D,D,D,D,D,D,D,D,D,0.95
113,casteC,caste,5,E,E,E,E,E,E,E,E,E,E,E,E,E,B,E,B,B,A,A,A,1.0
113,rotate0A,rotate0,6,skip,skip,skip,skip,skip,skip,skip,skip,skip,skip,skip,skip,skip,skip,skip,skip,skip,skip,skip,skip,0.0
114,randomB,random,1,skip,D,D,A,C,skip,E,C,A,A,D,D,C,D,E,E,A,C,B,D,0.2
114,randomC,random,2,B,skip,C,A,A,C,skip,skip,skip,D,skip,B,B,skip,A,A,skip,D,D,E,0.25
114,random3C,random3,3,A,A,B,E,B,B,B,D,D,D,D,D,D,D,D,D,D,D,D,D,0.4
114,randomA,random,4,A,D,B,E,C,skip,B,B,E,D,B,D,E,C,A,skip,A,E,skip,B,0.3
114,random3B,random3,5,C,C,C,C,C,C,C,C,C,C,C,C,C,C,C,C,C,C,C,C,0.65
114,random3A,random3,6,A,A,A,A,A,A,A,A,A,A,A,A,A,A,A,B,B,B,B,A,0.6
115,randomA,random,1,E,C,A,A,B,E,E,C,B,B,C,A,E,D,E,skip,E,A,E,E,0.35
115,randomB,random,2,C,C,D,D,skip,C,skip,E,E,E,C,B,C,skip,A,C,skip,D,B,B,0.05
115,randomC,random,3,D,E,B,D,C,C,C,B,E,E,A,A,A,skip,A,E,B,C,skip,A,0.2
115,turntakingB,turntaking,4,C,C,D,E,C,D,B,B,C,D,B,A,D,D,D,D,B,D,D,B,0.5
115,turntakingC,turntaking,5,D,E,E,C,B,E,D,D,D,B,D,B,C,C,C,C,D,C,C,D,0.55
115,turntakingA,turntaking,6,E,D,B,D,E,C,E,E,E,C,C,D,E,E,E,E,C,E,E,C,0.4
116,turntakingC,turntaking,1,skip,E,C,B,A,A,skip,E,E,E,E,E,skip,B,C,C,A,E,skip,B,0.8
116,turntakingC,turntaking,2,A,skip,D,D,D,D,A,skip,C,C,D,A,E,skip,B,D,C,A,E,skip,0.8
116,turntakingA,turntaking,3,B,A,skip,E,C,B,D,A,skip,B,C,D,A,E,skip,B,D,C,A,E,0.85
116,turntakingA,turntaking,4,C,B,A,skip,E,C,B,D,A,skip,B,C,D,A,E,skip,B,D,C,A,0.85
116,turntakingB,turntaking,5,D,C,B,A,skip,E,C,B,D,A,skip,B,C,D,A,E,skip,B,D,C,0.85
116,turntakingB,turntaking,6,E,D,E,C,B,skip,E,C,B,D,A,skip,B,C,D,A,E,skip,B,D,0.85
117,turntakingC,turntaking,1,skip,E,E,D,D,D,D,E,D,A,C,E,A,D,D,D,D,D,D,E,0.4
117,turntakingB,turntaking,2,A,B,B,B,B,B,B,D,B,E,A,D,E,B,E,B,B,B,B,D,0.25
117,turntakingA,turntaking,3,B,D,D,E,E,E,E,A,E,C,B,A,C,E,A,E,E,A,E,A,0.45
117,radicaleqB,radicaleq,4,D,E,B,A,D,E,E,E,E,E,A,A,A,A,A,A,A,D,A,E,0.3
117,radicaleqC,radicaleq,5,E,skip,D,B,C,D,D,D,D,D,D,D,E,E,D,E,D,C,E,A,0.25
117,radicaleqA,radicaleq,6,skip,A,A,skip,B,B,B,B,B,B,B,B,B,B,B,skip,skip,B,B,D,0.35
118,random3A,random3,1,D,E,E,E,E,E,E,E,E,E,E,C,C,C,C,C,C,C,C,C,0.6
118,random3C,random3,2,D,D,D,D,D,A,D,D,D,D,D,D,D,D,A,A,A,E,E,A,0.5
118,randomB,random,3,C,E,A,skip,skip,skip,B,E,C,E,E,A,skip,D,skip,skip,skip,B,E,A,0.1
118,randomA,random,4,A,C,skip,skip,C,A,C,C,A,skip,B,A,E,A,D,D,D,B,D,C,0.55
118,randomC,random,5,B,skip,C,A,D,skip,C,E,C,C,D,skip,C,E,C,B,A,A,A,C,0.35
118,random3B,random3,6,D,D,D,B,B,B,B,B,B,B,B,B,B,B,B,B,B,B,B,B,0.65
119,equalizeC,equalize,1,A,B,A,C,D,skip,A,C,D,B,E,skip,D,C,B,E,A,skip,D,B,0.85
119,radicaleqA,radicaleq,2,B,C,D,E,skip,A,C,D,B,E,skip,D,C,B,E,A,skip,D,B,C,0.85
119,equalizeA,equalize,3,C,D,E,skip,A,C,D,B,E,skip,D,C,B,E,A,skip,D,B,C,E,0.85
119,radicaleqC,radicaleq,4,D,E,skip,A,C,D,B,E,skip,D,C,B,E,A,skip,D,B,C,E,A,0.85
119,radicaleqB,radicaleq,5,E,skip,B,B,B,B,E,skip,C,C,B,E,A,skip,D,B,C,E,A,skip,0.8
119,equalizeB,equalize,6,skip,A,C,D,E,E,skip,A,A,A,A,A,skip,D,C,C,E,A,skip,D,0.8
120,equalizeC,equalize,1,A,B,D,E,D,B,E,D,B,E,D,B,E,D,B,E,D,B,E,D,0.65
120,turntakingB,turntaking,2,A,A,A,A,A,A,A,A,A,A,A,A,A,A,A,A,A,A,A,A,0.6
120,equalizeB,equalize,3,C,D,C,D,B,C,D,B,C,D,B,C,D,B,C,D,B,C,D,B,0.65
120,turntakingA,turntaking,4,C,C,C,C,C,C,C,C,C,C,C,C,C,C,C,C,C,C,C,C,0.65
120,equalizeA,equalize,5,E,A,B,B,A,D,B,A,D,B,A,D,B,A,D,B,A,D,B,A,0.6
120,turntakingC,turntaking,6,E,E,E,E,E,E,E,E,E,E,E,E,E,E,E,E,E,E,E,E,0.65
121,radicaleqC,radicaleq,1,A,B,A,D,skip,A,D,skip,A,D,skip,A,D,skip,A,D,skip,A,D,skip,0.35
121,challengerB,challenger,2,A,A,A,A,A,A,A,A,A,A,A,A,A,A,A,A,A,A,A,A,0.0
121,challengerA,challenger,3,A,A,A,A,A,A,A,A,A,A,A,A,A,A,A,A,A,A,A,A,0.0
121,radicaleqB,radicaleq,4,D,skip,skip,A,D,skip,A,D,skip,A,D,skip,A,D,skip,A,D,skip,A,D,0.35
121,challengerC,challenger,5,A,A,A,A,A,A,A,A,A,A,A,A,A,A,A,A,A,A,A,A,0.0
121,radicaleqA,radicaleq,6,skip,A,D,skip,A,D,skip,A,D,skip,A,D,skip,A,D,skip,A,D,skip,A,0.3
122,casteB,caste,1,A,D,B,C,C,E,E,E,E,D,B,A,A,D,A,A,A,A,C,B,0.5
122,casteA,caste,2,B,E,E,D,D,B,B,D,B,A,D,C,D,E,D,C,D,D,D,D,0.55
122,randomC,random,3,A,skip,E,E,A,A,C,B,B,C,skip,C,C,E,B,B,C,A,C,B,0.15
122,randomB,random,4,A,D,C,skip,A,A,B,D,C,D,D,B,skip,D,B,skip,E,skip,E,D,0.05
122,casteC,caste,5,E,C,C,A,A,D,D,B,C,E,E,B,E,B,C,E,C,B,A,C,0.5
122,randomA,random,6,B,D,B,E,C,C,skip,A,skip,C,E,skip,A,B,skip,E,E,A,A,E,0.15
123,radicaleqA,radicaleq,1,A,C,A,B,skip,A,B,skip,A,B,skip,A,B,skip,A,B,skip,A,B,skip,0.35
123,radicaleqC,radicaleq,2,B,skip,skip,A,B,skip,A,B,skip,A,B,skip,A,B,skip,A,B,skip,A,B,0.35
123,challengerC,challenger,3,A,A,A,A,A,A,A,A,A,A,A,A,A,A,A,A,A,A,A,A,0.0
123,challengerA,challenger,4,A,A,A,A,A,A,A,A,A,A,A,A,A,A,A,A,A,A,A,A,0.0
123,challengerB,challenger,5,A,A,A,A,A,A,A,A,A,A,A,A,A,A,A,A,A,A,A,A,0.0
123,radicaleqB,radicaleq,6,skip,A,B,skip,A,B,skip,A,B,skip,A,B,skip,A,B,skip,A,B,skip,A,0.3
124,rotateA,rotate,1,A,B,C,D,E,skip,A,B,C,D,E,skip,A,B,C,D,E,skip,A,B,0.35
124,rotateC,rotate,2,B,C,D,E,skip,A,B,C,D,E,skip,A,B,C,D,E,skip,A,B,C,0.1
124,random3B,random3,3,E,E,E,E,E,C,C,C,E,A,A,B,B,D,E,E,E,C,C,C,0.45
124,random3A,random3,4,A,C,A,A,A,A,A,A,E,A,A,A,A,D,D,A,A,A,A,A,0.25
124,random3C,random3,5,D,D,D,B,B,B,B,B,E,E,E,C,C,C,C,C,B,B,B,B,0.45
124,rotateB,rotate,6,skip,A,B,C,D,E,skip,A,B,C,D,E,skip,A,B,C,D,E,skip,A,0.65
125,rotateC,rotate,1,A,B,C,D,E,skip,A,B,C,D,E,skip,A,B,C,D,E,skip,A,B,0.35
125,turntakingA,turntaking,2,A,A,A,B,C,C,C,C,B,B,B,C,C,C,A,A,B,B,B,A,0.55
125,turntakingB,turntaking,3,B,C,B,E,A,A,A,A,C,C,C,B,B,B,C,C,C,C,C,C,0.5
125,turntakingC,turntaking,4,C,E,C,C,B,B,B,B,E,E,A,A,A,A,E,B,A,A,A,B,0.6
125,rotateA,rotate,5,E,skip,A,B,C,D,E,skip,A,B,C,D,E,skip,A,B,C,D,E,skip,0.4
125,rotateB,rotate,6,skip,A,B,C,D,E,skip,A,B,C,D,E,skip,A,B,C,D,E,skip,A,0.35
126,random3C,random3,1,E,E,E,E,E,E,B,B,B,E,E,E,E,E,E,E,E,E,E,E,0.4
126,casteB,caste,2,B,A,B,D,C,C,A,B,B,C,B,B,C,A,B,B,B,C,B,C,0.25
126,casteA,caste,3,C,D,A,A,A,D,D,D,D,D,D,D,D,D,D,D,D,D,D,D,0.9
126,random3B,random3,4,B,A,A,D,E,E,E,E,E,E,E,E,E,E,C,C,C,C,C,C,0.35
126,casteC,caste,5,E,B,E,B,B,A,B,A,A,A,A,A,A,B,A,A,A,A,A,A,0.8
126,random3A,random3,6,C,C,C,C,C,C,C,C,C,C,C,C,C,B,B,B,B,B,B,B,0.5
127,randomA,random,1,D,D,skip,B,skip,E,D,A,C,skip,C,E,E,C,D,C,E,A,B,A,0.45
127,randomB,random,2,C,E,E,B,A,E,E,A,B,A,C,B,C,B,A,E,skip,skip,C,skip,0.4
127,randomA,random,3,B,B,B,A,B,E,C,B,E,B,E,D,B,D,A,A,E,C,B,B,0.55
127,randomB,random,4,E,C,skip,skip,A,E,C,A,A,B,D,skip,A,E,A,D,B,skip,A,B,0.4
127,randomC,random,5,A,E,C,D,skip,C,skip,B,B,C,skip,E,D,E,C,B,E,skip,C,E,0.35
127,randomC,random,6,skip,skip,A,C,A,E,C,skip,C,C,skip,skip,skip,skip,C,A,A,E,D,B,0.25
128,radicaleqC,radicaleq,1,A,B,D,D,E,B,B,C,E,B,C,E,B,C,E,B,C,E,B,C,0.4
128,rotate0A,rotate0,2,B,B,B,B,B,B,B,B,B,B,B,B,B,B,B,B,B,B,B,B,0.35
128,rotate0C,rotate0,3,C,C,C,C,C,C,C,C,C,C,C,C,C,C,C,C,C,C,C,C,0.4
128,radicaleqA,radicaleq,4,D,E,skip,E,B,C,E,skip,B,E,skip,B,E,skip,B,E,skip,B,E,skip,0.4
128,radicaleqB,radicaleq,5,E,skip,E,B,C,E,C,E,skip,C,E,skip,C,E,skip,C,E,skip,C,E,0.4
128,rotate0B,rotate0,6,skip,skip,skip,skip,skip,skip,skip,skip,skip,skip,skip,skip,skip,skip,skip,skip,skip,skip,skip,skip,0.0
129,radicaleqA,radicaleq,1,A,E,C,D,E,E,skip,E,D,skip,skip,B,D,C,B,C,skip,B,D,E,0.4
129,radicaleqB,radicaleq,2,B,D,skip,skip,D,D,E,D,skip,C,E,C,B,D,C,D,A,A,E,C,0.4
129,random3C,random3,3,D,C,C,B,B,C,C,C,C,C,C,C,D,D,D,D,D,D,D,D,0.45
129,radicaleqC,radicaleq,4,D,A,E,C,skip,skip,D,skip,B,A,A,A,E,A,E,E,E,E,C,A,0.35
129,random3A,random3,5,D,C,C,B,B,B,B,B,B,B,B,B,B,B,B,E,B,B,B,B,0.45
129,random3B,random3,6,E,E,E,D,D,D,A,A,A,A,A,A,E,A,A,A,A,A,A,A,0.35
130,randomC,random,1,skip,B,A,B,C,skip,B,A,E,C,E,C,B,E,E,skip,E,E,B,A,0.4
130,randomB,random,2,A,C,A,D,skip,D,C,skip,skip,skip,skip,D,C,skip,skip,E,skip,E,skip,D,0.2
130,randomB,random,3,D,D,C,D,skip,E,C,A,C,D,E,B,skip,D,D,B,A,skip,A,A,0.35
130,randomC,random,4,B,E,C,A,skip,skip,C,C,A,skip,C,C,E,D,A,D,A,skip,skip,E,0.5
130,randomA,random,5,C,skip,E,skip,A,A,D,D,skip,skip,D,skip,C,C,B,B,E,B,D,A,0.5
130,randomA,random,6,C,D,A,C,D,D,C,skip,E,skip,E,A,A,skip,E,C,skip,D,skip,D,0.3
131,randomB,random,1,E,C,A,A,D,skip,A,A,A,C,E,D,C,B,A,E,D,D,C,E,0.3
131,turntakingA,turntaking,2,A,A,D,D,C,C,C,E,E,E,D,D,E,E,C,E,D,E,E,D,0.55
131,randomA,random,3,skip,E,B,D,B,B,D,B,skip,skip,D,E,B,skip,C,skip,B,D,C,C,0.3
131,turntakingC,turntaking,4,C,C,E,E,E,D,D,D,D,D,E,E,C,D,E,D,E,C,C,C,0.5
131,turntakingB,turntaking,5,D,D,C,C,D,E,E,C,C,C,C,C,A,C,A,C,C,A,A,E,0.75
131,randomC,random,6,E,skip,E,skip,D,B,C,D,E,E,A,D,A,D,D,A,A,skip,skip,B,0.25
132,rotateC,rotate,1,A,B,C,D,E,skip,A,B,C,D,E,skip,A,B,C,D,E,skip,A,B,0.85
132,rotateB,rotate,2,B,C,D,E,skip,A,B,C,D,E,skip,A,B,C,D,E,skip,A,B,C,0.85
132,rotateC,rotate,3,C,D,E,skip,A,B,C,D,E,skip,A,B,C,D,E,skip,A,B,C,D,0.85
132,rotateB,rotate,4,D,E,skip,A,B,C,D,E,skip,A,B,C,D,E,skip,A,B,C,D,E,0.85
132,rotateA,rotate,5,E,skip,A,B,C,D,E,skip,A,B,C,D,E,skip,A,B,C,D,E,skip,0.8
132,rotateA,rotate,6,skip,A,B,C,D,E,skip,A,B,C,D,E,skip,A,B,C,D,E,skip,A,0.8
133,rotateB,rotate,1,A,B,C,D,E,skip,A,B,C,D,E,skip,A,B,C,D,E,skip,A,B,0.55
133,rotateA,rotate,2,B,C,D,E,skip,A,B,C,D,E,skip,A,B,C,D,E,skip,A,B,C,0.55
133,radicaleqC,radicaleq,3,C,D,E,skip,E,C,C,D,B,A,skip,E,skip,skip,A,A,A,skip,skip,A,0.6
133,radicaleqB,radicaleq,4,D,E,skip,A,A,skip,D,E,E,E,B,skip,E,A,E,E,E,A,D,E,0.6
133,rotateC,rotate,5,E,skip,A,B,C,D,E,skip,A,B,C,D,E,skip,A,B,C,D,E,skip,0.55
133,radicaleqA,radicaleq,6,skip,A,C,B,D,B,E,B,A,C,D,A,C,D,C,D,B,B,B,C,0.45
134,radicaleqC,radicaleq,1,A,B,A,C,D,skip,A,C,D,B,E,skip,D,C,B,E,A,skip,D,B,0.85
134,equalizeB,equalize,2,B,C,D,E,skip,A,C,D,B,E,skip,D,C,B,E,A,skip,D,B,C,0.85
134,radicaleqB,radicaleq,3,C,D,E,skip,A,C,D,B,E,skip,D,C,B,E,A,skip,D,B,C,E,0.85
134,equalizeA,equalize,4,D,E,skip,A,C,D,B,E,skip,D,C,B,E,A,skip,D,B,C,E,A,0.85
134,radicaleqA,radicaleq,5,E,skip,B,B,B,B,E,skip,C,C,B,E,A,skip,D,B,C,E,A,skip,0.8
134,equalizeC,equalize,6,skip,A,C,D,E,E,skip,A,A,A,A,A,skip,D,C,C,E,A,skip,D,0.8
135,rotateB,rotate,1,A,B,C,D,E,skip,A,B,C,D,E,skip,A,B,C,D,E,skip,A,B,0.4
135,rotateC,rotate,2,B,C,D,E,skip,A,B,C,D,E,skip,A,B,C,D,E,skip,A,B,C,0.35
135,turntakingC,turntaking,3,B,B,B,B,B,B,B,B,B,B,A,D,D,A,A,B,B,B,B,B,0.55
135,rotateA,rotate,4,D,E,skip,A,B,C,D,E,skip,A,B,C,D,E,skip,A,B,C,D,E,0.3
135,turntakingB,turntaking,5,D,D,D,D,D,D,D,D,D,D,E,E,E,D,D,D,D,D,D,D,0.5
135,turntakingA,turntaking,6,E,E,E,E,E,E,E,E,E,E,B,B,B,E,E,E,E,E,E,E,0.45
136,random3B,random3,1,D,D,D,D,E,E,E,E,E,E,E,E,E,E,E,E,E,E,E,E,0.8
136,random3C,random3,2,A,A,A,A,A,A,C,A,A,A,A,A,A,A,A,C,C,C,B,B,0.8
136,random3C,random3,3,E,E,E,E,E,A,D,D,D,D,D,C,C,C,B,B,B,E,E,D,0.05
136,random3B,random3,4,C,C,C,C,C,C,C,C,C,C,C,C,C,C,A,A,A,A,A,A,0.65
136,random3A,random3,5,C,C,B,B,B,B,B,B,B,B,B,B,B,B,B,B,B,C,C,C,0.7
136,random3A,random3,6,E,E,E,D,D,D,D,D,D,D,D,D,D,D,D,D,D,D,D,D,0.5
137,radicaleqA,radicaleq,1,A,B,C,C,skip,A,skip,C,skip,D,B,E,D,A,E,B,C,D,A,E,0.3
137,radicaleqB,radicaleq,2,B,C,E,A,A,D,C,D,A,C,E,C,A,C,B,C,D,A,E,B,0.05
137,casteB,caste,3,C,C,E,E,B,B,C,E,B,C,A,C,B,C,D,C,E,A,C,B,0.55
137,casteC,caste,4,D,D,A,A,A,E,B,D,D,B,E,A,A,B,B,D,D,E,E,C,0.6
137,radicaleqC,radicaleq,5,E,skip,D,D,C,skip,A,skip,E,skip,D,skip,E,skip,A,skip,B,skip,D,skip,0.55
137,casteA,caste,6,skip,skip,B,B,E,D,E,B,A,D,B,E,D,A,E,B,C,D,A,E,0.25
138,random3C,random3,1,E,E,E,E,E,E,E,E,C,C,E,E,E,E,E,E,E,E,E,E,0.85
138,rotate0C,rotate0,2,B,B,B,B,B,B,B,B,B,B,B,B,B,B,B,B,B,B,B,B,0.65
138,rotate0A,rotate0,3,C,C,C,C,C,C,C,C,C,C,C,C,C,C,C,C,C,C,C,C,0.75
138,rotate0B,rotate0,4,D,D,D,D,D,D,D,D,D,D,D,D,D,D,D,D,D,D,D,D,0.65
138,random3A,random3,5,A,C,B,B,B,B,B,E,D,D,D,D,A,A,A,A,A,A,A,A,0.35
138,random3B,random3,6,A,A,A,A,A,A,A,A,A,A,A,A,A,B,D,D,D,B,C,C,0.55
139,randomC,random,1,skip,B,D,A,E,C,C,C,E,E,skip,B,C,E,E,C,skip,D,A,D,0.15
139,rotateA,rotate,2,B,C,D,E,skip,A,B,C,D,E,skip,A,B,C,D,E,skip,A,B,C,0.5
139,rotateB,rotate,3,C,D,E,skip,A,B,C,D,E,skip,A,B,C,D,E,skip,A,B,C,D,0.35
139,rotateC,rotate,4,D,E,skip,A,B,C,D,E,skip,A,B,C,D,E,skip,A,B,C,D,E,0.4
139,randomA,random,5,D,B,A,C,D,skip,B,D,skip,A,D,A,C,A,E,skip,C,skip,D,B,0.35
139,randomB,random,6,C,A,D,A,B,D,skip,skip,E,A,A,D,B,C,A,skip,A,C,A,E,0.2
140,radicaleqC,radicaleq,1,A,B,A,C,D,skip,A,C,D,B,E,skip,D,C,B,E,A,skip,D,B,0.85
140,equalizeB,equalize,2,B,C,D,E,skip,A,C,D,B,E,skip,D,C,B,E,A,skip,D,B,C,0.85
140,equalizeA,equalize,3,C,D,E,skip,A,C,D,B,E,skip,D,C,B,E,A,skip,D,B,C,E,0.85
140,radicaleqB,radicaleq,4,D,E,skip,A,C,D,B,E,skip,D,C,B,E,A,skip,D,B,C,E,A,0.85
140,equalizeC,equalize,5,E,skip,B,B,B,B,E,skip,C,C,B,E,A,skip,D,B,C,E,A,skip,0.8
140,radicaleqA,radicaleq,6,skip,A,C,D,E,E,skip,A,A,A,A,A,skip,D,C,C,E,A,skip,D,0.8
141,equalizeC,equalize,1,A,B,A,C,D,skip,A,C,D,B,E,skip,D,C,B,E,A,skip,D,B,0.85
141,radicaleqC,radicaleq,2,B,C,D,E,skip,A,C,D,B,E,skip,D,C,B,E,A,skip,D,B,C,0.85
141,radicaleqA,radicaleq,3,C,D,E,skip,A,C,D,B,E,skip,D,C,B,E,A,skip,D,B,C,E,0.85
141,radicaleqB,radicaleq,4,D,E,skip,A,C,D,B,E,skip,D,C,B,E,A,skip,D,B,C,E,A,0.85
141,equalizeA,equalize,5,E,skip,B,B,B,B,E,skip,C,C,B,E,A,skip,D,B,C,E,A,skip,0.8
141,equalizeB,equalize,6,skip,A,C,D,E,E,skip,A,A,A,A,A,skip,D,C,C,E,A,skip,D,0.8
142,turntakingC,turntaking,1,skip,E,C,B,A,A,skip,E,E,E,E,E,skip,B,C,C,A,E,skip,B,0.8
142,turntakingB,turntaking,2,A,skip,D,D,D,D,A,skip,C,C,D,A,E,skip,B,D,C,A,E,skip,0.8
142,turntakingA,turntaking,3,B,A,skip,E,C,B,D,A,skip,B,C,D,A,E,skip,B,D,C,A,E,0.85
142,turntakingA,turntaking,4,C,B,A,skip,E,C,B,D,A,skip,B,C,D,A,E,skip,B,D,C,A,0.85
142,turntakingB,turntaking,5,D,C,B,A,skip,E,C,B,D,A,skip,B,C,D,A,E,skip,B,D,C,0.85
142,turntakingC,turntaking,6,E,D,E,C,B,skip,E,C,B,D,A,skip,B,C,D,A,E,skip,B,D,0.85
143,random3A,random3,1,D,D,D,D,D,D,D,D,D,D,D,D,D,D,D,C,C,A,B,A,0.75
143,random3B,random3,2,C,C,C,A,A,A,A,A,A,A,A,A,C,C,D,D,D,D,D,D,0.55
143,random3B,random3,3,C,C,C,C,C,C,C,C,B,B,B,B,B,B,B,B,B,B,B,A,0.65
143,random3A,random3,4,A,A,A,A,E,E,E,E,E,E,E,A,A,A,A,A,A,A,A,A,0.55
143,random3C,random3,5,B,B,B,B,B,B,B,B,B,E,E,E,E,E,E,E,E,E,E,E,0.85
143,random3C,random3,6,E,E,E,E,E,E,E,C,C,C,C,C,C,C,D,D,C,C,C,C,0.55
144,casteB,caste,1,A,A,B,D,C,E,A,A,B,B,E,E,D,D,E,A,E,B,C,B,0.4
144,casteA,caste,2,B,B,C,C,B,C,D,C,C,D,D,C,A,B,B,C,D,E,A,A,0.45
144,rotateC,rotate,3,C,D,E,skip,A,B,C,D,E,skip,A,B,C,D,E,skip,A,B,C,D,0.6
144,rotateB,rotate,4,D,E,skip,A,B,C,D,E,skip,A,B,C,D,E,skip,A,B,C,D,E,0.15
144,casteC,caste,5,E,E,D,A,D,B,E,E,A,C,B,A,E,A,C,D,B,C,D,E,0.4
144,rotateA,rotate,6,skip,A,B,C,D,E,skip,A,B,C,D,E,skip,A,B,C,D,E,skip,A,0.0
145,casteC,caste,1,A,A,C,D,E,B,D,C,B,E,A,B,C,D,E,A,B,C,D,E,0.05
145,equalizeA,equalize,2,B,C,E,B,D,C,B,E,A,B,C,D,E,A,B,C,D,E,A,B,0.1
145,equalizeC,equalize,3,C,D,C,D,E,B,D,C,B,E,A,B,C,D,E,A,B,C,D,E,0.05
145,casteA,caste,4,D,D,E,B,D,C,B,E,A,B,C,D,E,A,B,C,D,E,A,B,0.05
145,casteB,caste,5,E,E,B,A,C,A,E,A,D,C,D,E,A,B,C,D,E,A,B,C,0.1
145,equalizeB,equalize,6,skip,A,B,A,C,A,E,A,D,C,D,E,A,B,C,D,E,A,B,C,0.0
146,random3B,random3,1,D,D,D,D,D,D,D,C,D,D,D,D,D,D,D,D,C,C,C,D,0.4
146,random3C,random3,2,A,A,A,A,A,A,A,A,A,A,A,A,A,A,A,A,A,D,A,A,0.6
146,equalizeC,equalize,3,C,C,E,E,C,E,D,E,D,B,E,C,B,E,C,B,E,D,B,E,0.7
146,random3A,random3,4,D,D,B,B,C,C,C,C,C,C,C,C,C,C,C,C,C,C,C,D,0.4
146,equalizeB,equalize,5,E,E,A,C,E,C,E,A,B,E,A,B,E,A,B,E,A,B,E,D,0.65
146,equalizeA,equalize,6,skip,A,C,B,B,B,B,B,E,D,B,E,D,B,E,D,B,E,A,B,0.65
147,equalizeC,equalize,1,A,D,B,D,A,A,E,D,D,D,D,A,D,D,D,D,C,C,D,D,0.75
147,equalizeB,equalize,2,B,E,D,B,D,D,D,A,A,C,B,B,B,B,C,B,D,D,B,B,0.75
147,equalizeA,equalize,3,C,A,A,A,E,C,A,C,B,A,C,C,C,C,A,C,B,B,C,C,0.75
147,random3B,random3,4,B,E,B,B,B,B,E,E,E,E,E,A,A,A,A,B,A,E,E,E,0.25
147,random3C,random3,5,A,E,E,E,E,B,E,E,E,E,E,E,E,B,A,A,A,C,C,A,0.15
147,random3A,random3,6,C,C,C,C,C,C,E,E,E,E,E,E,E,E,E,E,E,E,A,A,0.45
148,casteA,caste,1,A,A,A,A,A,A,A,A,A,A,A,A,A,A,B,C,D,D,D,E,1.0
148,casteC,caste,2,B,B,B,B,B,B,B,B,B,B,B,B,B,C,D,E,E,E,E,D,1.0
148,casteC,caste,3,C,C,C,C,C,C,C,C,C,C,C,C,C,E,E,D,C,C,C,C,1.0
148,casteB,caste,4,D,D,D,D,D,D,D,D,D,D,D,D,D,D,C,B,B,B,B,B,1.0
148,casteA,caste,5,E,E,E,E,E,E,E,E,E,E,E,E,E,B,A,A,A,A,A,A,1.0
148,casteB,caste,6,skip,skip,skip,skip,skip,skip,skip,skip,skip,skip,skip,skip,skip,skip,skip,skip,skip,skip,skip,skip,0.0
149,challengerA,challenger,1,A,A,A,A,A,A,A,A,A,A,A,A,A,A,A,A,A,A,A,A,0.0
149,challengerB,challenger,2,A,A,A,A,A,A,A,A,A,A,A,A,A,A,A,A,A,A,A,A,0.0
149,random3C,random3,3,E,E,E,E,E,E,E,E,E,E,E,E,E,E,E,E,E,E,E,E,1.0
149,challengerC,challenger,4,A,A,A,A,A,A,A,A,A,A,A,A,A,A,A,A,A,A,A,A,0.0
149,random3A,random3,5,C,C,C,C,C,C,C,C,C,C,C,C,C,C,C,C,C,C,C,C,1.0
149,random3B,random3,6,A,A,A,A,B,B,B,B,B,B,B,B,B,B,B,B,B,B,B,B,0.8
150,random3B,random3,1,B,B,C,C,C,C,C,C,C,C,C,C,C,C,C,C,C,C,C,A,0.5
150,radicaleqA,radicaleq,2,B,D,skip,E,A,D,D,A,C,D,E,E,E,A,E,E,B,B,B,A,0.35
150,radicaleqC,radicaleq,3,C,E,D,B,skip,E,E,E,E,B,skip,B,D,C,C,A,D,C,C,D,0.45
150,random3A,random3,4,C,E,E,E,A,D,D,D,D,D,D,D,D,D,D,D,D,D,D,D,0.35
150,random3C,random3,5,B,B,B,A,A,A,A,A,A,A,A,A,A,A,E,E,E,E,E,E,0.45
150,radicaleqB,radicaleq,6,skip,skip,B,D,E,B,B,B,B,skip,D,D,C,B,A,D,C,E,E,E,0.4
151,casteA,caste,1,A,D,D,D,D,D,D,D,D,D,D,D,D,D,D,D,D,D,D,D,1.0
151,casteC,caste,2,B,A,A,A,A,A,A,A,A,C,C,C,C,C,C,C,C,C,C,C,0.8
151,random3B,random3,3,E,E,E,E,E,E,E,A,A,A,C,B,B,B,B,B,B,B,A,E,0.2
151,random3A,random3,4,C,C,C,B,B,C,E,E,E,E,E,E,E,E,E,E,E,E,A,A,0.6
151,random3C,random3,5,B,B,B,B,B,B,B,B,B,B,B,B,B,B,B,B,B,B,A,A,0.4
151,casteB,caste,6,skip,E,C,E,C,C,C,C,C,A,A,A,A,A,A,A,A,E,A,E,0.55
152,turntakingB,turntaking,1,skip,B,E,E,E,E,D,C,C,B,E,E,E,C,B,E,C,B,E,C,0.95
152,challengerA,challenger,2,A,A,A,A,A,A,A,A,A,A,A,A,A,A,A,A,A,A,A,A,0.0
152,turntakingA,turntaking,3,B,C,C,B,D,C,B,B,B,E,B,C,C,B,E,C,B,E,C,B,1.0
152,challengerC,challenger,4,A,A,A,A,A,A,A,A,A,A,A,A,A,A,A,A,A,A,A,A,0.0
152,challengerB,challenger,5,A,A,A,A,A,A,A,A,A,A,A,A,A,A,A,A,A,A,A,A,0.0
152,turntakingC,turntaking,6,E,D,D,C,B,D,C,E,E,D,C,D,B,D,D,D,D,D,D,D,1.0
153,radicaleqC,radicaleq,1,A,B,A,C,D,skip,A,C,D,B,E,skip,D,C,B,E,A,skip,D,B,0.85
153,radicaleqA,radicaleq,2,B,C,D,E,skip,A,C,D,B,E,skip,D,C,B,E,A,skip,D,B,C,0.85
153,radicaleqA,radicaleq,3,C,D,E,skip,A,C,D,B,E,skip,D,C,B,E,A,skip,D,B,C,E,0.85
153,radicaleqB,radicaleq,4,D,E,skip,A,C,D,B,E,skip,D,C,B,E,A,skip,D,B,C,E,A,0.85
153,radicaleqB,radicaleq,5,E,skip,B,B,B,B,E,skip,C,C,B,E,A,skip,D,B,C,E,A,skip,0.8
153,radicaleqC,radicaleq,6,skip,A,C,D,E,E,skip,A,A,A,A,A,skip,D,C,C,E,A,skip,D,0.8
154,challengerB,challenger,1,A,A,A,A,A,A,A,A,A,A,A,A,A,A,A,A,A,A,A,A,0.0
154,challengerA,challenger,2,A,A,A,A,A,A,A,A,A,A,A,A,A,A,A,A,A,A,A,A,0.0
154,equalizeC,equalize,3,C,C,C,C,E,E,D,C,C,E,D,D,C,E,E,D,C,C,E,D,1.0
154,equalizeB,equalize,4,D,D,D,D,C,C,E,D,D,C,E,E,D,C,C,E,D,D,C,E,1.0
154,challengerC,challenger,5,A,A,A,A,A,A,A,A,A,A,A,A,A,A,A,A,A,A,A,A,0.0
154,equalizeA,equalize,6,skip,E,E,E,B,D,B,B,E,B,B,C,B,B,D,B,B,E,B,B,0.95
155,turntakingB,turntaking,1,skip,E,D,B,D,D,D,D,B,B,D,D,B,D,B,B,B,D,D,E,0.4
155,rotateA,rotate,2,B,C,D,E,skip,A,B,C,D,E,skip,A,B,C,D,E,skip,A,B,C,0.3
155,turntakingC,turntaking,3,B,B,E,E,B,B,B,B,E,E,E,E,D,B,D,D,E,E,E,A,0.5
155,rotateB,rotate,4,D,E,skip,A,B,C,D,E,skip,A,B,C,D,E,skip,A,B,C,D,E,0.3
155,turntakingA,turntaking,5,D,D,B,D,E,E,E,E,D,D,B,B,E,E,E,E,D,B,B,C,0.45
155,rotateC,rotate,6,skip,A,B,C,D,E,skip,A,B,C,D,E,skip,A,B,C,D,E,skip,A,0.3
156,challengerA,challenger,1,A,A,A,A,A,A,A,A,A,A,A,A,A,A,A,A,A,A,A,A,0.0
156,challengerC,challenger,2,A,A,A,A,A,A,A,A,A,A,A,A,A,A,A,A,A,A,A,A,0.0
156,equalizeB,equalize,3,C,C,C,C,B,E,B,B,C,B,B,D,B,B,E,B,B,C,B,B,1.0
156,equalizeA,equalize,4,D,D,D,D,C,C,E,D,D,C,E,E,D,C,C,E,D,D,C,E,1.0
156,equalizeC,equalize,5,E,E,E,E,D,D,C,E,E,D,C,C,E,D,D,C,E,E,D,C,1.0
156,challengerB,challenger,6,A,A,A,A,A,A,A,A,A,A,A,A,A,A,A,A,A,A,A,A,0.0
157,challengerA,challenger,1,A,A,A,A,A,A,A,A,A,A,A,A,A,A,A,A,A,A,A,A,0.0
157,challengerB,challenger,2,A,A,A,A,A,A,A,A,A,A,A,A,A,A,A,A,A,A,A,A,0.0
157,challengerB,challenger,3,A,A,A,A,A,A,A,A,A,A,A,A,A,A,A,A,A,A,A,A,0.0
157,challengerC,challenger,4,A,A,A,A,A,A,A,A,A,A,A,A,A,A,A,A,A,A,A,A,0.0
157,challengerA,challenger,5,A,A,A,A,A,A,A,A,A,A,A,A,A,A,A,A,A,A,A,A,0.0
157,challengerC,challenger,6,A,A,A,A,A,A,A,A,A,A,A,A,A,A,A,A,A,A,A,A,0.0
158,radicaleqC,radicaleq,1,A,C,B,C,D,D,D,skip,D,skip,skip,D,E,B,B,skip,B,skip,B,skip,0.45
158,randomC,random,2,B,skip,B,D,D,C,B,B,E,B,D,E,B,E,D,D,skip,E,A,B,0.25
158,randomA,random,3,A,E,B,D,A,A,B,skip,C,B,A,D,skip,B,D,D,A,C,C,A,0.35
158,randomB,random,4,skip,A,E,D,B,skip,B,C,C,B,C,B,D,D,E,B,skip,E,skip,B,0.35
158,radicaleqA,radicaleq,5,E,skip,skip,B,E,skip,B,D,skip,B,E,B,B,E,E,E,D,B,skip,B,0.4
158,radicaleqB,radicaleq,6,skip,E,C,E,skip,B,skip,B,E,E,B,skip,skip,D,D,D,E,E,E,E,0.4
159,radicaleqA,radicaleq,1,A,B,A,B,C,D,C,C,D,C,D,D,D,C,C,C,D,D,C,C,0.45
159,radicaleqB,radicaleq,2,B,C,D,A,B,B,B,B,B,B,B,A,B,A,A,B,B,B,B,A,0.5
159,radicaleqC,radicaleq,3,C,D,E,skip,A,A,A,skip,A,A,A,skip,A,skip,skip,A,A,skip,A,skip,0.5
159,rotateB,rotate,4,D,E,skip,A,B,C,D,E,skip,A,B,C,D,E,skip,A,B,C,D,E,0.5
159,rotateC,rotate,5,E,skip,A,B,C,D,E,skip,A,B,C,D,E,skip,A,B,C,D,E,skip,0.3
159,rotateA,rotate,6,skip,A,B,C,D,E,skip,A,B,C,D,E,skip,A,B,C,D,E,skip,A,0.45
160,turntakingB,turntaking,1,skip,C,C,A,C,E,C,E,C,E,B,A,B,C,B,C,B,A,B,B,0.6
160,turntakingA,turntaking,2,A,A,A,E,A,B,A,B,A,B,D,B,E,A,E,A,E,B,E,E,0.95
160,rotate0C,rotate0,3,C,C,C,C,C,C,C,C,C,C,C,C,C,C,C,C,C,C,C,C,0.5
160,rotate0B,rotate0,4,D,D,D,D,D,D,D,D,D,D,D,D,D,D,D,D,D,D,D,D,0.5
160,turntakingC,turntaking,5,D,D,D,C,D,A,D,A,D,A,A,C,A,D,A,D,A,D,C,A,0.4
160,rotate0A,rotate0,6,skip,skip,skip,skip,skip,skip,skip,skip,skip,skip,skip,skip,skip,skip,skip,skip,skip,skip,skip,skip,0.0
161,challengerB,challenger,1,A,A,A,A,A,A,A,A,A,A,A,A,A,A,A,A,A,A,A,A,0.0
161,challengerA,challenger,2,A,A,A,A,A,A,A,A,A,A,A,A,A,A,A,A,A,A,A,A,0.0
161,randomC,random,3,B,skip,D,C,E,E,skip,D,B,D,A,B,B,C,B,E,D,skip,E,E,0.5
161,randomB,random,4,B,skip,skip,skip,B,B,D,skip,D,skip,D,D,D,skip,skip,D,B,B,A,skip,0.45
161,challengerC,challenger,5,A,A,A,A,A,A,A,A,A,A,A,A,A,A,A,A,A,A,A,A,0.0
161,randomA,random,6,skip,B,E,C,E,skip,D,B,B,A,skip,E,B,B,C,C,A,skip,E,C,0.4
162,random3A,random3,1,E,E,E,E,E,E,E,E,E,E,E,E,E,E,E,E,E,B,E,E,0.55
162,random3B,random3,2,A,D,D,D,D,D,D,D,D,D,D,C,B,D,D,D,D,D,D,D,0.5
162,randomC,random,3,A,skip,B,D,B,B,A,B,B,C,E,A,C,D,D,C,A,B,C,D,0.35
162,random3C,random3,4,A,A,A,A,A,A,A,C,C,A,A,A,A,A,A,A,A,A,A,A,0.6
162,randomA,random,5,B,A,C,A,D,C,B,E,C,E,A,C,B,E,C,C,E,skip,skip,B,0.3
162,randomB,random,6,skip,E,B,A,D,E,A,skip,C,D,D,D,B,C,B,C,C,C,E,skip,0.25
163,casteC,caste,1,A,A,E,C,D,A,C,B,A,D,B,A,E,C,D,B,A,E,C,D,0.05
163,equalizeB,equalize,2,B,C,E,C,D,A,C,B,A,D,B,A,E,C,D,B,A,E,C,D,0.05
163,casteB,caste,3,C,C,D,E,C,B,A,D,B,A,E,C,D,B,A,E,C,D,B,A,0.05
163,casteA,caste,4,D,D,B,A,B,E,D,E,C,E,C,D,B,A,E,C,D,B,A,E,0.1
163,equalizeC,equalize,5,E,skip,D,E,C,B,A,D,B,A,E,C,D,B,A,E,C,D,B,A,0.05
163,equalizeA,equalize,6,skip,A,B,A,B,E,D,E,C,E,C,D,B,A,E,C,D,B,A,E,0.0
164,random3C,random3,1,A,A,A,A,A,A,A,A,A,A,A,A,A,A,A,A,A,A,A,A,0.95
164,random3A,random3,2,B,B,B,B,B,B,B,B,B,B,B,B,C,C,C,C,C,C,C,C,0.65
164,random3C,random3,3,D,D,D,D,D,D,D,D,D,D,D,D,D,D,D,D,D,D,D,D,0.9
164,random3A,random3,4,E,E,E,E,E,E,E,E,E,E,E,E,E,E,E,E,E,E,E,E,0.75
164,random3B,random3,5,C,C,C,C,C,C,C,C,C,E,B,B,B,B,B,B,B,B,D,D,0.5
164,random3B,random3,6,C,C,E,E,E,E,B,A,C,C,C,C,C,C,C,C,B,B,B,B,0.25
165,equalizeB,equalize,1,A,C,E,C,C,D,C,C,E,C,C,D,C,C,B,C,C,D,C,C,0.95
165,equalizeC,equalize,2,B,E,D,E,E,E,D,D,D,E,B,B,D,D,D,B,E,E,D,B,1.0
165,challengerC,challenger,3,A,A,A,A,A,A,A,A,A,A,A,A,A,A,A,A,A,A,A,A,0.0
165,equalizeA,equalize,4,D,B,B,D,B,B,E,B,B,D,E,E,B,E,E,D,B,B,E,D,1.0
165,challengerB,challenger,5,A,A,A,A,A,A,A,A,A,A,A,A,A,A,A,A,A,A,A,A,0.0
165,challengerA,challenger,6,A,A,A,A,A,A,A,A,A,A,A,A,A,A,A,A,A,A,A,A,0.0
166,rotateA,rotate,1,A,B,C,D,E,skip,A,B,C,D,E,skip,A,B,C,D,E,skip,A,B,0.85
166,rotateB,rotate,2,B,C,D,E,skip,A,B,C,D,E,skip,A,B,C,D,E,skip,A,B,C,0.85
166,rotateA,rotate,3,C,D,E,skip,A,B,C,D,E,skip,A,B,C,D,E,skip,A,B,C,D,0.85
166,rotateB,rotate,4,D,E,skip,A,B,C,D,E,skip,A,B,C,D,E,skip,A,B,C,D,E,0.85
166,rotateC,rotate,5,E,skip,A,B,C,D,E,skip,A,B,C,D,E,skip,A,B,C,D,E,skip,0.8
166,rotateC,rotate,6,skip,A,B,C,D,E,skip,A,B,C,D,E,skip,A,B,C,D,E,skip,A,0.8
167,challengerB,challenger,1,A,A,A,A,A,A,A,A,A,A,A,A,A,A,A,A,A,A,A,A,0.0
167,challengerC,challenger,2,A,A,A,A,A,A,A,A,A,A,A,A,A,A,A,A,A,A,A,A,0.0
167,challengerC,challenger,3,A,A,A,A,A,A,A,A,A,A,A,A,A,A,A,A,A,A,A,A,0.0
167,challengerA,challenger,4,A,A,A,A,A,A,A,A,A,A,A,A,A,A,A,A,A,A,A,A,0.0
167,challengerB,challenger,5,A,A,A,A,A,A,A,A,A,A,A,A,A,A,A,A,A,A,A,A,0.0
167,challengerA,challenger,6,A,A,A,A,A,A,A,A,A,A,A,A,A,A,A,A,A,A,A,A,0.0
168,challengerC,challenger,1,A,A,A,A,A,A,A,A,A,A,A,A,A,A,A,A,A,A,A,A,0.0
168,equalizeC,equalize,2,B,B,B,B,E,D,E,E,B,E,E,C,E,E,D,E,E,B,E,E,1.0
168,equalizeA,equalize,3,C,C,C,C,B,B,D,C,C,B,D,D,C,B,B,D,C,C,B,D,1.0
168,equalizeB,equalize,4,D,D,D,D,C,C,B,D,D,C,B,B,D,C,C,B,D,D,C,B,1.0
168,challengerA,challenger,5,A,A,A,A,A,A,A,A,A,A,A,A,A,A,A,A,A,A,A,A,0.0
168,challengerB,challenger,6,A,A,A,A,A,A,A,A,A,A,A,A,A,A,A,A,A,A,A,A,0.0
169,casteA,caste,1,A,A,A,A,A,A,A,A,A,A,A,A,A,A,A,D,D,D,D,D,1.0
169,rotate0C,rotate0,2,B,B,B,B,B,B,B,B,B,B,B,B,B,B,B,B,B,B,B,B,0.85
169,rotate0B,rotate0,3,C,C,C,C,C,C,C,C,C,C,C,C,C,C,C,C,C,C,C,C,0.9
169,casteB,caste,4,D,D,D,D,D,D,D,D,D,D,D,D,D,D,B,A,A,A,A,A,0.95
169,rotate0A,rotate0,5,E,E,E,E,E,E,E,E,E,E,E,E,E,E,E,E,E,E,E,E,0.9
169,casteC,caste,6,skip,skip,skip,skip,skip,skip,skip,skip,skip,skip,skip,skip,skip,skip,C,E,B,C,E,B,0.0
170,challengerB,challenger,1,A,A,A,A,A,A,A,A,A,A,A,A,A,A,A,A,A,A,A,A,0.0
170,challengerA,challenger,2,A,A,A,A,A,A,A,A,A,A,A,A,A,A,A,A,A,A,A,A,0.0
170,rotate0C,rotate0,3,C,C,C,C,C,C,C,C,C,C,C,C,C,C,C,C,C,C,C,C,1.0
170,rotate0B,rotate0,4,D,D,D,D,D,D,D,D,D,D,D,D,D,D,D,D,D,D,D,D,1.0
170,challengerC,challenger,5,A,A,A,A,A,A,A,A,A,A,A,A,A,A,A,A,A,A,A,A,0.0
170,rotate0A,rotate0,6,skip,skip,skip,skip,skip,skip,skip,skip,skip,skip,skip,skip,skip,skip,skip,skip,skip,skip,skip,skip,0.0
171,rotateA,rotate,1,A,B,C,D,E,skip,A,B,C,D,E,skip,A,B,C,D,E,skip,A,B,0.85
171,rotateB,rotate,2,B,C,D,E,skip,A,B,C,D,E,skip,A,B,C,D,E,skip,A,B,C,0.85
171,rotateC,rotate,3,C,D,E,skip,A,B,C,D,E,skip,A,B,C,D,E,skip,A,B,C,D,0.85
171,rotateC,rotate,4,D,E,skip,A,B,C,D,E,skip,A,B,C,D,E,skip,A,B,C,D,E,0.85
171,rotateA,rotate,5,E,skip,A,B,C,D,E,skip,A,B,C,D,E,skip,A,B,C,D,E,skip,0.8
171,rotateB,rotate,6,skip,A,B,C,D,E,skip,A,B,C,D,E,skip,A,B,C,D,E,skip,A,0.8
172,radicaleqB,radicaleq,1,A,E,B,A,skip,B,skip,A,A,B,B,B,B,A,A,E,E,B,B,skip,0.35
172,randomA,random,2,B,A,skip,B,B,skip,D,C,A,skip,skip,A,skip,B,A,C,skip,C,A,B,0.2
172,radicaleqC,radicaleq,3,C,B,skip,B,A,skip,E,B,skip,skip,skip,A,A,skip,skip,skip,A,A,A,E,0.3
172,randomB,random,4,skip,skip,B,D,skip,skip,B,A,B,A,D,B,E,A,B,E,B,B,E,A,0.3
172,radicaleqA,radicaleq,5,E,skip,A,skip,B,E,A,skip,B,A,A,skip,skip,B,B,A,skip,skip,skip,A,0.3
172,randomC,random,6,B,A,E,skip,E,A,D,A,A,B,E,skip,B,skip,D,E,A,A,A,E,0.25
173,casteA,caste,1,A,A,B,C,E,B,A,E,C,D,B,C,E,A,D,B,C,E,A,D,0.1
173,equalizeC,equalize,2,B,C,A,D,A,D,B,A,E,C,D,B,C,E,A,D,B,C,E,A,0.1
173,equalizeB,equalize,3,C,D,B,C,E,B,A,E,C,D,B,C,E,A,D,B,C,E,A,D,0.05
173,casteB,caste,4,D,D,E,B,C,E,C,D,B,A,E,A,D,B,C,E,A,D,B,C,0.05
173,equalizeA,equalize,5,E,skip,E,B,C,E,C,D,B,A,E,A,D,B,C,E,A,D,B,C,0.05
173,casteC,caste,6,skip,skip,A,D,A,D,B,A,E,C,D,B,C,E,A,D,B,C,E,A,0.0
174,casteC,caste,1,A,A,B,B,D,D,D,C,C,C,C,E,E,C,D,C,D,A,A,C,0.5
174,rotateA,rotate,2,B,C,D,E,skip,A,B,C,D,E,skip,A,B,C,D,E,skip,A,B,C,0.15
174,casteA,caste,3,C,C,D,E,E,E,B,A,B,B,D,D,C,A,A,E,C,D,E,A,0.45
174,rotateC,rotate,4,D,E,skip,A,B,C,D,E,skip,A,B,C,D,E,skip,A,B,C,D,E,0.65
174,rotateB,rotate,5,E,skip,A,B,C,D,E,skip,A,B,C,D,E,skip,A,B,C,D,E,skip,0.1
174,casteB,caste,6,skip,skip,A,C,B,A,E,D,A,E,B,A,D,B,B,B,E,E,B,D,0.35
175,rotate0B,rotate0,1,A,A,A,A,A,A,A,A,A,A,A,A,A,A,A,A,A,A,A,A,0.5
175,rotate0C,rotate0,2,B,B,B,B,B,B,B,B,B,B,B,B,B,B,B,B,B,B,B,B,0.55
175,rotateC,rotate,3,C,D,E,skip,A,B,C,D,E,skip,A,B,C,D,E,skip,A,B,C,D,0.35
175,rotate0A,rotate0,4,D,D,D,D,D,D,D,D,D,D,D,D,D,D,D,D,D,D,D,D,0.5
175,rotateB,rotate,5,E,skip,A,B,C,D,E,skip,A,B,C,D,E,skip,A,B,C,D,E,skip,0.35
175,rotateA,rotate,6,skip,A,B,C,D,E,skip,A,B,C,D,E,skip,A,B,C,D,E,skip,A,0.3
176,randomC,random,1,skip,C,A,E,skip,D,C,skip,D,A,C,D,E,C,C,D,C,E,A,D,0.2
176,equalizeB,equalize,2,B,B,D,E,E,D,B,B,B,B,B,B,B,D,D,B,A,A,A,B,0.6
176,equalizeA,equalize,3,C,C,E,C,A,C,E,A,D,A,E,E,C,A,A,A,C,E,B,D,0.6
176,randomB,random,4,A,A,skip,skip,skip,A,D,E,skip,C,B,skip,C,C,D,E,D,C,A,E,0.2
176,equalizeC,equalize,5,E,A,B,B,B,A,C,E,A,E,D,D,E,B,B,E,B,B,D,E,0.6
176,randomA,random,6,D,D,D,C,E,D,C,skip,C,A,skip,A,skip,E,D,B,E,C,A,skip,0.3
177,casteC,caste,1,A,A,A,A,A,A,A,A,A,A,A,A,A,A,B,C,D,D,D,E,1.0
177,casteB,caste,2,B,B,B,B,B,B,B,B,B,B,B,B,B,C,D,E,E,E,E,D,1.0
177,casteB,caste,3,C,C,C,C,C,C,C,C,C,C,C,C,C,E,E,D,C,C,C,C,1.0
177,casteC,caste,4,D,D,D,D,D,D,D,D,D,D,D,D,D,D,C,B,B,B,B,B,1.0
177,casteA,caste,5,E,E,E,E,E,E,E,E,E,E,E,E,E,B,A,A,A,A,A,A,1.0
177,casteA,caste,6,skip,skip,skip,skip,skip,skip,skip,skip,skip,skip,skip,skip,skip,skip,skip,skip,skip,skip,skip,skip,0.0
178,rotate0C,rotate0,1,A,A,A,A,A,A,A,A,A,A,A,A,A,A,A,A,A,A,A,A,1.0
178,rotate0A,rotate0,2,B,B,B,B,B,B,B,B,B,B,B,B,B,B,B,B,B,B,B,B,1.0
178,rotate0B,rotate0,3,C,C,C,C,C,C,C,C,C,C,C,C,C,C,C,C,C,C,C,C,1.0
178,rotate0B,rotate0,4,D,D,D,D,D,D,D,D,D,D,D,D,D,D,D,D,D,D,D,D,1.0
178,rotate0C,rotate0,5,E,E,E,E,E,E,E,E,E,E,E,E,E,E,E,E,E,E,E,E,1.0
178,rotate0A,rotate0,6,skip,skip,skip,skip,skip,skip,skip,skip,skip,skip,skip,skip,skip,skip,skip,skip,skip,skip,skip,skip,0.0
179,turntakingC,turntaking,1,skip,E,D,E,A,E,E,A,A,A,E,E,E,A,A,A,E,E,E,A,0.65
179,turntakingB,turntaking,2,A,B,B,B,B,B,B,B,B,B,B,B,B,B,B,B,B,B,B,B,0.65
179,turntakingA,turntaking,3,B,D,A,A,E,A,A,E,E,E,A,A,A,E,E,E,A,A,A,E,0.7
179,casteB,caste,4,D,C,C,C,C,C,C,C,C,C,C,D,D,D,D,D,D,D,D,D,1.0
179,casteC,caste,5,E,A,E,D,D,D,D,D,D,D,D,C,C,C,C,C,C,C,C,C,1.0
179,casteA,caste,6,skip,B,A,E,B,A,E,B,E,A,B,A,E,B,E,A,B,A,E,B,0.0
180,randomC,random,1,skip,B,skip,D,skip,A,E,E,skip,D,skip,E,B,C,B,C,C,E,E,B,0.25
180,radicaleqB,radicaleq,2,B,D,A,E,E,E,A,A,E,D,A,D,skip,A,E,skip,A,A,A,A,0.35
180,randomB,random,3,A,E,skip,A,D,E,B,C,skip,D,skip,C,C,B,skip,D,D,C,A,A,0.4
180,radicaleqA,radicaleq,4,D,E,C,D,A,skip,skip,E,D,E,skip,E,A,C,C,C,C,C,D,D,0.3
180,randomA,random,5,D,D,A,E,E,E,B,B,E,C,C,A,A,C,C,skip,A,A,B,E,0.25
180,radicaleqC,radicaleq,6,skip,A,skip,skip,D,A,D,skip,A,skip,E,skip,E,skip,A,E,skip,E,E,E,0.35
181,radicaleqB,radicaleq,1,A,B,C,D,E,skip,C,E,skip,C,E,skip,C,E,skip,C,E,skip,C,E,0.4
181,radicaleqA,radicaleq,2,B,C,E,C,D,B,D,C,B,D,C,B,D,C,B,D,C,B,D,C,0.35
181,rotate0C,rotate0,3,C,C,C,C,C,C,C,C,C,C,C,C,C,C,C,C,C,C,C,C,0.35
181,rotate0B,rotate0,4,D,D,D,D,D,D,D,D,D,D,D,D,D,D,D,D,D,D,D,D,0.35
181,radicaleqC,radicaleq,5,E,skip,D,E,skip,D,E,skip,D,E,skip,D,E,skip,D,E,skip,D,E,skip,0.35
181,rotate0A,rotate0,6,skip,skip,skip,skip,skip,skip,skip,skip,skip,skip,skip,skip,skip,skip,skip,skip,skip,skip,skip,skip,0.0
182,randomA,random,1,B,B,E,skip,D,E,D,skip,E,skip,C,B,C,D,C,A,skip,D,C,skip,0.15
182,randomC,random,2,B,skip,C,A,skip,A,D,E,B,C,skip,E,skip,skip,skip,D,E,skip,skip,B,0.3
182,rotateC,rotate,3,C,D,E,skip,A,B,C,D,E,skip,A,B,C,D,E,skip,A,B,C,D,0.5
182,rotateA,rotate,4,D,E,skip,A,B,C,D,E,skip,A,B,C,D,E,skip,A,B,C,D,E,0.5
182,rotateB,rotate,5,E,skip,A,B,C,D,E,skip,A,B,C,D,E,skip,A,B,C,D,E,skip,0.6
182,randomB,random,6,A,B,skip,B,E,D,D,B,D,A,B,E,A,E,E,C,D,skip,B,B,0.4
183,equalizeA,equalize,1,A,C,D,A,C,D,D,A,A,A,A,D,D,D,D,B,B,A,D,B,0.6
183,equalizeB,equalize,2,B,A,A,B,D,A,A,D,D,D,E,A,B,B,A,E,A,C,B,A,0.6
183,random3C,random3,3,C,C,C,E,C,C,C,C,C,C,C,C,C,C,C,C,C,C,C,C,0.7
183,equalizeC,equalize,4,D,E,C,D,A,E,E,E,E,B,D,B,A,E,B,D,E,B,A,E,0.55
183,random3A,random3,5,B,B,B,B,B,B,B,B,B,B,E,E,E,E,A,E,E,E,E,E,0.55
183,random3B,random3,6,E,E,E,E,C,C,D,D,E,A,A,A,A,D,D,D,D,D,D,E,0.2
184,rotateC,rotate,1,A,B,C,D,E,skip,A,B,C,D,E,skip,A,B,C,D,E,skip,A,B,0.35
184,rotate0C,rotate0,2,B,B,B,B,B,B,B,B,B,B,B,B,B,B,B,B,B,B,B,B,0.5
184,rotate0A,rotate0,3,C,C,C,C,C,C,C,C,C,C,C,C,C,C,C,C,C,C,C,C,0.55
184,rotate0B,rotate0,4,D,D,D,D,D,D,D,D,D,D,D,D,D,D,D,D,D,D,D,D,0.55
184,rotateA,rotate,5,E,skip,A,B,C,D,E,skip,A,B,C,D,E,skip,A,B,C,D,E,skip,0.35
184,rotateB,rotate,6,skip,A,B,C,D,E,skip,A,B,C,D,E,skip,A,B,C,D,E,skip,A,0.35
185,rotateC,rotate,1,A,B,C,D,E,skip,A,B,C,D,E,skip,A,B,C,D,E,skip,A,B,0.45
185,random3B,random3,2,B,B,C,C,C,C,C,C,C,A,A,C,C,C,C,C,B,B,B,B,0.2
185,rotateB,rotate,3,C,D,E,skip,A,B,C,D,E,skip,A,B,C,D,E,skip,A,B,C,D,0.35
185,rotateA,rotate,4,D,E,skip,A,B,C,D,E,skip,A,B,C,D,E,skip,A,B,C,D,E,0.2
185,random3C,random3,5,D,E,E,E,E,E,E,E,E,B,B,C,C,C,C,C,C,C,C,C,0.3
185,random3A,random3,6,B,B,B,B,B,D,D,D,D,D,D,D,D,D,D,D,D,D,D,D,0.45
186,rotate0A,rotate0,1,A,A,A,A,A,A,A,A,A,A,A,A,A,A,A,A,A,A,A,A,0.65
186,rotate0B,rotate0,2,B,B,B,B,B,B,B,B,B,B,B,B,B,B,B,B,B,B,B,B,0.4
186,rotate0C,rotate0,3,C,C,C,C,C,C,C,C,C,C,C,C,C,C,C,C,C,C,C,C,0.65
186,randomB,random,4,C,D,D,E,B,C,D,C,E,B,E,skip,B,skip,C,A,skip,A,C,B,0.2
186,randomC,random,5,B,D,skip,C,D,C,B,D,skip,C,B,A,E,skip,A,D,A,B,skip,skip,0.15
186,randomA,random,6,D,B,D,B,B,skip,B,B,D,A,B,skip,D,skip,E,D,D,A,B,A,0.25
187,challengerC,challenger,1,A,A,A,A,A,A,A,A,A,A,A,A,A,A,A,A,A,A,A,A,0.0
187,rotateB,rotate,2,B,C,D,E,skip,A,B,C,D,E,skip,A,B,C,D,E,skip,A,B,C,0.7
187,challengerB,challenger,3,A,A,A,A,A,A,A,A,A,A,A,A,A,A,A,A,A,A,A,A,0.0
187,challengerA,challenger,4,A,A,A,A,A,A,A,A,A,A,A,A,A,A,A,A,A,A,A,A,0.0
187,rotateC,rotate,5,E,skip,A,B,C,D,E,skip,A,B,C,D,E,skip,A,B,C,D,E,skip,0.65
187,rotateA,rotate,6,skip,A,B,C,D,E,skip,A,B,C,D,E,skip,A,B,C,D,E,skip,A,0.6
188,radicaleqC,radicaleq,1,A,B,A,C,D,skip,A,C,D,B,E,skip,D,C,B,E,A,skip,D,B,0.85
188,equalizeA,equalize,2,B,C,D,E,skip,A,C,D,B,E,skip,D,C,B,E,A,skip,D,B,C,0.85
188,radicaleqA,radicaleq,3,C,D,E,skip,A,C,D,B,E,skip,D,C,B,E,A,skip,D,B,C,E,0.85
188,radicaleqB,radicaleq,4,D,E,skip,A,C,D,B,E,skip,D,C,B,E,A,skip,D,B,C,E,A,0.85
188,equalizeB,equalize,5,E,skip,B,B,B,B,E,skip,C,C,B,E,A,skip,D,B,C,E,A,skip,0.8
188,equalizeC,equalize,6,skip,A,C,D,E,E,skip,A,A,A,A,A,skip,D,C,C,E,A,skip,D,0.8
189,equalizeA,equalize,1,A,A,E,C,B,E,B,C,D,A,D,E,C,B,C,E,E,A,A,E,0.55
189,equalizeB,equalize,2,B,C,A,A,A,B,A,D,A,D,B,B,E,A,E,A,A,C,B,D,0.65
189,randomC,random,3,D,E,E,D,skip,C,A,E,D,C,A,E,E,D,B,skip,E,B,C,B,0.2
189,equalizeC,equalize,4,D,E,C,D,C,C,E,E,C,E,E,D,A,D,B,C,C,B,D,A,0.25
189,randomA,random,5,D,B,B,skip,D,A,B,B,C,B,E,D,C,D,B,skip,C,skip,B,E,0.25
189,randomB,random,6,B,A,E,skip,C,D,skip,B,C,A,C,B,A,A,D,D,E,C,D,E,0.2
190,rotateA,rotate,1,A,B,C,D,E,skip,A,B,C,D,E,skip,A,B,C,D,E,skip,A,B,0.2
190,rotateC,rotate,2,B,C,D,E,skip,A,B,C,D,E,skip,A,B,C,D,E,skip,A,B,C,0.45
190,randomB,random,3,skip,C,A,skip,D,E,B,C,A,D,D,skip,A,B,C,B,E,C,B,A,0.05
190,randomA,random,4,E,D,A,D,D,D,E,B,A,E,E,D,D,B,E,E,B,A,skip,E,0.4
190,randomC,random,5,A,D,C,skip,E,skip,A,E,D,C,D,C,C,skip,A,skip,A,C,E,B,0.3
190,rotateB,rotate,6,skip,A,B,C,D,E,skip,A,B,C,D,E,skip,A,B,C,D,E,skip,A,0.55
191,challengerC,challenger,1,A,A,A,A,A,A,A,A,A,A,A,A,A,A,A,A,A,A,A,A,0.0
191,casteB,caste,2,B,C,B,B,E,E,E,B,D,D,D,E,B,C,D,E,B,C,D,E,1.0
191,challengerB,challenger,3,A,A,A,A,A,A,A,A,A,A,A,A,A,A,A,A,A,A,A,A,0.0
191,challengerA,challenger,4,A,A,A,A,A,A,A,A,A,A,A,A,A,A,A,A,A,A,A,A,0.0
191,casteC,caste,5,E,D,C,C,B,D,C,E,B,C,E,B,C,D,E,B,C,D,E,B,1.0
191,casteA,caste,6,skip,E,D,D,C,B,D,C,E,B,C,D,E,B,C,D,E,B,C,D,0.95
192,rotateA,rotate,1,A,B,C,D,E,skip,A,B,C,D,E,skip,A,B,C,D,E,skip,A,B,0.5
192,rotateC,rotate,2,B,C,D,E,skip,A,B,C,D,E,skip,A,B,C,D,E,skip,A,B,C,0.5
192,radicaleqB,radicaleq,3,C,D,E,skip,D,A,A,D,E,skip,skip,C,C,D,skip,A,skip,D,skip,D,0.55
192,radicaleqA,radicaleq,4,D,E,skip,D,A,E,C,C,D,E,B,D,D,skip,A,D,A,skip,E,skip,0.5
192,radicaleqC,radicaleq,5,E,skip,B,A,C,C,skip,A,C,D,E,B,A,A,B,E,B,B,B,C,0.35
192,rotateB,rotate,6,skip,A,B,C,D,E,skip,A,B,C,D,E,skip,A,B,C,D,E,skip,A,0.5
193,rotate0B,rotate0,1,A,A,A,A,A,A,A,A,A,A,A,A,A,A,A,A,A,A,A,A,0.4
193,radicaleqA,radicaleq,2,B,C,D,D,E,skip,skip,A,E,A,C,E,skip,A,E,A,C,E,skip,A,0.4
193,rotate0A,rotate0,3,C,C,C,C,C,C,C,C,C,C,C,C,C,C,C,C,C,C,C,C,0.45
193,radicaleqC,radicaleq,4,D,E,skip,E,C,A,E,skip,C,E,skip,C,E,skip,C,E,skip,C,E,skip,0.4
193,radicaleqB,radicaleq,5,E,skip,E,C,A,E,A,D,A,C,E,skip,A,D,A,C,E,skip,A,D,0.4
193,rotate0C,rotate0,6,skip,skip,skip,skip,skip,skip,skip,skip,skip,skip,skip,skip,skip,skip,skip,skip,skip,skip,skip,skip,0.0
194,rotate0B,rotate0,1,A,A,A,A,A,A,A,A,A,A,A,A,A,A,A,A,A,A,A,A,0.5
194,turntakingA,turntaking,2,A,A,A,E,A,B,A,E,A,B,E,A,B,A,B,A,E,A,B,E,0.5
194,rotate0A,rotate0,3,C,C,C,C,C,C,C,C,C,C,C,C,C,C,C,C,C,C,C,C,0.5
194,turntakingC,turntaking,4,C,C,C,D,C,D,C,D,C,D,D,C,D,C,D,C,D,C,D,D,0.5
194,turntakingB,turntaking,5,D,D,D,B,D,E,D,B,D,E,B,D,E,D,E,D,B,D,E,B,1.0
194,rotate0C,rotate0,6,skip,skip,skip,skip,skip,skip,skip,skip,skip,skip,skip,skip,skip,skip,skip,skip,skip,skip,skip,skip,0.0
195,turntakingC,turntaking,1,skip,D,C,D,C,E,E,E,E,D,D,B,D,C,C,B,B,B,B,B,0.55
195,radicaleqA,radicaleq,2,B,C,E,B,skip,B,B,B,B,B,skip,skip,B,D,C,A,D,B,A,D,0.5
195,turntakingA,turntaking,3,B,B,B,E,B,B,B,C,B,C,E,E,B,B,B,C,E,E,E,C,0.5
195,radicaleqC,radicaleq,4,D,skip,B,E,C,D,E,D,D,E,C,A,A,E,A,D,C,A,D,E,0.45
195,radicaleqB,radicaleq,5,E,B,C,C,D,C,D,E,C,D,A,D,D,A,D,C,A,D,E,A,0.45
195,turntakingB,turntaking,6,E,E,D,C,E,C,C,D,C,E,C,C,E,E,E,E,C,C,C,E,0.5
196,casteA,caste,1,A,A,A,A,A,A,A,A,A,A,A,A,A,A,B,C,D,D,D,E,1.0
196,casteC,caste,2,B,B,B,B,B,B,B,B,B,B,B,B,B,C,D,E,E,E,E,D,1.0
196,casteB,caste,3,C,C,C,C,C,C,C,C,C,C,C,C,C,E,E,D,C,C,C,C,1.0
196,casteC,caste,4,D,D,D,D,D,D,D,D,D,D,D,D,D,D,C,B,B,B,B,B,1.0
196,casteA,caste,5,E,E,E,E,E,E,E,E,E,E,E,E,E,B,A,A,A,A,A,A,1.0
196,casteB,caste,6,skip,skip,skip,skip,skip,skip,skip,skip,skip,skip,skip,skip,skip,skip,skip,skip,skip,skip,skip,skip,0.0
197,rotateA,rotate,1,A,B,C,D,E,skip,A,B,C,D,E,skip,A,B,C,D,E,skip,A,B,0.35
197,rotate0C,rotate0,2,B,B,B,B,B,B,B,B,B,B,B,B,B,B,B,B,B,B,B,B,0.5
197,rotate0B,rotate0,3,C,C,C,C,C,C,C,C,C,C,C,C,C,C,C,C,C,C,C,C,0.55
197,rotateB,rotate,4,D,E,skip,A,B,C,D,E,skip,A,B,C,D,E,skip,A,B,C,D,E,0.35
197,rotate0A,rotate0,5,E,E,E,E,E,E,E,E,E,E,E,E,E,E,E,E,E,E,E,E,0.5
197,rotateC,rotate,6,skip,A,B,C,D,E,skip,A,B,C,D,E,skip,A,B,C,D,E,skip,A,0.35
198,rotateB,rotate,1,A,B,C,D,E,skip,A,B,C,D,E,skip,A,B,C,D,E,skip,A,B,0.35
198,rotateA,rotate,2,B,C,D,E,skip,A,B,C,D,E,skip,A,B,C,D,E,skip,A,B,C,0.15
198,random3C,random3,3,C,C,E,E,E,E,E,E,E,E,E,E,E,E,E,E,E,A,A,D,0.4
198,random3B,random3,4,A,A,A,A,A,A,A,A,A,A,A,A,A,A,A,B,B,B,B,D,0.45
198,rotateC,rotate,5,E,skip,A,B,C,D,E,skip,A,B,C,D,E,skip,A,B,C,D,E,skip,0.35
198,random3A,random3,6,B,B,B,B,B,B,B,D,D,D,D,D,B,D,D,D,C,C,C,C,0.4
199,rotate0C,rotate0,1,A,A,A,A,A,A,A,A,A,A,A,A,A,A,A,A,A,A,A,A,0.75
199,random3B,random3,2,A,A,C,C,C,C,C,C,C,C,C,C,C,C,C,C,C,C,C,C,0.9
199,random3A,random3,3,D,D,D,B,B,B,B,B,B,B,B,B,B,B,B,B,B,B,B,B,0.85
199,rotate0B,rotate0,4,D,D,D,D,D,D,D,D,D,D,D,D,D,D,D,D,D,D,D,D,0.85
199,random3C,random3,5,A,A,A,A,A,E,E,E,E,E,E,E,E,E,E,E,E,E,E,E,0.75
199,rotate0A,rotate0,6,skip,skip,skip,skip,skip,skip,skip,skip,skip,skip,skip,skip,skip,skip,skip,skip,skip,skip,skip,skip,0.0
200,rotateC,rotate,1,A,B,C,D,E,skip,A,B,C,D,E,skip,A,B,C,D,E,skip,A,B,0.1
200,equalizeB,equalize,2,B,C,D,E,E,B,D,B,A,A,C,C,D,B,C,B,C,D,E,C,0.55
200,rotateB,rotate,3,C,D,E,skip,A,B,C,D,E,skip,A,B,C,D,E,skip,A,B,C,D,0.65
200,rotateA,rotate,4,D,E,skip,A,B,C,D,E,skip,A,B,C,D,E,skip,A,B,C,D,E,0.1
200,equalizeC,equalize,5,E,skip,B,D,C,C,E,A,B,B,B,E,C,D,E,D,E,A,A,E,0.45
200,equalizeA,equalize,6,skip,A,C,A,B,D,A,E,C,D,E,D,A,E,A,A,B,C,D,B,0.2
201,radicaleqB,radicaleq,1,A,B,D,A,A,C,A,C,E,C,A,D,B,E,C,A,D,B,E,C,0.05
201,casteA,caste,2,B,B,D,D,B,B,A,D,B,E,B,A,C,B,E,C,A,D,B,E,0.2
201,casteC,caste,3,C,C,A,A,A,D,B,C,A,C,C,D,D,E,D,A,E,B,A,C,0.55
201,radicaleqA,radicaleq,4,D,E,skip,C,E,skip,E,skip,D,skip,E,skip,A,skip,B,skip,C,skip,D,skip,0.55
201,radicaleqC,radicaleq,5,E,skip,E,E,skip,E,skip,D,B,E,B,A,C,B,E,C,A,D,B,E,0.2
201,casteB,caste,6,skip,skip,C,B,D,C,D,B,E,A,A,C,B,D,C,D,D,E,E,A,0.55
202,casteB,caste,1,A,D,A,D,A,D,C,E,A,D,D,A,D,D,A,D,D,A,D,D,0.2
202,casteA,caste,2,B,B,B,B,B,B,B,B,B,B,B,B,B,B,B,B,B,B,B,B,0.85
202,random3C,random3,3,C,C,C,C,C,C,C,D,D,D,D,D,D,B,B,B,D,A,A,A,0.4
202,random3B,random3,4,A,A,A,A,A,A,A,A,A,A,A,A,A,A,A,A,A,A,D,D,0.55
202,casteC,caste,5,E,E,E,E,E,E,E,D,E,E,E,E,E,E,E,E,E,E,E,E,0.95
202,random3A,random3,6,D,D,D,D,C,C,C,C,C,C,C,C,C,C,C,C,C,C,C,C,0.75
203,random3C,random3,1,C,C,C,C,C,C,C,C,C,C,C,A,E,E,E,E,E,E,E,E,0.8
203,random3B,random3,2,A,E,E,E,E,E,C,A,A,A,A,A,A,A,A,A,A,A,A,A,0.45
203,random3A,random3,3,B,B,B,B,E,E,E,E,E,E,E,E,E,B,B,A,A,A,C,C,0.45
203,random3C,random3,4,A,A,A,A,A,A,A,A,B,B,C,C,C,C,C,C,C,C,C,A,0.65
203,random3B,random3,5,A,E,B,B,B,B,B,B,B,B,B,B,B,B,B,B,B,B,B,B,0.6
203,random3A,random3,6,D,D,D,D,D,D,D,D,D,D,D,D,D,D,D,D,D,D,D,D,1.0
204,equalizeC,equalize,1,A,C,A,C,C,C,C,D,A,C,D,C,D,D,D,D,C,C,C,C,0.75
204,random3B,random3,2,A,E,E,E,E,E,E,B,B,B,B,B,B,B,B,B,B,B,B,B,0.6
204,equalizeB,equalize,3,C,D,D,B,D,B,D,B,C,D,A,A,C,C,C,C,A,A,A,A,0.85
204,equalizeA,equalize,4,D,E,C,D,A,D,E,C,D,B,C,D,A,A,A,A,D,D,D,D,0.7
204,random3C,random3,5,E,E,A,A,A,A,A,A,A,C,C,C,B,E,E,E,E,B,B,E,0.3
204,random3A,random3,6,B,B,B,B,B,B,E,E,E,E,E,E,E,E,E,A,E,E,E,E,0.6
205,radicaleqB,radicaleq,1,A,B,A,C,D,skip,A,C,D,B,E,skip,D,C,B,E,A,skip,D,B,0.85
205,radicaleqC,radicaleq,2,B,C,D,E,skip,A,C,D,B,E,skip,D,C,B,E,A,skip,D,B,C,0.85
205,radicaleqA,radicaleq,3,C,D,E,skip,A,C,D,B,E,skip,D,C,B,E,A,skip,D,B,C,E,0.85
205,radicaleqA,radicaleq,4,D,E,skip,A,C,D,B,E,skip,D,C,B,E,A,skip,D,B,C,E,A,0.85
205,radicaleqB,radicaleq,5,E,skip,B,B,B,B,E,skip,C,C,B,E,A,skip,D,B,C,E,A,skip,0.8
205,radicaleqC,radicaleq,6,skip,A,C,D,E,E,skip,A,A,A,A,A,skip,D,C,C,E,A,skip,D,0.8
206,challengerC,challenger,1,A,A,A,A,A,A,A,A,A,A,A,A,A,A,A,A,A,A,A,A,0.0
206,radicaleqB,radicaleq,2,B,A,E,skip,A,E,skip,A,E,skip,A,E,skip,A,E,skip,A,E,skip,A,0.35
206,challengerB,challenger,3,A,A,A,A,A,A,A,A,A,A,A,A,A,A,A,A,A,A,A,A,0.0
206,challengerA,challenger,4,A,A,A,A,A,A,A,A,A,A,A,A,A,A,A,A,A,A,A,A,0.0
206,radicaleqC,radicaleq,5,E,skip,A,E,skip,A,E,skip,A,E,skip,A,E,skip,A,E,skip,A,E,skip,0.35
206,radicaleqA,radicaleq,6,skip,E,skip,A,E,skip,A,E,skip,A,E,skip,A,E,skip,A,E,skip,A,E,0.35
207,challengerA,challenger,1,A,A,A,A,A,A,A,A,A,A,A,A,A,A,A,A,A,A,A,A,0.0
207,casteC,caste,2,B,D,D,D,D,E,E,B,E,B,D,C,C,B,D,E,C,B,D,E,1.0
207,casteB,caste,3,C,B,E,C,B,D,C,C,B,D,C,E,B,D,E,C,B,D,E,C,1.0
207,challengerB,challenger,4,A,A,A,A,A,A,A,A,A,A,A,A,A,A,A,A,A,A,A,A,0.0
207,casteA,caste,5,E,C,B,E,C,B,D,E,D,C,E,B,D,E,C,B,D,E,C,B,1.0
207,challengerC,challenger,6,A,A,A,A,A,A,A,A,A,A,A,A,A,A,A,A,A,A,A,A,0.0
208,randomC,random,1,D,D,B,D,E,C,B,D,D,D,D,B,E,B,E,D,A,C,skip,C,0.75
208,challengerB,challenger,2,A,A,A,A,A,A,A,A,A,A,A,A,A,A,A,A,A,A,A,A,0.0
208,challengerA,challenger,3,A,A,A,A,A,A,A,A,A,A,A,A,A,A,A,A,A,A,A,A,0.0
208,randomB,random,4,skip,D,A,E,skip,E,C,skip,E,C,A,skip,C,A,B,C,C,A,E,E,0.5
208,challengerC,challenger,5,A,A,A,A,A,A,A,A,A,A,A,A,A,A,A,A,A,A,A,A,0.0
208,randomA,random,6,B,B,E,skip,skip,skip,E,D,B,D,B,E,D,E,D,C,E,skip,skip,A,0.55
209,rotateB,rotate,1,A,B,C,D,E,skip,A,B,C,D,E,skip,A,B,C,D,E,skip,A,B,0.1
209,casteA,caste,2,B,B,D,D,D,D,E,B,C,E,C,E,B,C,C,C,C,D,B,A,0.5
209,casteC,caste,3,C,C,A,E,E,E,A,A,D,D,E,A,A,B,B,B,D,A,A,B,0.5
209,rotateA,rotate,4,D,E,skip,A,B,C,D,E,skip,A,B,C,D,E,skip,A,B,C,D,E,0.75
209,rotateC,rotate,5,E,skip,A,B,C,D,E,skip,A,B,C,D,E,skip,A,B,C,D,E,skip,0.15
209,casteB,caste,6,skip,skip,C,B,A,C,B,C,A,B,D,D,E,A,D,E,E,C,E,D,0.4
210,random3C,random3,1,A,A,B,B,B,B,B,B,B,B,B,B,E,E,B,B,B,E,E,E,0.4
210,rotateA,rotate,2,B,C,D,E,skip,A,B,C,D,E,skip,A,B,C,D,E,skip,A,B,C,0.6
210,rotateB,rotate,3,C,D,E,skip,A,B,C,D,E,skip,A,B,C,D,E,skip,A,B,C,D,0.45
210,rotateC,rotate,4,D,E,skip,A,B,C,D,E,skip,A,B,C,D,E,skip,A,B,C,D,E,0.15
210,random3A,random3,5,C,E,B,B,B,B,B,A,A,A,D,D,D,A,A,A,A,A,A,A,0.4
210,random3B,random3,6,A,A,A,A,A,A,D,D,D,C,C,C,C,C,C,C,C,C,D,D,0.3
211,radicaleqA,radicaleq,1,A,B,A,E,B,D,skip,B,B,B,skip,B,B,B,skip,skip,skip,B,B,B,0.55
211,radicaleqB,radicaleq,2,B,C,D,B,skip,B,D,E,E,C,D,C,D,D,C,C,D,C,D,D,0.25
211,rotateB,rotate,3,C,D,E,skip,A,B,C,D,E,skip,A,B,C,D,E,skip,A,B,C,D,0.5
211,rotateC,rotate,4,D,E,skip,A,B,C,D,E,skip,A,B,C,D,E,skip,A,B,C,D,E,0.35
211,radicaleqC,radicaleq,5,E,skip,B,C,D,E,A,C,C,E,E,E,E,E,E,B,B,E,E,E,0.45
211,rotateA,rotate,6,skip,A,B,C,D,E,skip,A,B,C,D,E,skip,A,B,C,D,E,skip,A,0.25
212,casteC,caste,1,A,A,B,D,A,B,D,E,C,A,B,D,E,C,A,B,D,E,C,A,0.1
212,equalizeC,equalize,2,B,C,A,B,D,E,C,A,B,D,E,C,A,B,D,E,C,A,B,D,0.1
212,equalizeA,equalize,3,C,D,C,E,C,A,B,D,E,C,A,B,D,E,C,A,B,D,E,C,0.1
212,equalizeB,equalize,4,D,E,B,D,A,B,D,E,C,A,B,D,E,C,A,B,D,E,C,A,0.05
212,casteA,caste,5,E,E,A,B,D,E,C,A,B,D,E,C,A,B,D,E,C,A,B,D,0.05
212,casteB,caste,6,skip,skip,C,E,C,A,B,D,E,C,A,B,D,E,C,A,B,D,E,C,0.0
213,radicaleqC,radicaleq,1,A,B,C,A,D,B,E,C,B,D,C,E,D,B,A,C,E,D,B,A,0.05
213,casteB,caste,2,B,B,A,A,E,B,B,C,C,D,D,E,A,B,E,C,B,D,C,A,0.5
213,radicaleqB,radicaleq,3,C,D,B,skip,C,skip,D,skip,E,skip,B,skip,C,skip,D,skip,A,skip,E,skip,0.5
213,casteA,caste,4,D,D,C,C,A,D,A,E,A,B,A,C,E,D,B,A,C,E,D,B,0.05
213,radicaleqA,radicaleq,5,E,skip,skip,C,A,D,A,E,A,B,A,C,E,D,B,A,C,E,D,B,0.05
213,casteC,caste,6,skip,skip,E,E,D,E,E,B,B,C,C,D,D,A,A,E,E,B,B,C,0.5
214,equalizeA,equalize,1,A,C,E,B,B,E,B,D,B,A,E,B,A,E,B,A,E,B,A,E,0.65
214,equalizeC,equalize,2,B,E,A,A,E,C,C,B,C,E,B,C,E,B,C,E,B,C,E,B,0.65
214,turntakingC,turntaking,3,B,B,D,D,C,B,A,C,C,C,C,C,C,C,C,C,C,C,C,C,0.65
214,turntakingA,turntaking,4,C,C,C,A,D,D,C,A,A,A,A,A,A,A,A,A,A,A,A,A,0.65
214,turntakingB,turntaking,5,D,D,E,C,A,A,D,D,D,D,D,D,D,D,D,D,D,D,D,D,0.65
214,equalizeB,equalize,6,skip,A,D,E,A,B,E,E,E,B,D,E,B,D,E,B,D,E,B,D,0.6
215,random3B,random3,1,D,D,D,D,D,D,D,D,D,D,D,D,D,D,C,C,D,D,D,D,0.5
215,random3A,random3,2,C,C,B,B,B,B,B,B,B,B,B,B,B,B,B,B,D,D,D,D,0.5
215,random3A,random3,3,E,E,E,E,E,E,E,E,E,E,E,D,D,D,B,B,B,B,B,B,0.7
215,random3B,random3,4,A,B,B,A,A,A,A,A,A,D,E,E,E,E,E,E,E,E,E,E,0.55
215,random3C,random3,5,C,C,C,C,C,C,C,C,C,C,C,C,C,C,C,C,C,C,C,C,0.8
215,random3C,random3,6,A,A,A,A,B,A,A,A,A,A,A,A,A,A,A,A,A,A,A,A,0.65
216,rotate0C,rotate0,1,A,A,A,A,A,A,A,A,A,A,A,A,A,A,A,A,A,A,A,A,0.9
216,equalizeB,equalize,2,B,C,A,B,B,B,B,C,C,B,C,B,C,B,C,B,C,B,C,B,0.95
216,equalizeA,equalize,3,C,D,B,C,C,C,C,D,E,E,E,E,E,E,E,E,E,E,E,E,0.9
216,rotate0B,rotate0,4,D,D,D,D,D,D,D,D,D,D,D,D,D,D,D,D,D,D,D,D,0.9
216,equalizeC,equalize,5,E,skip,E,A,E,E,E,B,B,C,B,C,B,C,B,C,B,C,B,C,0.9
216,rotate0A,rotate0,6,skip,skip,skip,skip,skip,skip,skip,skip,skip,skip,skip,skip,skip,skip,skip,skip,skip,skip,skip,skip,0.0
217,rotate0B,rotate0,1,A,A,A,A,A,A,A,A,A,A,A,A,A,A,A,A,A,A,A,A,0.5
217,rotateA,rotate,2,B,C,D,E,skip,A,B,C,D,E,skip,A,B,C,D,E,skip,A,B,C,0.4
217,rotateC,rotate,3,C,D,E,skip,A,B,C,D,E,skip,A,B,C,D,E,skip,A,B,C,D,0.35
217,rotate0A,rotate0,4,D,D,D,D,D,D,D,D,D,D,D,D,D,D,D,D,D,D,D,D,0.5
217,rotate0C,rotate0,5,E,E,E,E,E,E,E,E,E,E,E,E,E,E,E,E,E,E,E,E,0.55
217,rotateB,rotate,6,skip,A,B,C,D,E,skip,A,B,C,D,E,skip,A,B,C,D,E,skip,A,0.3
218,rotate0C,rotate0,1,A,A,A,A,A,A,A,A,A,A,A,A,A,A,A,A,A,A,A,A,0.95
218,casteB,caste,2,B,B,B,B,B,B,B,B,B,B,B,B,B,C,D,C,C,E,E,E,0.95
218,casteA,caste,3,C,C,C,C,C,C,C,C,C,C,C,C,C,E,E,B,B,B,B,B,1.0
218,rotate0B,rotate0,4,D,D,D,D,D,D,D,D,D,D,D,D,D,D,D,D,D,D,D,D,0.95
218,casteC,caste,5,E,E,E,E,E,E,E,E,E,E,E,E,E,B,A,E,E,C,C,C,0.95
218,rotate0A,rotate0,6,skip,skip,skip,skip,skip,skip,skip,skip,skip,skip,skip,skip,skip,skip,skip,skip,skip,skip,skip,skip,0.0
219,turntakingB,turntaking,1,skip,E,C,B,A,A,skip,E,E,E,E,E,skip,B,C,C,A,E,skip,B,0.8
219,turntakingC,turntaking,2,A,skip,D,D,D,D,A,skip,C,C,D,A,E,skip,B,D,C,A,E,skip,0.8
219,turntakingB,turntaking,3,B,A,skip,E,C,B,D,A,skip,B,C,D,A,E,skip,B,D,C,A,E,0.85
219,turntakingA,turntaking,4,C,B,A,skip,E,C,B,D,A,skip,B,C,D,A,E,skip,B,D,C,A,0.85
219,turntakingC,turntaking,5,D,C,B,A,skip,E,C,B,D,A,skip,B,C,D,A,E,skip,B,D,C,0.85
219,turntakingA,turntaking,6,E,D,E,C,B,skip,E,C,B,D,A,skip,B,C,D,A,E,skip,B,D,0.85
220,turntakingC,turntaking,1,skip,E,C,B,A,A,skip,E,E,E,E,E,skip,B,C,C,A,E,skip,B,0.8
220,turntakingA,turntaking,2,A,skip,D,D,D,D,A,skip,C,C,D,A,E,skip,B,D,C,A,E,skip,0.8
220,turntakingC,turntaking,3,B,A,skip,E,C,B,D,A,skip,B,C,D,A,E,skip,B,D,C,A,E,0.85
220,turntakingB,turntaking,4,C,B,A,skip,E,C,B,D,A,skip,B,C,D,A,E,skip,B,D,C,A,0.85
220,turntakingA,turntaking,5,D,C,B,A,skip,E,C,B,D,A,skip,B,C,D,A,E,skip,B,D,C,0.85
220,turntakingB,turntaking,6,E,D,E,C,B,skip,E,C,B,D,A,skip,B,C,D,A,E,skip,B,D,0.85
221,turntakingA,turntaking,1,skip,E,C,B,A,A,skip,E,E,E,E,E,skip,B,C,C,A,E,skip,B,0.8
221,turntakingC,turntaking,2,A,skip,D,D,D,D,A,skip,C,C,D,A,E,skip,B,D,C,A,E,skip,0.8
221,turntakingA,turntaking,3,B,A,skip,E,C,B,D,A,skip,B,C,D,A,E,skip,B,D,C,A,E,0.85
221,turntakingB,turntaking,4,C,B,A,skip,E,C,B,D,A,skip,B,C,D,A,E,skip,B,D,C,A,0.85
221,turntakingC,turntaking,5,D,C,B,A,skip,E,C,B,D,A,skip,B,C,D,A,E,skip,B,D,C,0.85
221,turntakingB,turntaking,6,E,D,E,C,B,skip,E,C,B,D,A,skip,B,C,D,A,E,skip,B,D,0.85
222,casteA,caste,1,A,E,E,E,E,E,E,E,E,E,E,E,E,E,E,E,E,E,E,E,1.0
222,casteC,caste,2,B,A,A,A,A,A,A,A,A,A,A,A,A,A,A,A,A,A,A,A,0.95
222,turntakingC,turntaking,3,B,B,B,B,B,B,B,B,B,B,B,B,B,B,B,B,B,B,B,B,0.65
222,turntakingA,turntaking,4,C,C,C,C,C,C,C,C,C,C,C,C,C,C,C,C,C,C,C,C,0.65
222,turntakingB,turntaking,5,D,D,D,D,D,D,D,D,D,D,D,D,D,D,D,D,D,D,D,D,0.7
222,casteB,caste,6,skip,C,D,B,C,D,B,C,D,B,C,D,B,C,D,B,C,D,B,C,0.0
223,rotate0B,rotate0,1,A,A,A,A,A,A,A,A,A,A,A,A,A,A,A,A,A,A,A,A,0.65
223,equalizeA,equalize,2,B,C,E,A,C,B,D,C,B,D,C,B,D,C,B,D,C,B,D,C,0.65
223,equalizeC,equalize,3,C,D,C,D,B,A,C,B,A,C,B,A,C,B,A,C,B,A,C,B,0.65
223,rotate0A,rotate0,4,D,D,D,D,D,D,D,D,D,D,D,D,D,D,D,D,D,D,D,D,0.65
223,rotate0C,rotate0,5,E,E,E,E,E,E,E,E,E,E,E,E,E,E,E,E,E,E,E,E,0.65
223,equalizeB,equalize,6,skip,A,B,B,E,C,B,E,C,B,E,C,B,E,C,B,E,C,B,E,0.6
224,rotateB,rotate,1,A,B,C,D,E,skip,A,B,C,D,E,skip,A,B,C,D,E,skip,A,B,0.85
224,rotateC,rotate,2,B,C,D,E,skip,A,B,C,D,E,skip,A,B,C,D,E,skip,A,B,C,0.85
224,rotateB,rotate,3,C,D,E,skip,A,B,C,D,E,skip,A,B,C,D,E,skip,A,B,C,D,0.85
224,rotateA,rotate,4,D,E,skip,A,B,C,D,E,skip,A,B,C,D,E,skip,A,B,C,D,E,0.85
224,rotateA,rotate,5,E,skip,A,B,C,D,E,skip,A,B,C,D,E,skip,A,B,C,D,E,skip,0.8
224,rotateC,rotate,6,skip,A,B,C,D,E,skip,A,B,C,D,E,skip,A,B,C,D,E,skip,A,0.8
225,radicaleqB,radicaleq,1,A,C,B,C,D,A,A,D,B,C,A,C,A,C,A,C,A,C,A,D,0.5
225,turntakingA,turntaking,2,A,A,B,E,E,E,E,E,E,E,E,E,E,E,E,E,E,E,E,C,0.55
225,turntakingC,turntaking,3,B,D,D,A,A,B,B,B,B,A,A,A,A,A,A,A,A,A,A,B,0.45
225,radicaleqA,radicaleq,4,D,skip,E,E,E,B,D,A,C,E,C,E,C,E,C,E,C,E,D,E,0.45
225,radicaleqC,radicaleq,5,E,D,C,A,B,D,B,C,D,B,D,B,D,B,D,B,D,B,C,B,0.45
225,turntakingB,turntaking,6,E,E,A,B,B,A,A,A,A,B,B,B,B,B,B,B,B,B,B,E,0.45
226,random3C,random3,1,D,E,A,C,C,C,C,C,E,E,D,D,E,E,E,E,E,E,E,E,0.35
226,random3B,random3,2,A,A,A,C,C,C,A,A,A,A,A,A,A,A,A,A,A,C,A,D,0.5
226,random3A,random3,3,D,D,D,D,D,D,D,D,D,D,D,D,D,D,D,D,D,D,D,D,0.8
226,random3A,random3,4,A,E,E,E,E,E,E,E,E,E,B,B,B,B,B,B,B,B,B,B,0.6
226,random3B,random3,5,B,B,B,B,B,B,B,B,B,B,B,B,B,A,E,C,A,A,A,B,0.55
226,random3C,random3,6,C,C,C,C,C,C,C,C,C,C,C,C,C,C,C,C,C,C,C,C,0.65
227,challengerB,challenger,1,A,A,A,A,A,A,A,A,A,A,A,A,A,A,A,A,A,A,A,A,0.0
227,random3A,random3,2,C,C,C,C,C,C,C,C,C,C,C,C,C,C,C,C,C,C,C,C,0.8
227,challengerC,challenger,3,A,A,A,A,A,A,A,A,A,A,A,A,A,A,A,A,A,A,A,A,0.0
227,random3B,random3,4,C,C,C,C,D,D,D,D,D,D,D,D,D,D,D,D,D,D,D,D,0.8
227,challengerA,challenger,5,A,A,A,A,A,A,A,A,A,A,A,A,A,A,A,A,A,A,A,A,0.0
227,random3C,random3,6,C,C,C,E,E,E,E,E,E,E,E,E,E,E,E,E,E,E,E,E,0.85
228,turntakingA,turntaking,1,skip,E,B,D,D,A,A,C,E,E,E,E,E,A,A,A,C,E,E,A,0.65
228,turntakingB,turntaking,2,A,A,C,C,C,C,C,A,A,A,A,A,C,C,C,C,E,C,C,C,0.65
228,equalizeC,equalize,3,C,B,D,E,A,E,D,E,B,D,C,B,D,E,B,D,A,B,D,E,0.65
228,turntakingC,turntaking,4,C,C,E,A,E,E,E,E,C,C,C,C,A,E,E,E,A,A,A,E,0.65
228,equalizeA,equalize,5,E,A,A,C,D,B,B,B,D,E,B,D,E,B,D,A,B,D,E,B,0.65
228,equalizeB,equalize,6,skip,D,C,B,B,D,A,D,A,B,D,A,B,D,C,B,D,C,B,D,0.65
229,equalizeA,equalize,1,A,B,B,A,C,D,E,B,A,C,D,E,B,A,C,D,E,B,A,C,0.1
229,equalizeB,equalize,2,B,C,C,D,E,B,A,C,D,E,B,A,C,D,E,B,A,C,D,E,0.1
229,equalizeC,equalize,3,C,D,A,E,B,A,C,D,E,B,A,C,D,E,B,A,C,D,E,B,0.05
229,casteB,caste,4,D,D,B,A,C,D,E,B,A,C,D,E,B,A,C,D,E,B,A,C,0.05
229,casteC,caste,5,E,E,A,E,B,A,C,D,E,B,A,C,D,E,B,A,C,D,E,B,0.1
229,casteA,caste,6,skip,skip,C,D,E,B,A,C,D,E,B,A,C,D,E,B,A,C,D,E,0.0
230,rotate0C,rotate0,1,A,A,A,A,A,A,A,A,A,A,A,A,A,A,A,A,A,A,A,A,0.5
230,randomA,random,2,C,B,C,A,A,skip,B,skip,D,D,A,A,B,B,B,C,E,C,C,C,0.2
230,rotate0A,rotate0,3,C,C,C,C,C,C,C,C,C,C,C,C,C,C,C,C,C,C,C,C,0.55
230,rotate0B,rotate0,4,D,D,D,D,D,D,D,D,D,D,D,D,D,D,D,D,D,D,D,D,0.5
230,randomB,random,5,skip,D,C,E,C,C,D,A,D,A,D,E,B,C,skip,B,D,D,E,skip,0.15
230,randomC,random,6,skip,A,D,E,E,E,A,A,B,E,E,skip,D,A,E,A,E,D,skip,D,0.3
231,challengerA,challenger,1,A,A,A,A,A,A,A,A,A,A,A,A,A,A,A,A,A,A,A,A,0.0
231,challengerB,challenger,2,A,A,A,A,A,A,A,A,A,A,A,A,A,A,A,A,A,A,A,A,0.0
231,rotateC,rotate,3,C,D,E,skip,A,B,C,D,E,skip,A,B,C,D,E,skip,A,B,C,D,0.7
231,challengerC,challenger,4,A,A,A,A,A,A,A,A,A,A,A,A,A,A,A,A,A,A,A,A,0.0
231,rotateA,rotate,5,E,skip,A,B,C,D,E,skip,A,B,C,D,E,skip,A,B,C,D,E,skip,0.65
231,rotateB,rotate,6,skip,A,B,C,D,E,skip,A,B,C,D,E,skip,A,B,C,D,E,skip,A,0.6
232,equalizeA,equalize,1,A,B,A,C,D,skip,A,C,D,B,E,skip,D,C,B,E,A,skip,D,B,0.85
232,equalizeB,equalize,2,B,C,D,E,skip,A,C,D,B,E,skip,D,C,B,E,A,skip,D,B,C,0.85
232,equalizeC,equalize,3,C,D,E,skip,A,C,D,B,E,skip,D,C,B,E,A,skip,D,B,C,E,0.85
232,equalizeA,equalize,4,D,E,skip,A,C,D,B,E,skip,D,C,B,E,A,skip,D,B,C,E,A,0.85
232,equalizeC,equalize,5,E,skip,B,B,B,B,E,skip,C,C,B,E,A,skip,D,B,C,E,A,skip,0.8
232,equalizeB,equalize,6,skip,A,C,D,E,E,skip,A,A,A,A,A,skip,D,C,C,E,A,skip,D,0.8
233,rotateC,rotate,1,A,B,C,D,E,skip,A,B,C,D,E,skip,A,B,C,D,E,skip,A,B,0.5
233,rotate0B,rotate0,2,B,B,B,B,B,B,B,B,B,B,B,B,B,B,B,B,B,B,B,B,0.5
233,rotateB,rotate,3,C,D,E,skip,A,B,C,D,E,skip,A,B,C,D,E,skip,A,B,C,D,0.55
233,rotateA,rotate,4,D,E,skip,A,B,C,D,E,skip,A,B,C,D,E,skip,A,B,C,D,E,0.5
233,rotate0C,rotate0,5,E,E,E,E,E,E,E,E,E,E,E,E,E,E,E,E,E,E,E,E,0.5
233,rotate0A,rotate0,6,skip,skip,skip,skip,skip,skip,skip,skip,skip,skip,skip,skip,skip,skip,skip,skip,skip,skip,skip,skip,0.0
234,rotate0A,rotate0,1,A,A,A,A,A,A,A,A,A,A,A,A,A,A,A,A,A,A,A,A,0.55
234,rotate0C,rotate0,2,B,B,B,B,B,B,B,B,B,B,B,B,B,B,B,B,B,B,B,B,0.55
234,rotateC,rotate,3,C,D,E,skip,A,B,C,D,E,skip,A,B,C,D,E,skip,A,B,C,D,0.55
234,rotateA,rotate,4,D,E,skip,A,B,C,D,E,skip,A,B,C,D,E,skip,A,B,C,D,E,0.55
234,rotateB,rotate,5,E,skip,A,B,C,D,E,skip,A,B,C,D,E,skip,A,B,C,D,E,skip,0.5
234,rotate0B,rotate0,6,skip,skip,skip,skip,skip,skip,skip,skip,skip,skip,skip,skip,skip,skip,skip,skip,skip,skip,skip,skip,0.0
235,radicaleqB,radicaleq,1,A,B,A,C,D,skip,A,C,D,B,E,skip,D,C,B,E,A,skip,D,B,0.85
235,radicaleqB,radicaleq,2,B,C,D,E,skip,A,C,D,B,E,skip,D,C,B,E,A,skip,D,B,C,0.85
235,radicaleqC,radicaleq,3,C,D,E,skip,A,C,D,B,E,skip,D,C,B,E,A,skip,D,B,C,E,0.85
235,radicaleqC,radicaleq,4,D,E,skip,A,C,D,B,E,skip,D,C,B,E,A,skip,D,B,C,E,A,0.85
235,radicaleqA,radicaleq,5,E,skip,B,B,B,B,E,skip,C,C,B,E,A,skip,D,B,C,E,A,skip,0.8
235,radicaleqA,radicaleq,6,skip,A,C,D,E,E,skip,A,A,A,A,A,skip,D,C,C,E,A,skip,D,0.8
236,equalizeC,equalize,1,A,B,A,A,A,A,A,A,A,A,A,A,A,A,A,A,A,A,A,A,0.95
236,rotate0B,rotate0,2,B,B,B,B,B,B,B,B,B,B,B,B,B,B,B,B,B,B,B,B,0.95
236,equalizeB,equalize,3,C,D,D,D,D,D,D,D,D,D,D,D,D,D,D,D,D,D,D,D,1.0
236,equalizeA,equalize,4,D,E,C,C,C,C,C,C,C,C,C,C,C,C,C,C,C,C,C,C,0.95
236,rotate0C,rotate0,5,E,E,E,E,E,E,E,E,E,E,E,E,E,E,E,E,E,E,E,E,0.95
236,rotate0A,rotate0,6,skip,skip,skip,skip,skip,skip,skip,skip,skip,skip,skip,skip,skip,skip,skip,skip,skip,skip,skip,skip,0.0
237,rotate0B,rotate0,1,A,A,A,A,A,A,A,A,A,A,A,A,A,A,A,A,A,A,A,A,0.9
237,equalizeA,equalize,2,B,C,B,B,B,B,B,E,E,E,E,E,B,E,B,E,B,E,B,E,0.95
237,rotate0A,rotate0,3,C,C,C,C,C,C,C,C,C,C,C,C,C,C,C,C,C,C,C,C,0.9
237,equalizeC,equalize,4,D,E,A,E,E,E,E,C,D,D,D,D,D,D,D,D,D,D,D,D,0.9
237,equalizeB,equalize,5,E,skip,D,A,D,D,D,B,B,B,B,B,E,B,E,B,E,B,E,B,0.9
237,rotate0C,rotate0,6,skip,skip,skip,skip,skip,skip,skip,skip,skip,skip,skip,skip,skip,skip,skip,skip,skip,skip,skip,skip,0.0
238,rotate0A,rotate0,1,A,A,A,A,A,A,A,A,A,A,A,A,A,A,A,A,A,A,A,A,0.5
238,rotate0B,rotate0,2,B,B,B,B,B,B,B,B,B,B,B,B,B,B,B,B,B,B,B,B,0.5
238,rotate0C,rotate0,3,C,C,C,C,C,C,C,C,C,C,C,C,C,C,C,C,C,C,C,C,0.4
238,turntakingB,turntaking,4,C,C,C,E,C,B,C,B,C,A,A,C,E,B,E,B,E,B,E,E,0.3
238,turntakingC,turntaking,5,D,D,D,B,B,E,B,A,B,E,E,B,D,A,D,A,D,A,D,D,0.55
238,turntakingA,turntaking,6,E,E,E,D,E,A,A,E,A,D,D,A,C,E,C,E,C,E,C,C,0.55
239,rotateA,rotate,1,A,B,C,D,E,skip,A,B,C,D,E,skip,A,B,C,D,E,skip,A,B,0.85
239,rotateC,rotate,2,B,C,D,E,skip,A,B,C,D,E,skip,A,B,C,D,E,skip,A,B,C,0.85
239,rotateA,rotate,3,C,D,E,skip,A,B,C,D,E,skip,A,B,C,D,E,skip,A,B,C,D,0.85
239,rotateB,rotate,4,D,E,skip,A,B,C,D,E,skip,A,B,C,D,E,skip,A,B,C,D,E,0.85
239,rotateB,rotate,5,E,skip,A,B,C,D,E,skip,A,B,C,D,E,skip,A,B,C,D,E,skip,0.8
239,rotateC,rotate,6,skip,A,B,C,D,E,skip,A,B,C,D,E,skip,A,B,C,D,E,skip,A,0.8
240,radicaleqC,radicaleq,1,A,D,C,B,E,D,B,C,E,E,B,E,C,C,C,C,C,skip,skip,skip,0.55
240,random3A,random3,2,B,B,B,B,B,B,A,A,A,B,B,A,A,A,A,A,A,A,A,A,0.35
240,random3C,random3,3,C,C,E,E,E,E,E,D,D,D,D,D,D,D,D,D,E,A,A,A,0.5
240,radicaleqA,radicaleq,4,D,C,B,D,C,B,D,B,skip,C,E,C,B,B,B,D,D,D,B,B,0.4
240,radicaleqB,radicaleq,5,E,skip,D,skip,skip,C,E,A,A,A,D,A,A,A,E,A,E,E,E,E,0.35
240,random3B,random3,6,C,C,C,C,C,C,C,C,E,C,C,C,B,B,B,B,B,B,B,D,0.35
241,casteC,caste,1,A,A,E,E,E,E,C,A,B,E,C,E,C,B,D,C,E,B,C,C,0.45
241,rotateB,rotate,2,B,C,D,E,skip,A,B,C,D,E,skip,A,B,C,D,E,skip,A,B,C,0.05
241,casteB,caste,3,C,C,D,B,D,B,E,D,D,D,A,A,B,C,B,D,A,A,B,B,0.4
241,casteA,caste,4,D,D,B,C,A,A,B,C,E,C,D,B,A,A,E,E,D,E,A,D,0.45
241,rotateC,rotate,5,E,skip,A,B,C,D,E,skip,A,B,C,D,E,skip,A,B,C,D,E,skip,0.65
241,rotateA,rotate,6,skip,A,B,C,D,E,skip,A,B,C,D,E,skip,A,B,C,D,E,skip,A,0.05
242,rotateB,rotate,1,A,B,C,D,E,skip,A,B,C,D,E,skip,A,B,C,D,E,skip,A,B,0.85
242,rotateA,rotate,2,B,C,D,E,skip,A,B,C,D,E,skip,A,B,C,D,E,skip,A,B,C,0.85
242,rotateA,rotate,3,C,D,E,skip,A,B,C,D,E,skip,A,B,C,D,E,skip,A,B,C,D,0.85
242,rotateC,rotate,4,D,E,skip,A,B,C,D,E,skip,A,B,C,D,E,skip,A,B,C,D,E,0.85
242,rotateB,rotate,5,E,skip,A,B,C,D,E,skip,A,B,C,D,E,skip,A,B,C,D,E,skip,0.8
242,rotateC,rotate,6,skip,A,B,C,D,E,skip,A,B,C,D,E,skip,A,B,C,D,E,skip,A,0.8
243,rotate0B,rotate0,1,A,A,A,A,A,A,A,A,A,A,A,A,A,A,A,A,A,A,A,A,0.85
243,rotate0C,rotate0,2,B,B,B,B,B,B,B,B,B,B,B,B,B,B,B,B,B,B,B,B,0.85
243,casteC,caste,3,C,C,C,C,C,C,C,C,C,C,C,C,C,E,D,A,E,E,E,E,0.9
243,rotate0A,rotate0,4,D,D,D,D,D,D,D,D,D,D,D,D,D,D,D,D,D,D,D,D,0.9
243,casteB,caste,5,E,E,E,E,E,E,E,E,E,E,E,E,E,B,E,C,C,C,C,C,0.95
243,casteA,caste,6,skip,skip,skip,skip,skip,skip,skip,skip,skip,skip,skip,skip,skip,skip,B,E,A,D,A,B,0.05
244,turntakingA,turntaking,1,skip,D,D,C,C,E,D,D,D,D,D,D,D,D,D,D,D,D,D,D,0.6
244,turntakingC,turntaking,2,A,C,E,E,A,D,E,C,C,C,C,C,C,C,C,C,C,C,C,C,0.65
244,equalizeB,equalize,3,C,A,E,A,B,B,A,A,C,A,D,B,A,D,B,A,D,B,A,D,0.65
244,equalizeA,equalize,4,D,C,A,D,C,A,C,D,A,E,B,A,E,B,A,E,B,A,E,B,0.65
244,equalizeC,equalize,5,E,B,D,B,D,D,B,B,B,B,A,C,B,A,C,B,A,C,B,A,0.65
244,turntakingB,turntaking,6,E,E,C,A,E,C,B,E,E,E,E,E,E,E,E,E,E,E,E,E,0.65
245,casteA,caste,1,A,A,A,A,A,A,A,A,A,A,A,A,A,A,B,C,D,D,D,E,1.0
245,casteB,caste,2,B,B,B,B,B,B,B,B,B,B,B,B,B,C,D,E,E,E,E,D,1.0
245,casteA,caste,3,C,C,C,C,C,C,C,C,C,C,C,C,C,E,E,D,C,C,C,C,1.0
245,casteC,caste,4,D,D,D,D,D,D,D,D,D,D,D,D,D,D,C,B,B,B,B,B,1.0
245,casteB,caste,5,E,E,E,E,E,E,E,E,E,E,E,E,E,B,A,A,A,A,A,A,1.0
245,casteC,caste,6,skip,skip,skip,skip,skip,skip,skip,skip,skip,skip,skip,skip,skip,skip,skip,skip,skip,skip,skip,skip,0.0
246,rotate0A,rotate0,1,A,A,A,A,A,A,A,A,A,A,A,A,A,A,A,A,A,A,A,A,1.0
246,rotate0B,rotate0,2,B,B,B,B,B,B,B,B,B,B,B,B,B,B,B,B,B,B,B,B,1.0
246,rotate0B,rotate0,3,C,C,C,C,C,C,C,C,C,C,C,C,C,C,C,C,C,C,C,C,1.0
246,rotate0C,rotate0,4,D,D,D,D,D,D,D,D,D,D,D,D,D,D,D,D,D,D,D,D,1.0
246,rotate0A,rotate0,5,E,E,E,E,E,E,E,E,E,E,E,E,E,E,E,E,E,E,E,E,1.0
246,rotate0C,rotate0,6,skip,skip,skip,skip,skip,skip,skip,skip,skip,skip,skip,skip,skip,skip,skip,skip,skip,skip,skip,skip,0.0
247,equalizeA,equalize,1,A,A,A,B,C,A,D,B,B,C,D,E,D,C,D,C,C,C,E,B,0.65
247,equalizeC,equalize,2,B,B,B,C,D,C,B,D,A,D,C,B,A,B,E,D,D,B,C,C,0.65
247,random3B,random3,3,E,C,C,A,A,A,A,A,A,A,A,A,A,A,A,A,A,A,A,A,0.6
247,random3A,random3,4,E,D,D,D,D,B,D,D,C,C,C,C,C,C,A,A,B,B,B,B,0.2
247,random3C,random3,5,E,E,E,E,E,E,E,E,E,E,E,E,E,E,E,E,E,E,E,D,0.75
247,equalizeB,equalize,6,skip,D,C,A,B,B,C,C,C,B,B,D,B,D,B,B,B,D,B,D,0.55
248,radicaleqA,radicaleq,1,A,B,skip,E,D,skip,E,D,skip,E,D,skip,E,D,skip,E,D,skip,E,D,0.4
248,radicaleqB,radicaleq,2,B,C,D,C,E,D,skip,C,B,C,E,D,skip,C,B,C,E,D,skip,C,0.35
248,rotate0C,rotate0,3,C,C,C,C,C,C,C,C,C,C,C,C,C,C,C,C,C,C,C,C,0.35
248,radicaleqC,radicaleq,4,D,E,C,D,C,E,D,skip,C,D,C,E,D,skip,C,D,C,E,D,skip,0.35
248,rotate0A,rotate0,5,E,E,E,E,E,E,E,E,E,E,E,E,E,E,E,E,E,E,E,E,0.35
248,rotate0B,rotate0,6,skip,skip,skip,skip,skip,skip,skip,skip,skip,skip,skip,skip,skip,skip,skip,skip,skip,skip,skip,skip,0.0
249,equalizeB,equalize,1,A,B,A,C,D,skip,A,C,D,B,E,skip,D,C,B,E,A,skip,D,B,0.85
249,equalizeC,equalize,2,B,C,D,E,skip,A,C,D,B,E,skip,D,C,B,E,A,skip,D,B,C,0.85
249,equalizeA,equalize,3,C,D,E,skip,A,C,D,B,E,skip,D,C,B,E,A,skip,D,B,C,E,0.85
249,equalizeA,equalize,4,D,E,skip,A,C,D,B,E,skip,D,C,B,E,A,skip,D,B,C,E,A,0.85
249,equalizeB,equalize,5,E,skip,B,B,B,B,E,skip,C,C,B,E,A,skip,D,B,C,E,A,skip,0.8
249,equalizeC,equalize,6,skip,A,C,D,E,E,skip,A,A,A,A,A,skip,D,C,C,E,A,skip,D,0.8
250,equalizeA,equalize,1,A,B,A,C,D,skip,A,C,D,B,E,skip,D,C,B,E,A,skip,D,B,0.85
250,radicaleqC,radicaleq,2,B,C,D,E,skip,A,C,D,B,E,skip,D,C,B,E,A,skip,D,B,C,0.85
250,radicaleqB,radicaleq,3,C,D,E,skip,A,C,D,B,E,skip,D,C,B,E,A,skip,D,B,C,E,0.85
250,equalizeB,equalize,4,D,E,skip,A,C,D,B,E,skip,D,C,B,E,A,skip,D,B,C,E,A,0.85
250,radicaleqA,radicaleq,5,E,skip,B,B,B,B,E,skip,C,C,B,E,A,skip,D,B,C,E,A,skip,0.8
250,equalizeC,equalize,6,skip,A,C,D,E,E,skip,A,A,A,A,A,skip,D,C,C,E,A,skip,D,0.8
251,challengerC,challenger,1,A,A,A,A,A,A,A,A,A,A,A,A,A,A,A,A,A,A,A,A,0.0
251,rotate0B,rotate0,2,B,B,B,B,B,B,B,B,B,B,B,B,B,B,B,B,B,B,B,B,1.0
251,challengerB,challenger,3,A,A,A,A,A,A,A,A,A,A,A,A,A,A,A,A,A,A,A,A,0.0
251,challengerA,challenger,4,A,A,A,A,A,A,A,A,A,A,A,A,A,A,A,A,A,A,A,A,0.0
251,rotate0C,rotate0,5,E,E,E,E,E,E,E,E,E,E,E,E,E,E,E,E,E,E,E,E,1.0
251,rotate0A,rotate0,6,skip,skip,skip,skip,skip,skip,skip,skip,skip,skip,skip,skip,skip,skip,skip,skip,skip,skip,skip,skip,0.0
252,challengerB,challenger,1,A,A,A,A,A,A,A,A,A,A,A,A,A,A,A,A,A,A,A,A,0.0
252,rotate0A,rotate0,2,B,B,B,B,B,B,B,B,B,B,B,B,B,B,B,B,B,B,B,B,1.0
252,challengerC,challenger,3,A,A,A,A,A,A,A,A,A,A,A,A,A,A,A,A,A,A,A,A,0.0
252,rotate0B,rotate0,4,D,D,D,D,D,D,D,D,D,D,D,D,D,D,D,D,D,D,D,D,1.0
252,challengerA,challenger,5,A,A,A,A,A,A,A,A,A,A,A,A,A,A,A,A,A,A,A,A,0.0
252,rotate0C,rotate0,6,skip,skip,skip,skip,skip,skip,skip,skip,skip,skip,skip,skip,skip,skip,skip,skip,skip,skip,skip,skip,0.0
253,challengerA,challenger,1,A,A,A,A,A,A,A,A,A,A,A,A,A,A,A,A,A,A,A,A,0.0
253,challengerB,challenger,2,A,A,A,A,A,A,A,A,A,A,A,A,A,A,A,A,A,A,A,A,0.0
253,challengerC,challenger,3,A,A,A,A,A,A,A,A,A,A,A,A,A,A,A,A,A,A,A,A,0.0
253,challengerA,challenger,4,A,A,A,A,A,A,A,A,A,A,A,A,A,A,A,A,A,A,A,A,0.0
253,challengerC,challenger,5,A,A,A,A,A,A,A,A,A,A,A,A,A,A,A,A,A,A,A,A,0.0
253,challengerB,challenger,6,A,A,A,A,A,A,A,A,A,A,A,A,A,A,A,A,A,A,A,A,0.0
254,randomA,random,1,B,C,C,B,D,C,E,C,E,B,E,B,D,D,B,A,E,skip,A,C,0.35
254,randomB,random,2,E,A,E,E,A,C,C,C,A,E,D,skip,B,D,E,skip,E,D,D,D,0.5
254,randomB,random,3,A,E,skip,skip,A,C,B,D,B,D,E,E,D,C,D,A,skip,B,A,D,0.3
254,randomC,random,4,A,skip,D,D,C,C,skip,B,D,skip,C,C,B,C,E,E,C,B,B,D,0.25
254,randomC,random,5,skip,skip,B,A,C,A,E,C,E,A,B,D,skip,B,C,D,D,B,skip,B,0.4
254,randomA,random,6,B,D,D,D,C,B,B,skip,skip,A,A,C,A,skip,B,E,D,E,C,B,0.3
255,turntakingB,turntaking,1,skip,E,C,B,A,A,skip,E,E,E,E,E,skip,B,C,C,A,E,skip,B,0.8
255,turntakingC,turntaking,2,A,skip,D,D,D,D,A,skip,C,C,D,A,E,skip,B,D,C,A,E,skip,0.8
255,turntakingC,turntaking,3,B,A,skip,E,C,B,D,A,skip,B,C,D,A,E,skip,B,D,C,A,E,0.85
255,turntakingA,turntaking,4,C,B,A,skip,E,C,B,D,A,skip,B,C,D,A,E,skip,B,D,C,A,0.85
255,turntakingA,turntaking,5,D,C,B,A,skip,E,C,B,D,A,skip,B,C,D,A,E,skip,B,D,C,0.85
255,turntakingB,turntaking,6,E,D,E,C,B,skip,E,C,B,D,A,skip,B,C,D,A,E,skip,B,D,0.85
256,radicaleqB,radicaleq,1,A,B,D,E,C,B,C,E,C,B,C,D,E,B,D,E,B,C,E,B,0.55
256,turntakingA,turntaking,2,A,A,A,D,D,D,D,A,A,A,B,D,B,C,C,C,C,A,A,A,0.55
256,radicaleqA,radicaleq,3,C,D,E,D,B,A,E,A,B,D,E,A,B,E,E,B,C,E,B,A,0.5
256,turntakingC,turntaking,4,C,C,C,A,A,A,A,D,D,D,C,C,D,D,D,A,A,C,D,D,0.55
256,turntakingB,turntaking,5,D,D,D,C,C,C,C,C,C,C,A,A,C,A,A,D,D,D,C,C,0.55
256,radicaleqC,radicaleq,6,skip,C,A,B,A,E,D,B,D,E,A,B,A,skip,B,D,E,B,C,E,0.5
257,equalizeC,equalize,1,A,B,A,C,D,skip,A,C,D,B,E,skip,D,C,B,E,A,skip,D,B,0.85
257,equalizeB,equalize,2,B,C,D,E,skip,A,C,D,B,E,skip,D,C,B,E,A,skip,D,B,C,0.85
257,equalizeA,equalize,3,C,D,E,skip,A,C,D,B,E,skip,D,C,B,E,A,skip,D,B,C,E,0.85
257,radicaleqB,radicaleq,4,D,E,skip,A,C,D,B,E,skip,D,C,B,E,A,skip,D,B,C,E,A,0.85
257,radicaleqC,radicaleq,5,E,skip,B,B,B,B,E,skip,C,C,B,E,A,skip,D,B,C,E,A,skip,0.8
257,radicaleqA,radicaleq,6,skip,A,C,D,E,E,skip,A,A,A,A,A,skip,D,C,C,E,A,skip,D,0.8
258,rotate0A,rotate0,1,A,A,A,A,A,A,A,A,A,A,A,A,A,A,A,A,A,A,A,A,0.65
258,rotate0B,rotate0,2,B,B,B,B,B,B,B,B,B,B,B,B,B,B,B,B,B,B,B,B,0.65
258,rotate0C,rotate0,3,C,C,C,C,C,C,C,C,C,C,C,C,C,C,C,C,C,C,C,C,0.7
258,equalizeB,equalize,4,D,E,C,A,E,D,A,E,D,A,E,D,A,E,D,A,E,D,A,E,0.65
258,equalizeC,equalize,5,E,skip,B,E,D,C,E,D,C,E,D,C,E,D,C,E,D,C,E,D,0.65
258,equalizeA,equalize,6,skip,A,D,D,B,E,D,B,E,D,B,E,D,B,E,D,B,E,D,B,0.6
259,randomC,random,1,D,B,D,A,skip,B,B,A,E,B,skip,skip,D,A,E,B,D,A,E,B,0.3
259,random3A,random3,2,C,B,E,E,E,E,D,D,D,D,D,D,A,A,A,A,A,A,C,A,0.6
259,random3B,random3,3,C,C,C,C,C,C,C,C,C,C,C,C,C,C,C,C,C,B,C,C,0.55
259,random3C,random3,4,A,A,A,A,A,A,A,A,E,E,E,E,E,E,D,D,D,D,D,B,0.55
259,randomA,random,5,skip,A,B,C,skip,B,skip,C,skip,A,E,D,C,E,B,E,E,A,D,E,0.3
259,randomB,random,6,C,B,C,D,C,E,B,C,B,B,skip,skip,C,E,skip,A,C,B,skip,D,0.15
260,equalizeB,equalize,1,A,B,C,B,B,D,B,B,E,B,B,C,B,B,E,B,B,D,B,B,0.95
260,challengerA,challenger,2,A,A,A,A,A,A,A,A,A,A,A,A,A,A,A,A,A,A,A,A,0.0
260,equalizeA,equalize,3,C,E,D,D,C,C,E,D,C,C,E,E,E,C,C,D,E,E,E,D,1.0
260,challengerC,challenger,4,A,A,A,A,A,A,A,A,A,A,A,A,A,A,A,A,A,A,A,A,0.0
260,challengerB,challenger,5,A,A,A,A,A,A,A,A,A,A,A,A,A,A,A,A,A,A,A,A,0.0
260,equalizeC,equalize,6,skip,D,E,C,E,E,D,C,D,E,D,D,C,D,D,E,C,C,D,C,0.95
261,rotate0A,rotate0,1,A,A,A,A,A,A,A,A,A,A,A,A,A,A,A,A,A,A,A,A,0.5
261,rotate0B,rotate0,2,B,B,B,B,B,B,B,B,B,B,B,B,B,B,B,B,B,B,B,B,0.55
261,rotateB,rotate,3,C,D,E,skip,A,B,C,D,E,skip,A,B,C,D,E,skip,A,B,C,D,0.4
261,rotateC,rotate,4,D,E,skip,A,B,C,D,E,skip,A,B,C,D,E,skip,A,B,C,D,E,0.35
261,rotate0C,rotate0,5,E,E,E,E,E,E,E,E,E,E,E,E,E,E,E,E,E,E,E,E,0.5
261,rotateA,rotate,6,skip,A,B,C,D,E,skip,A,B,C,D,E,skip,A,B,C,D,E,skip,A,0.3
262,challengerC,challenger,1,A,A,A,A,A,A,A,A,A,A,A,A,A,A,A,A,A,A,A,A,0.0
262,rotateC,rotate,2,B,C,D,E,skip,A,B,C,D,E,skip,A,B,C,D,E,skip,A,B,C,0.7
262,rotateA,rotate,3,C,D,E,skip,A,B,C,D,E,skip,A,B,C,D,E,skip,A,B,C,D,0.7
262,rotateB,rotate,4,D,E,skip,A,B,C,D,E,skip,A,B,C,D,E,skip,A,B,C,D,E,0.7
262,challengerA,challenger,5,A,A,A,A,A,A,A,A,A,A,A,A,A,A,A,A,A,A,A,A,0.0
262,challengerB,challenger,6,A,A,A,A,A,A,A,A,A,A,A,A,A,A,A,A,A,A,A,A,0.0
263,equalizeB,equalize,1,A,B,A,C,D,skip,A,C,D,B,E,skip,D,C,B,E,A,skip,D,B,0.85
263,equalizeA,equalize,2,B,C,D,E,skip,A,C,D,B,E,skip,D,C,B,E,A,skip,D,B,C,0.85
263,radicaleqC,radicaleq,3,C,D,E,skip,A,C,D,B,E,skip,D,C,B,E,A,skip,D,B,C,E,0.85
263,radicaleqB,radicaleq,4,D,E,skip,A,C,D,B,E,skip,D,C,B,E,A,skip,D,B,C,E,A,0.85
263,equalizeC,equalize,5,E,skip,B,B,B,B,E,skip,C,C,B,E,A,skip,D,B,C,E,A,skip,0.8
263,radicaleqA,radicaleq,6,skip,A,C,D,E,E,skip,A,A,A,A,A,skip,D,C,C,E,A,skip,D,0.8
264,equalizeC,equalize,1,A,B,E,E,E,E,B,A,E,B,D,D,D,C,B,E,D,E,B,D,0.65
264,random3A,random3,2,A,B,C,C,C,C,C,C,C,A,A,A,E,E,E,E,A,A,A,A,0.35
264,equalizeA,equalize,3,C,C,C,B,C,B,C,E,B,A,E,E,E,B,E,B,B,B,E,B,0.65
264,random3C,random3,4,D,D,D,D,D,D,D,D,D,A,A,A,A,A,A,A,A,E,E,D,0.5
264,random3B,random3,5,A,A,A,A,A,A,A,A,C,C,C,C,C,C,C,C,C,C,C,C,0.75
264,equalizeB,equalize,6,skip,E,B,D,B,D,E,B,D,E,B,B,B,D,D,D,C,D,D,E,0.75
265,challengerA,challenger,1,A,A,A,A,A,A,A,A,A,A,A,A,A,A,A,A,A,A,A,A,0.0
265,equalizeC,equalize,2,B,B,B,B,D,E,D,D,B,D,D,C,D,D,E,D,D,B,D,D,1.0
265,equalizeB,equalize,3,C,C,C,C,B,B,E,C,C,B,E,E,C,B,B,E,C,C,B,E,1.0
265,challengerB,challenger,4,A,A,A,A,A,A,A,A,A,A,A,A,A,A,A,A,A,A,A,A,0.0
265,equalizeA,equalize,5,E,E,E,E,C,C,B,E,E,C,B,B,E,C,C,B,E,E,C,B,1.0
265,challengerC,challenger,6,A,A,A,A,A,A,A,A,A,A,A,A,A,A,A,A,A,A,A,A,0.0
266,casteA,caste,1,A,C,D,B,B,B,B,B,B,B,B,B,B,E,E,E,C,C,B,C,0.65
266,casteB,caste,2,B,A,A,C,E,D,E,C,A,A,D,E,A,A,D,D,D,A,A,E,0.4
266,randomC,random,3,E,C,A,skip,A,D,skip,E,C,C,D,A,D,A,D,E,E,D,B,D,0.15
266,casteC,caste,4,D,B,C,D,A,C,A,D,E,E,E,A,C,B,C,C,B,B,C,A,0.55
266,randomA,random,5,E,E,E,skip,C,D,E,C,C,A,D,skip,B,A,B,A,E,D,E,D,0.25
266,randomB,random,6,D,A,C,D,E,C,A,D,D,B,B,E,C,A,B,E,D,C,B,D,0.05
267,rotateA,rotate,1,A,B,C,D,E,skip,A,B,C,D,E,skip,A,B,C,D,E,skip,A,B,0.85
267,rotateA,rotate,2,B,C,D,E,skip,A,B,C,D,E,skip,A,B,C,D,E,skip,A,B,C,0.85
267,rotateC,rotate,3,C,D,E,skip,A,B,C,D,E,skip,A,B,C,D,E,skip,A,B,C,D,0.85
267,rotateB,rotate,4,D,E,skip,A,B,C,D,E,skip,A,B,C,D,E,skip,A,B,C,D,E,0.85
267,rotateC,rotate,5,E,skip,A,B,C,D,E,skip,A,B,C,D,E,skip,A,B,C,D,E,skip,0.8
267,rotateB,rotate,6,skip,A,B,C,D,E,skip,A,B,C,D,E,skip,A,B,C,D,E,skip,A,0.8
268,radicaleqA,radicaleq,1,A,B,A,C,D,skip,A,C,D,B,E,skip,D,C,B,E,A,skip,D,B,0.85
268,radicaleqB,radicaleq,2,B,C,D,E,skip,A,C,D,B,E,skip,D,C,B,E,A,skip,D,B,C,0.85
268,equalizeB,equalize,3,C,D,E,skip,A,C,D,B,E,skip,D,C,B,E,A,skip,D,B,C,E,0.85
268,equalizeC,equalize,4,D,E,skip,A,C,D,B,E,skip,D,C,B,E,A,skip,D,B,C,E,A,0.85
268,radicaleqC,radicaleq,5,E,skip,B,B,B,B,E,skip,C,C,B,E,A,skip,D,B,C,E,A,skip,0.8
268,equalizeA,equalize,6,skip,A,C,D,E,E,skip,A,A,A,A,A,skip,D,C,C,E,A,skip,D,0.8
269,random3C,random3,1,A,A,A,A,A,A,A,A,A,A,A,A,B,B,C,E,E,E,E,E,0.55
269,rotate0A,rotate0,2,B,B,B,B,B,B,B,B,B,B,B,B,B,B,B,B,B,B,B,B,0.75
269,random3A,random3,3,D,C,C,C,C,C,C,C,C,C,C,C,C,C,C,C,C,C,C,C,0.55
269,rotate0C,rotate0,4,D,D,D,D,D,D,D,D,D,D,D,D,D,D,D,D,D,D,D,D,0.95
269,rotate0B,rotate0,5,E,E,E,E,E,E,E,E,E,E,E,E,E,E,E,E,E,E,E,E,0.7
269,random3B,random3,6,B,B,B,C,C,C,C,C,C,C,E,A,A,A,A,A,A,A,A,A,0.4
270,casteC,caste,1,A,A,B,E,D,B,E,D,A,C,B,E,D,A,C,B,E,D,A,C,0.1
270,equalizeA,equalize,2,B,C,B,E,D,B,E,D,A,C,B,E,D,A,C,B,E,D,A,C,0.05
270,casteA,caste,3,C,C,D,B,E,D,A,C,B,E,D,A,C,B,E,D,A,C,B,E,0.05
270,equalizeC,equalize,4,D,E,A,C,A,C,B,E,D,A,C,B,E,D,A,C,B,E,D,A,0.1
270,equalizeB,equalize,5,E,skip,D,B,E,D,A,C,B,E,D,A,C,B,E,D,A,C,B,E,0.05
270,casteB,caste,6,skip,skip,A,C,A,C,B,E,D,A,C,B,E,D,A,C,B,E,D,A,0.0
271,turntakingC,turntaking,1,skip,C,E,B,C,C,D,E,B,E,B,B,B,D,D,E,B,D,E,B,0.95
271,challengerB,challenger,2,A,A,A,A,A,A,A,A,A,A,A,A,A,A,A,A,A,A,A,A,0.0
271,challengerA,challenger,3,A,A,A,A,A,A,A,A,A,A,A,A,A,A,A,A,A,A,A,A,0.0
271,turntakingB,turntaking,4,C,B,B,C,D,E,B,D,E,B,E,D,D,E,E,B,D,E,B,D,1.0
271,challengerC,challenger,5,A,A,A,A,A,A,A,A,A,A,A,A,A,A,A,A,A,A,A,A,0.0
271,turntakingA,turntaking,6,E,D,D,E,B,D,E,B,C,D,D,C,E,C,B,C,C,C,C,C,1.0
272,random3A,random3,1,A,B,B,B,B,B,B,B,B,B,B,B,B,B,B,B,B,B,B,B,0.7
272,random3C,random3,2,A,D,A,B,D,D,C,C,B,B,B,D,D,C,E,E,E,C,C,C,0.0
272,rotate0B,rotate0,3,C,C,C,C,C,C,C,C,C,C,C,C,C,C,C,C,C,C,C,C,0.7
272,rotate0A,rotate0,4,D,D,D,D,D,D,D,D,D,D,D,D,D,D,D,D,D,D,D,D,0.75
272,rotate0C,rotate0,5,E,E,E,E,E,E,E,E,E,E,E,E,E,E,E,E,E,E,E,E,0.85
272,random3B,random3,6,B,B,A,A,A,A,A,A,A,A,A,A,A,A,A,A,A,A,A,A,0.9
273,turntakingC,turntaking,1,skip,D,D,C,D,C,D,C,D,C,C,C,C,D,E,C,C,C,D,B,0.65
273,randomA,random,2,A,D,B,D,C,D,B,D,E,A,skip,B,D,skip,skip,C,C,skip,skip,E,0.25
273,randomC,random,3,E,E,E,E,skip,C,D,A,B,B,skip,skip,C,E,B,D,E,E,C,E,0.15
273,turntakingA,turntaking,4,C,E,E,D,E,D,C,E,C,E,D,D,D,E,D,E,D,D,B,A,0.7
273,turntakingB,turntaking,5,D,C,C,B,C,B,E,B,E,B,E,E,E,B,C,B,E,E,C,D,0.55
273,randomB,random,6,skip,D,E,skip,C,C,A,A,B,skip,skip,B,B,B,B,B,B,A,E,D,0.25
274,challengerA,challenger,1,A,A,A,A,A,A,A,A,A,A,A,A,A,A,A,A,A,A,A,A,0.0
274,challengerC,challenger,2,A,A,A,A,A,A,A,A,A,A,A,A,A,A,A,A,A,A,A,A,0.0
274,turntakingB,turntaking,3,B,E,E,E,E,D,D,C,C,B,B,B,B,E,E,C,C,B,E,C,1.0
274,turntakingA,turntaking,4,C,B,D,C,B,E,E,E,B,C,E,E,E,C,C,B,B,E,C,B,1.0
274,turntakingC,turntaking,5,D,C,B,D,C,B,C,B,D,E,D,C,C,D,B,D,E,D,D,D,1.0
274,challengerB,challenger,6,A,A,A,A,A,A,A,A,A,A,A,A,A,A,A,A,A,A,A,A,0.0
275,rotateB,rotate,1,A,B,C,D,E,skip,A,B,C,D,E,skip,A,B,C,D,E,skip,A,B,0.85
275,rotateC,rotate,2,B,C,D,E,skip,A,B,C,D,E,skip,A,B,C,D,E,skip,A,B,C,0.85
275,rotateA,rotate,3,C,D,E,skip,A,B,C,D,E,skip,A,B,C,D,E,skip,A,B,C,D,0.85
275,rotateC,rotate,4,D,E,skip,A,B,C,D,E,skip,A,B,C,D,E,skip,A,B,C,D,E,0.85
275,rotateA,rotate,5,E,skip,A,B,C,D,E,skip,A,B,C,D,E,skip,A,B,C,D,E,skip,0.8
275,rotateB,rotate,6,skip,A,B,C,D,E,skip,A,B,C,D,E,skip,A,B,C,D,E,skip,A,0.8
276,rotateC,rotate,1,A,B,C,D,E,skip,A,B,C,D,E,skip,A,B,C,D,E,skip,A,B,0.65
276,challengerB,challenger,2,A,A,A,A,A,A,A,A,A,A,A,A,A,A,A,A,A,A,A,A,0.0
276,challengerA,challenger,3,A,A,A,A,A,A,A,A,A,A,A,A,A,A,A,A,A,A,A,A,0.0
276,rotateB,rotate,4,D,E,skip,A,B,C,D,E,skip,A,B,C,D,E,skip,A,B,C,D,E,0.7
276,challengerC,challenger,5,A,A,A,A,A,A,A,A,A,A,A,A,A,A,A,A,A,A,A,A,0.0
276,rotateA,rotate,6,skip,A,B,C,D,E,skip,A,B,C,D,E,skip,A,B,C,D,E,skip,A,0.6
277,rotate0A,rotate0,1,A,A,A,A,A,A,A,A,A,A,A,A,A,A,A,A,A,A,A,A,1.0
277,rotate0B,rotate0,2,B,B,B,B,B,B,B,B,B,B,B,B,B,B,B,B,B,B,B,B,1.0
277,rotate0C,rotate0,3,C,C,C,C,C,C,C,C,C,C,C,C,C,C,C,C,C,C,C,C,1.0
277,rotate0B,rotate0,4,D,D,D,D,D,D,D,D,D,D,D,D,D,D,D,D,D,D,D,D,1.0
277,rotate0C,rotate0,5,E,E,E,E,E,E,E,E,E,E,E,E,E,E,E,E,E,E,E,E,1.0
277,rotate0A,rotate0,6,skip,skip,skip,skip,skip,skip,skip,skip,skip,skip,skip,skip,skip,skip,skip,skip,skip,skip,skip,skip,0.0
278,random3A,random3,1,B,B,B,B,B,B,B,B,B,B,B,B,B,B,B,B,E,E,E,E,0.5
278,random3B,random3,2,D,A,A,A,A,A,A,A,A,A,A,B,E,C,C,A,C,B,E,E,0.25
278,random3C,random3,3,D,D,D,D,D,D,D,C,C,C,C,C,C,C,C,A,C,C,C,C,0.55
278,turntakingB,turntaking,4,C,B,D,B,D,E,B,A,B,D,D,D,A,A,E,D,D,D,D,D,0.65
278,turntakingC,turntaking,5,D,E,B,E,B,A,D,E,D,A,A,B,D,D,D,B,A,B,B,B,0.5
278,turntakingA,turntaking,6,E,C,E,C,E,C,E,C,A,E,E,A,E,E,C,A,C,A,A,A,0.7
279,casteC,caste,1,A,A,A,A,A,A,A,A,A,A,A,A,A,A,B,C,D,D,D,E,1.0
279,casteB,caste,2,B,B,B,B,B,B,B,B,B,B,B,B,B,C,D,E,E,E,E,D,1.0
279,casteA,caste,3,C,C,C,C,C,C,C,C,C,C,C,C,C,E,E,D,C,C,C,C,1.0
279,casteB,caste,4,D,D,D,D,D,D,D,D,D,D,D,D,D,D,C,B,B,B,B,B,1.0
279,casteA,caste,5,E,E,E,E,E,E,E,E,E,E,E,E,E,B,A,A,A,A,A,A,1.0
279,casteC,caste,6,skip,skip,skip,skip,skip,skip,skip,skip,skip,skip,skip,skip,skip,skip,skip,skip,skip,skip,skip,skip,0.0
280,equalizeC,equalize,1,A,B,E,B,B,D,B,B,E,B,B,D,B,B,C,B,B,D,B,B,0.95
280,challengerA,challenger,2,A,A,A,A,A,A,A,A,A,A,A,A,A,A,A,A,A,A,A,A,0.0
280,equalizeA,equalize,3,C,E,D,E,E,E,D,D,D,E,C,C,D,D,D,C,E,E,D,C,1.0
280,equalizeB,equalize,4,D,C,C,D,C,C,E,C,C,D,E,E,C,E,E,D,C,C,E,D,1.0
280,challengerB,challenger,5,A,A,A,A,A,A,A,A,A,A,A,A,A,A,A,A,A,A,A,A,0.0
280,challengerC,challenger,6,A,A,A,A,A,A,A,A,A,A,A,A,A,A,A,A,A,A,A,A,0.0
281,challengerA,challenger,1,A,A,A,A,A,A,A,A,A,A,A,A,A,A,A,A,A,A,A,A,0.0
281,challengerC,challenger,2,A,A,A,A,A,A,A,A,A,A,A,A,A,A,A,A,A,A,A,A,0.0
281,casteB,caste,3,C,B,B,B,B,E,E,C,E,C,B,D,E,E,B,D,C,E,B,D,1.0
281,casteA,caste,4,D,C,E,D,C,B,B,D,C,B,D,E,C,B,D,C,E,B,D,C,1.0
281,casteC,caste,5,E,D,C,E,D,C,D,E,B,D,E,C,B,D,C,E,B,D,C,E,1.0
281,challengerB,challenger,6,A,A,A,A,A,A,A,A,A,A,A,A,A,A,A,A,A,A,A,A,0.0
282,turntakingC,turntaking,1,skip,E,C,B,A,A,skip,E,E,E,E,E,skip,B,C,C,A,E,skip,B,0.8
282,turntakingA,turntaking,2,A,skip,D,D,D,D,A,skip,C,C,D,A,E,skip,B,D,C,A,E,skip,0.8
282,turntakingB,turntaking,3,B,A,skip,E,C,B,D,A,skip,B,C,D,A,E,skip,B,D,C,A,E,0.85
282,turntakingC,turntaking,4,C,B,A,skip,E,C,B,D,A,skip,B,C,D,A,E,skip,B,D,C,A,0.85
282,turntakingB,turntaking,5,D,C,B,A,skip,E,C,B,D,A,skip,B,C,D,A,E,skip,B,D,C,0.85
282,turntakingA,turntaking,6,E,D,E,C,B,skip,E,C,B,D,A,skip,B,C,D,A,E,skip,B,D,0.85
283,randomA,random,1,B,B,C,skip,C,A,skip,A,D,skip,E,A,B,D,A,E,skip,E,D,E,0.15
283,randomC,random,2,D,D,B,skip,skip,C,E,D,D,B,A,C,C,B,B,C,B,A,B,C,0.1
283,casteC,caste,3,C,B,E,E,B,D,B,B,B,B,C,C,B,D,A,C,B,A,D,A,0.45
283,casteA,caste,4,D,E,A,A,A,E,D,D,E,C,A,D,D,E,E,E,E,C,C,C,0.6
283,casteB,caste,5,E,C,B,D,C,A,E,A,D,A,E,A,C,A,B,D,D,D,B,E,0.35
283,randomB,random,6,A,C,D,E,A,C,skip,C,E,B,B,E,skip,C,D,A,E,A,D,E,0.4
284,rotate0A,rotate0,1,A,A,A,A,A,A,A,A,A,A,A,A,A,A,A,A,A,A,A,A,0.55
284,rotate0B,rotate0,2,B,B,B,B,B,B,B,B,B,B,B,B,B,B,B,B,B,B,B,B,0.65
284,randomB,random,3,skip,D,A,skip,C,D,C,E,E,A,B,C,A,C,B,E,B,D,skip,A,0.2
284,randomC,random,4,E,E,skip,A,E,C,B,B,C,D,A,E,skip,C,B,A,D,D,E,E,0.2
284,rotate0C,rotate0,5,E,E,E,E,E,E,E,E,E,E,E,E,E,E,E,E,E,E,E,E,0.5
284,randomA,random,6,B,B,A,D,A,skip,B,C,D,A,A,C,D,skip,C,skip,A,E,E,A,0.25
285,casteB,caste,1,A,A,B,D,D,C,B,B,D,E,C,A,D,A,B,E,C,A,D,B,0.3
285,rotateA,rotate,2,B,C,D,E,skip,A,B,C,D,E,skip,A,B,C,D,E,skip,A,B,C,0.1
285,casteC,caste,3,C,C,D,B,B,E,A,C,B,D,D,E,B,C,E,C,D,E,A,C,0.3
285,rotateB,rotate,4,D,E,skip,A,B,C,D,E,skip,A,B,C,D,E,skip,A,B,C,D,E,0.15
285,casteA,caste,5,E,E,A,C,E,A,D,E,C,A,B,C,A,E,D,A,B,D,B,E,0.3
285,rotateC,rotate,6,skip,A,B,C,D,E,skip,A,B,C,D,E,skip,A,B,C,D,E,skip,A,0.15
286,rotateB,rotate,1,A,B,C,D,E,skip,A,B,C,D,E,skip,A,B,C,D,E,skip,A,B,0.65
286,rotateC,rotate,2,B,C,D,E,skip,A,B,C,D,E,skip,A,B,C,D,E,skip,A,B,C,0.7
286,challengerC,challenger,3,A,A,A,A,A,A,A,A,A,A,A,A,A,A,A,A,A,A,A,A,0.0
286,rotateA,rotate,4,D,E,skip,A,B,C,D,E,skip,A,B,C,D,E,skip,A,B,C,D,E,0.7
286,challengerB,challenger,5,A,A,A,A,A,A,A,A,A,A,A,A,A,A,A,A,A,A,A,A,0.0
286,challengerA,challenger,6,A,A,A,A,A,A,A,A,A,A,A,A,A,A,A,A,A,A,A,A,0.0
287,rotate0C,rotate0,1,A,A,A,A,A,A,A,A,A,A,A,A,A,A,A,A,A,A,A,A,1.0
287,rotate0A,rotate0,2,B,B,B,B,B,B,B,B,B,B,B,B,B,B,B,B,B,B,B,B,1.0
287,rotate0A,rotate0,3,C,C,C,C,C,C,C,C,C,C,C,C,C,C,C,C,C,C,C,C,1.0
287,rotate0B,rotate0,4,D,D,D,D,D,D,D,D,D,D,D,D,D,D,D,D,D,D,D,D,1.0
287,rotate0C,rotate0,5,E,E,E,E,E,E,E,E,E,E,E,E,E,E,E,E,E,E,E,E,1.0
287,rotate0B,rotate0,6,skip,skip,skip,skip,skip,skip,skip,skip,skip,skip,skip,skip,skip,skip,skip,skip,skip,skip,skip,skip,0.0
288,turntakingC,turntaking,1,skip,D,D,E,E,E,E,E,E,E,B,B,B,B,B,D,D,D,D,E,0.45
288,rotateA,rotate,2,B,C,D,E,skip,A,B,C,D,E,skip,A,B,C,D,E,skip,A,B,C,0.35
288,turntakingA,turntaking,3,B,B,B,D,D,D,D,D,D,D,A,D,E,E,E,E,E,E,E,A,0.55
288,rotateC,rotate,4,D,E,skip,A,B,C,D,E,skip,A,B,C,D,E,skip,A,B,C,D,E,0.35
288,rotateB,rotate,5,E,skip,A,B,C,D,E,skip,A,B,C,D,E,skip,A,B,C,D,E,skip,0.3
288,turntakingB,turntaking,6,E,E,E,B,B,B,B,B,B,B,D,E,D,D,D,B,B,B,B,D,0.45
289,turntakingA,turntaking,1,skip,E,C,B,A,A,skip,E,E,E,E,E,skip,B,C,C,A,E,skip,B,0.8
289,turntakingB,turntaking,2,A,skip,D,D,D,D,A,skip,C,C,D,A,E,skip,B,D,C,A,E,skip,0.8
289,turntakingC,turntaking,3,B,A,skip,E,C,B,D,A,skip,B,C,D,A,E,skip,B,D,C,A,E,0.85
289,turntakingC,turntaking,4,C,B,A,skip,E,C,B,D,A,skip,B,C,D,A,E,skip,B,D,C,A,0.85
289,turntakingB,turntaking,5,D,C,B,A,skip,E,C,B,D,A,skip,B,C,D,A,E,skip,B,D,C,0.85
289,turntakingA,turntaking,6,E,D,E,C,B,skip,E,C,B,D,A,skip,B,C,D,A,E,skip,B,D,0.85
290,challengerB,challenger,1,A,A,A,A,A,A,A,A,A,A,A,A,A,A,A,A,A,A,A,A,0.0
290,radicaleqA,radicaleq,2,B,A,D,skip,A,D,skip,A,D,skip,A,D,skip,A,D,skip,A,D,skip,A,0.35
290,challengerC,challenger,3,A,A,A,A,A,A,A,A,A,A,A,A,A,A,A,A,A,A,A,A,0.0
290,radicaleqB,radicaleq,4,D,skip,A,D,skip,A,D,skip,A,D,skip,A,D,skip,A,D,skip,A,D,skip,0.35
290,challengerA,challenger,5,A,A,A,A,A,A,A,A,A,A,A,A,A,A,A,A,A,A,A,A,0.0
290,radicaleqC,radicaleq,6,skip,D,skip,A,D,skip,A,D,skip,A,D,skip,A,D,skip,A,D,skip,A,D,0.35
291,rotateC,rotate,1,A,B,C,D,E,skip,A,B,C,D,E,skip,A,B,C,D,E,skip,A,B,0.05
291,casteA,caste,2,B,B,A,B,A,B,C,C,C,E,A,A,A,A,D,D,D,B,C,B,0.55
291,casteB,caste,3,C,C,E,D,D,E,B,D,D,D,E,B,B,B,C,B,E,D,B,A,0.45
291,casteC,caste,4,D,D,C,E,E,A,A,B,E,C,D,E,C,C,E,E,A,A,A,C,0.6
291,rotateA,rotate,5,E,skip,A,B,C,D,E,skip,A,B,C,D,E,skip,A,B,C,D,E,skip,0.6
291,rotateB,rotate,6,skip,A,B,C,D,E,skip,A,B,C,D,E,skip,A,B,C,D,E,skip,A,0.4
292,randomB,random,1,B,skip,skip,C,D,D,C,skip,skip,E,D,A,skip,D,E,D,C,A,E,C,0.35
292,challengerA,challenger,2,A,A,A,A,A,A,A,A,A,A,A,A,A,A,A,A,A,A,A,A,0.0
292,randomA,random,3,D,B,C,C,D,E,C,E,D,D,B,D,D,skip,skip,C,skip,skip,E,A,0.4
292,challengerC,challenger,4,A,A,A,A,A,A,A,A,A,A,A,A,A,A,A,A,A,A,A,A,0.0
292,challengerB,challenger,5,A,A,A,A,A,A,A,A,A,A,A,A,A,A,A,A,A,A,A,A,0.0
292,randomC,random,6,B,skip,C,C,D,E,A,C,C,E,A,A,E,C,B,C,D,A,D,D,0.4
293,turntakingB,turntaking,1,skip,E,D,D,D,B,B,B,D,D,D,B,B,B,D,D,D,B,B,B,0.6
293,casteA,caste,2,B,A,A,A,A,A,A,A,A,A,A,A,A,A,C,C,C,C,C,C,0.95
293,turntakingC,turntaking,3,B,B,E,E,E,E,E,E,E,E,E,E,E,E,E,E,E,E,E,E,0.65
293,casteB,caste,4,D,C,C,C,C,C,C,C,C,C,C,C,C,C,A,A,A,A,A,A,0.95
293,turntakingA,turntaking,5,D,D,B,B,B,D,D,D,B,B,B,D,D,D,B,B,B,D,D,D,0.65
293,casteC,caste,6,skip,E,E,B,D,E,D,B,E,B,D,E,D,B,E,B,D,E,D,B,0.0
294,turntakingA,turntaking,1,skip,E,E,B,E,B,E,B,D,D,B,E,E,E,D,D,D,E,B,B,0.6
294,turntakingB,turntaking,2,A,C,C,D,A,E,A,D,E,E,D,D,D,D,B,E,B,C,E,E,0.45
294,random3C,random3,3,C,C,C,C,C,C,C,B,C,B,B,B,B,B,B,B,B,B,B,D,0.45
294,turntakingC,turntaking,4,C,A,A,E,C,D,C,E,C,C,E,C,C,C,C,C,C,A,C,C,0.4
294,random3A,random3,5,E,E,E,D,D,D,A,A,A,A,A,C,C,C,C,E,E,E,E,E,0.15
294,random3B,random3,6,A,A,A,A,A,B,A,A,A,A,A,A,A,A,A,A,A,A,A,A,0.45
295,challengerA,challenger,1,A,A,A,A,A,A,A,A,A,A,A,A,A,A,A,A,A,A,A,A,0.0
295,rotateC,rotate,2,B,C,D,E,skip,A,B,C,D,E,skip,A,B,C,D,E,skip,A,B,C,0.7
295,rotateB,rotate,3,C,D,E,skip,A,B,C,D,E,skip,A,B,C,D,E,skip,A,B,C,D,0.7
295,challengerB,challenger,4,A,A,A,A,A,A,A,A,A,A,A,A,A,A,A,A,A,A,A,A,0.0
295,rotateA,rotate,5,E,skip,A,B,C,D,E,skip,A,B,C,D,E,skip,A,B,C,D,E,skip,0.65
295,challengerC,challenger,6,A,A,A,A,A,A,A,A,A,A,A,A,A,A,A,A,A,A,A,A,0.0
296,rotate0A,rotate0,1,A,A,A,A,A,A,A,A,A,A,A,A,A,A,A,A,A,A,A,A,1.0
296,rotate0C,rotate0,2,B,B,B,B,B,B,B,B,B,B,B,B,B,B,B,B,B,B,B,B,0.65
296,random3C,random3,3,E,E,E,E,E,E,E,E,E,E,E,E,E,E,E,E,E,E,E,E,1.0
296,random3A,random3,4,B,B,B,B,B,D,D,D,D,D,D,D,D,D,D,D,D,D,D,D,0.75
296,random3B,random3,5,B,B,B,B,B,B,B,C,C,C,C,C,C,C,C,C,C,C,C,C,0.65
296,rotate0B,rotate0,6,skip,skip,skip,skip,skip,skip,skip,skip,skip,skip,skip,skip,skip,skip,skip,skip,skip,skip,skip,skip,0.0
297,turntakingC,turntaking,1,skip,E,E,C,D,D,C,C,E,D,C,E,E,E,E,E,E,E,E,E,0.5
297,rotateC,rotate,2,B,C,D,E,skip,A,B,C,D,E,skip,A,B,C,D,E,skip,A,B,C,0.35
297,rotateA,rotate,3,C,D,E,skip,A,B,C,D,E,skip,A,B,C,D,E,skip,A,B,C,D,0.35
297,rotateB,rotate,4,D,E,skip,A,B,C,D,E,skip,A,B,C,D,E,skip,A,B,C,D,E,0.25
297,turntakingA,turntaking,5,D,D,D,E,E,E,E,E,D,E,D,D,C,D,D,D,D,D,C,C,0.4
297,turntakingB,turntaking,6,E,C,C,B,C,C,D,D,C,C,B,C,D,C,C,C,C,C,D,D,0.45
298,random3C,random3,1,A,A,C,C,C,C,C,C,C,C,B,C,C,E,E,E,E,E,E,D,0.55
298,radicaleqA,radicaleq,2,B,E,E,B,E,E,D,D,D,D,D,D,skip,D,skip,D,skip,D,A,A,0.55
298,radicaleqB,radicaleq,3,C,D,D,A,D,D,E,E,E,E,skip,skip,D,skip,D,skip,E,A,E,D,0.45
298,radicaleqC,radicaleq,4,D,A,B,E,C,B,A,A,B,C,A,C,C,A,C,C,C,C,C,C,0.35
298,random3A,random3,5,E,E,E,E,E,E,A,A,A,A,A,A,A,A,A,A,A,A,A,A,0.4
298,random3B,random3,6,D,D,D,D,D,B,B,B,B,B,B,B,B,B,B,B,B,B,B,B,0.65
299,randomA,random,1,D,D,C,A,C,skip,skip,D,D,A,E,C,E,C,C,A,E,D,D,E,0.2
299,randomB,random,2,B,A,C,D,A,C,A,A,D,skip,B,C,E,C,E,A,B,D,skip,C,0.35
299,rotate0C,rotate0,3,C,C,C,C,C,C,C,C,C,C,C,C,C,C,C,C,C,C,C,C,0.4
299,randomC,random,4,D,D,D,E,skip,E,B,skip,C,B,C,C,C,B,A,E,B,C,C,D,0.3
299,rotate0A,rotate0,5,E,E,E,E,E,E,E,E,E,E,E,E,E,E,E,E,E,E,E,E,0.6
299,rotate0B,rotate0,6,skip,skip,skip,skip,skip,skip,skip,skip,skip,skip,skip,skip,skip,skip,skip,skip,skip,skip,skip,skip,0.0
300,equalizeB,equalize,1,A,B,A,C,D,skip,A,C,D,B,E,skip,D,C,B,E,A,skip,D,B,0.85
300,equalizeA,equalize,2,B,C,D,E,skip,A,C,D,B,E,skip,D,C,B,E,A,skip,D,B,C,0.85
300,equalizeB,equalize,3,C,D,E,skip,A,C,D,B,E,skip,D,C,B,E,A,skip,D,B,C,E,0.85
300,equalizeC,equalize,4,D,E,skip,A,C,D,B,E,skip,D,C,B,E,A,skip,D,B,C,E,A,0.85
300,equalizeA,equalize,5,E,skip,B,B,B,B,E,skip,C,C,B,E,A,skip,D,B,C,E,A,skip,0.8
300,equalizeC,equalize,6,skip,A,C,D,E,E,skip,A,A,A,A,A,skip,D,C,C,E,A,skip,D,0.8
301,turntakingC,turntaking,1,skip,D,D,E,D,A,D,A,D,A,C,E,A,D,A,D,A,E,A,A,0.9
301,rotate0A,rotate0,2,B,B,B,B,B,B,B,B,B,B,B,B,B,B,B,B,B,B,B,B,0.5
301,rotate0C,rotate0,3,C,C,C,C,C,C,C,C,C,C,C,C,C,C,C,C,C,C,C,C,0.5
301,turntakingA,turntaking,4,C,C,C,B,C,D,C,D,C,D,D,B,D,C,D,C,D,C,B,D,0.4
301,turntakingB,turntaking,5,D,B,B,D,B,E,B,E,B,E,A,D,E,B,E,B,E,D,E,E,0.65
301,rotate0B,rotate0,6,skip,skip,skip,skip,skip,skip,skip,skip,skip,skip,skip,skip,skip,skip,skip,skip,skip,skip,skip,skip,0.0
302,casteC,caste,1,A,B,B,B,B,B,B,B,B,B,B,B,B,B,B,B,B,B,B,B,0.95
302,turntakingA,turntaking,2,A,A,A,A,A,A,A,A,A,A,A,A,A,A,A,A,A,A,A,A,0.65
302,turntakingB,turntaking,3,B,C,C,C,C,C,C,C,C,C,C,C,C,C,C,C,C,C,C,C,0.65
302,turntakingC,turntaking,4,C,E,E,E,E,E,E,E,E,E,E,E,E,E,E,E,E,E,E,E,0.7
302,casteA,caste,5,E,D,D,D,D,D,D,D,D,D,D,D,D,D,D,D,D,D,D,D,1.0
302,casteB,caste,6,skip,C,E,A,C,E,A,C,E,A,C,E,A,C,E,A,C,E,A,C,0.0
303,radicaleqC,radicaleq,1,A,B,E,A,D,B,E,B,E,B,D,A,E,D,E,E,D,C,B,D,0.4
303,turntakingB,turntaking,2,A,A,A,B,C,C,C,C,C,B,C,E,E,A,C,C,E,E,B,C,0.35
303,radicaleqB,radicaleq,3,C,A,B,E,skip,C,B,C,B,E,C,B,A,A,C,A,C,B,A,C,0.35
303,turntakingA,turntaking,4,C,C,C,A,E,E,E,E,E,A,B,C,B,C,B,E,C,C,A,E,0.4
303,radicaleqA,radicaleq,5,E,E,C,D,C,D,A,D,A,D,A,C,D,C,B,B,E,A,D,A,0.4
303,turntakingC,turntaking,6,E,E,E,C,A,A,A,A,A,E,A,A,C,E,E,A,A,A,E,B,0.45
304,radicaleqA,radicaleq,1,A,B,A,D,D,E,D,A,A,D,D,skip,E,E,E,C,C,B,B,B,0.55
304,radicaleqC,radicaleq,2,B,C,D,A,E,A,A,skip,D,A,A,E,D,D,D,D,skip,skip,E,C,0.55
304,rotateC,rotate,3,C,D,E,skip,A,B,C,D,E,skip,A,B,C,D,E,skip,A,B,C,D,0.55
304,rotateA,rotate,4,D,E,skip,A,B,C,D,E,skip,A,B,C,D,E,skip,A,B,C,D,E,0.6
304,rotateB,rotate,5,E,skip,A,B,C,D,E,skip,A,B,C,D,E,skip,A,B,C,D,E,skip,0.5
304,radicaleqB,radicaleq,6,skip,A,C,E,skip,D,C,B,C,E,E,A,skip,A,skip,skip,A,A,skip,A,0.55
305,challengerB,challenger,1,A,A,A,A,A,A,A,A,A,A,A,A,A,A,A,A,A,A,A,A,0.0
305,challengerA,challenger,2,A,A,A,A,A,A,A,A,A,A,A,A,A,A,A,A,A,A,A,A,0.0
305,rotateC,rotate,3,C,D,E,skip,A,B,C,D,E,skip,A,B,C,D,E,skip,A,B,C,D,0.7
305,rotateB,rotate,4,D,E,skip,A,B,C,D,E,skip,A,B,C,D,E,skip,A,B,C,D,E,0.7
305,challengerC,challenger,5,A,A,A,A,A,A,A,A,A,A,A,A,A,A,A,A,A,A,A,A,0.0
305,rotateA,rotate,6,skip,A,B,C,D,E,skip,A,B,C,D,E,skip,A,B,C,D,E,skip,A,0.6
306,turntakingB,turntaking,1,skip,E,E,E,E,A,E,A,A,B,E,B,A,E,A,A,D,A,B,A,0.65
306,random3A,random3,2,E,E,B,B,B,B,B,B,B,B,C,A,A,C,C,B,E,E,E,E,0.3
306,turntakingC,turntaking,3,B,D,D,D,D,B,A,B,E,A,B,A,B,A,B,B,B,B,D,B,0.7
306,random3B,random3,4,E,A,A,A,A,A,A,D,D,D,D,D,D,D,D,D,D,D,D,A,0.7
306,turntakingA,turntaking,5,D,C,C,C,C,E,C,E,C,E,C,E,E,C,E,E,A,E,E,E,0.4
306,random3C,random3,6,C,C,C,C,C,C,C,C,C,E,C,C,C,C,C,C,C,C,C,C,0.5
307,equalizeC,equalize,1,A,B,D,B,B,C,B,B,E,B,B,C,B,B,D,B,B,E,B,B,0.95
307,challengerB,challenger,2,A,A,A,A,A,A,A,A,A,A,A,A,A,A,A,A,A,A,A,A,0.0
307,challengerA,challenger,3,A,A,A,A,A,A,A,A,A,A,A,A,A,A,A,A,A,A,A,A,0.0
307,equalizeB,equalize,4,D,E,C,C,D,D,E,C,C,C,E,D,D,C,C,E,D,D,C,E,1.0
307,challengerC,challenger,5,A,A,A,A,A,A,A,A,A,A,A,A,A,A,A,A,A,A,A,A,0.0
307,equalizeA,equalize,6,skip,C,E,D,E,E,C,D,D,E,D,E,C,E,E,D,C,C,E,D,0.95
308,radicaleqA,radicaleq,1,A,B,E,C,D,C,C,E,D,C,B,B,B,B,B,B,B,B,skip,B,0.65
308,random3C,random3,2,B,B,C,C,D,D,D,D,D,D,E,E,C,C,C,A,A,A,A,A,0.35
308,random3B,random3,3,B,E,E,E,E,C,A,A,A,A,A,A,A,A,A,A,A,C,C,C,0.55
308,radicaleqB,radicaleq,4,D,skip,B,B,E,E,skip,B,C,D,E,E,E,C,C,A,A,C,C,C,0.15
308,random3A,random3,5,B,B,B,B,B,B,B,B,D,B,E,E,E,D,D,D,D,D,D,D,0.4
308,radicaleqC,radicaleq,6,skip,D,skip,skip,B,B,D,C,E,B,D,D,D,E,E,E,E,E,B,skip,0.6
309,equalizeC,equalize,1,A,A,E,A,B,B,A,A,A,D,A,A,D,B,B,C,D,C,C,C,0.8
309,random3C,random3,2,E,D,D,D,D,D,D,D,D,D,D,D,D,C,D,D,D,B,B,A,0.45
309,random3A,random3,3,B,B,E,E,E,A,C,C,E,E,B,B,B,C,C,B,C,B,B,B,0.1
309,random3B,random3,4,B,B,E,E,E,E,E,E,E,E,E,E,E,E,E,E,E,E,E,E,0.65
309,equalizeA,equalize,5,E,C,A,D,C,C,D,C,B,C,B,B,A,C,A,A,A,A,D,D,0.65
309,equalizeB,equalize,6,skip,D,C,C,A,A,B,B,C,A,C,C,B,A,C,B,C,B,A,A,0.55
310,radicaleqA,radicaleq,1,A,B,D,D,skip,D,E,skip,A,skip,D,A,skip,A,skip,A,skip,skip,skip,D,0.45
310,randomC,random,2,A,D,skip,E,C,C,A,A,C,E,B,skip,B,C,E,skip,A,A,C,skip,0.2
310,randomB,random,3,A,D,A,A,A,C,B,A,skip,E,E,D,B,E,E,D,skip,E,C,A,0.2
310,radicaleqB,radicaleq,4,D,skip,A,A,D,skip,A,D,skip,D,A,skip,A,skip,A,skip,A,D,D,A,0.4
310,randomA,random,5,A,skip,D,A,E,D,skip,E,skip,E,B,E,E,D,B,D,B,D,B,skip,0.35
310,radicaleqC,radicaleq,6,skip,A,skip,skip,A,E,skip,A,D,A,skip,D,D,D,D,D,D,A,A,skip,0.4
311,randomC,random,1,C,skip,B,E,A,C,B,C,B,D,B,D,D,E,D,D,C,skip,D,C,0.0
311,casteB,caste,2,B,D,A,D,D,C,C,E,E,E,A,A,C,C,C,C,C,B,E,C,0.55
311,casteA,caste,3,C,E,E,E,C,D,D,C,B,D,B,D,D,A,D,A,E,E,A,A,0.4
311,randomB,random,4,B,B,skip,A,D,A,A,A,skip,E,E,A,skip,E,E,A,D,A,E,A,0.3
311,casteC,caste,5,E,A,D,A,A,E,B,D,A,B,E,C,A,B,A,B,B,A,C,B,0.65
311,randomA,random,6,C,C,B,B,E,skip,D,D,C,C,E,B,E,B,skip,D,C,B,D,D,0.4
312,rotate0A,rotate0,1,A,A,A,A,A,A,A,A,A,A,A,A,A,A,A,A,A,A,A,A,0.5
312,rotate0B,rotate0,2,B,B,B,B,B,B,B,B,B,B,B,B,B,B,B,B,B,B,B,B,0.55
312,rotate0C,rotate0,3,C,C,C,C,C,C,C,C,C,C,C,C,C,C,C,C,C,C,C,C,0.55
312,rotateB,rotate,4,D,E,skip,A,B,C,D,E,skip,A,B,C,D,E,skip,A,B,C,D,E,0.4
312,rotateC,rotate,5,E,skip,A,B,C,D,E,skip,A,B,C,D,E,skip,A,B,C,D,E,skip,0.35
312,rotateA,rotate,6,skip,A,B,C,D,E,skip,A,B,C,D,E,skip,A,B,C,D,E,skip,A,0.3
313,turntakingC,turntaking,1,skip,A,E,A,E,A,A,A,A,A,C,C,A,D,A,A,A,C,A,A,0.7
313,random3C,random3,2,E,E,E,E,E,C,C,C,C,E,E,E,E,B,B,B,B,B,B,B,0.45
313,random3A,random3,3,E,B,B,C,D,D,D,D,D,D,D,D,D,D,C,C,C,C,C,C,0.4
313,random3B,random3,4,A,A,A,C,A,C,C,C,C,E,E,E,E,E,E,E,E,E,E,E,0.35
313,turntakingA,turntaking,5,D,C,B,D,B,D,B,B,B,E,A,A,D,A,D,D,D,A,D,D,0.8
313,turntakingB,turntaking,6,E,D,A,B,A,B,E,E,C,C,E,E,C,C,C,C,C,E,C,C,0.4
314,challengerA,challenger,1,A,A,A,A,A,A,A,A,A,A,A,A,A,A,A,A,A,A,A,A,0.0
314,random3C,random3,2,B,B,B,D,D,D,D,D,D,D,D,D,D,D,D,D,D,D,D,D,0.85
314,random3B,random3,3,A,A,E,E,E,E,E,E,E,E,E,E,E,E,E,E,E,E,E,E,0.9
314,challengerB,challenger,4,A,A,A,A,A,A,A,A,A,A,A,A,A,A,A,A,A,A,A,A,0.0
314,random3A,random3,5,B,B,B,B,B,B,B,B,B,B,B,B,B,B,B,B,B,B,B,B,0.85
314,challengerC,challenger,6,A,A,A,A,A,A,A,A,A,A,A,A,A,A,A,A,A,A,A,A,0.0
315,random3A,random3,1,A,A,A,A,A,A,A,A,A,D,D,D,D,C,C,C,D,E,D,D,0.25
315,random3C,random3,2,E,B,B,D,B,B,E,E,B,B,B,B,B,B,B,B,B,B,B,B,0.45
315,casteC,caste,3,C,B,C,C,C,C,E,D,D,D,D,D,A,A,A,A,A,A,A,A,0.75
315,casteA,caste,4,D,C,D,D,D,D,C,C,C,C,C,C,C,C,C,C,D,C,C,C,0.75
315,casteB,caste,5,E,A,E,E,E,A,D,E,A,B,A,A,D,B,D,E,C,E,B,E,0.45
315,random3B,random3,6,A,B,B,B,B,B,E,E,E,E,E,E,E,E,E,E,D,D,D,D,0.45
316,rotate0B,rotate0,1,A,A,A,A,A,A,A,A,A,A,A,A,A,A,A,A,A,A,A,A,0.0
316,rotate0C,rotate0,2,B,B,B,B,B,B,B,B,B,B,B,B,B,B,B,B,B,B,B,B,1.0
316,challengerC,challenger,3,A,A,A,A,A,A,A,A,A,A,A,A,A,A,A,A,A,A,A,A,0.0
316,rotate0A,rotate0,4,D,D,D,D,D,D,D,D,D,D,D,D,D,D,D,D,D,D,D,D,1.0
316,challengerB,challenger,5,A,A,A,A,A,A,A,A,A,A,A,A,A,A,A,A,A,A,A,A,0.0
316,challengerA,challenger,6,A,A,A,A,A,A,A,A,A,A,A,A,A,A,A,A,A,A,A,A,0.0
317,radicaleqA,radicaleq,1,A,B,A,C,D,skip,A,C,D,B,E,skip,D,C,B,E,A,skip,D,B,0.85
317,radicaleqB,radicaleq,2,B,C,D,E,skip,A,C,D,B,E,skip,D,C,B,E,A,skip,D,B,C,0.85
317,radicaleqC,radicaleq,3,C,D,E,skip,A,C,D,B,E,skip,D,C,B,E,A,skip,D,B,C,E,0.85
317,equalizeB,equalize,4,D,E,skip,A,C,D,B,E,skip,D,C,B,E,A,skip,D,B,C,E,A,0.85
317,equalizeC,equalize,5,E,skip,B,B,B,B,E,skip,C,C,B,E,A,skip,D,B,C,E,A,skip,0.8
317,equalizeA,equalize,6,skip,A,C,D,E,E,skip,A,A,A,A,A,skip,D,C,C,E,A,skip,D,0.8
318,challengerA,challenger,1,A,A,A,A,A,A,A,A,A,A,A,A,A,A,A,A,A,A,A,A,0.0
318,challengerB,challenger,2,A,A,A,A,A,A,A,A,A,A,A,A,A,A,A,A,A,A,A,A,0.0
318,turntakingC,turntaking,3,B,C,C,C,C,E,E,D,B,D,D,D,D,D,D,B,C,D,B,C,1.0
318,challengerC,challenger,4,A,A,A,A,A,A,A,A,A,A,A,A,A,A,A,A,A,A,A,A,0.0
318,turntakingA,turntaking,5,D,B,E,D,B,C,C,C,D,B,B,C,C,B,B,C,D,B,C,D,1.0
318,turntakingB,turntaking,6,E,D,B,E,D,B,D,B,E,C,C,E,B,E,C,E,E,E,E,E,1.0
319,rotate0B,rotate0,1,A,A,A,A,A,A,A,A,A,A,A,A,A,A,A,A,A,A,A,A,0.0
319,challengerA,challenger,2,A,A,A,A,A,A,A,A,A,A,A,A,A,A,A,A,A,A,A,A,0.0
319,challengerC,challenger,3,A,A,A,A,A,A,A,A,A,A,A,A,A,A,A,A,A,A,A,A,0.0
319,rotate0A,rotate0,4,D,D,D,D,D,D,D,D,D,D,D,D,D,D,D,D,D,D,D,D,1.0
319,rotate0C,rotate0,5,E,E,E,E,E,E,E,E,E,E,E,E,E,E,E,E,E,E,E,E,1.0
319,challengerB,challenger,6,A,A,A,A,A,A,A,A,A,A,A,A,A,A,A,A,A,A,A,A,0.0
320,turntakingB,turntaking,1,skip,B,B,B,B,E,B,E,B,C,C,C,C,C,C,E,C,E,C,C,0.55
320,turntakingA,turntaking,2,A,E,E,E,E,D,E,C,C,E,E,D,E,A,A,C,A,C,A,A,0.6
320,random3C,random3,3,E,E,E,E,A,A,A,A,A,A,A,A,E,D,E,E,E,E,A,A,0.35
320,random3B,random3,4,C,C,C,C,C,C,C,C,B,B,B,B,B,B,B,B,B,B,B,B,0.65
320,turntakingC,turntaking,5,D,D,D,D,D,C,C,D,E,D,D,A,A,D,E,B,E,B,E,E,0.55
320,random3A,random3,6,B,B,B,B,B,B,B,B,B,B,A,A,A,A,E,D,D,D,D,D,0.4
321,casteC,caste,1,A,A,A,A,A,A,A,A,A,A,A,A,A,A,B,C,D,D,D,E,1.0
321,casteC,caste,2,B,B,B,B,B,B,B,B,B,B,B,B,B,C,D,E,E,E,E,D,1.0
321,casteB,caste,3,C,C,C,C,C,C,C,C,C,C,C,C,C,E,E,D,C,C,C,C,1.0
321,casteA,caste,4,D,D,D,D,D,D,D,D,D,D,D,D,D,D,C,B,B,B,B,B,1.0
321,casteB,caste,5,E,E,E,E,E,E,E,E,E,E,E,E,E,B,A,A,A,A,A,A,1.0
321,casteA,caste,6,skip,skip,skip,skip,skip,skip,skip,skip,skip,skip,skip,skip,skip,skip,skip,skip,skip,skip,skip,skip,0.0
322,casteA,caste,1,A,D,C,C,C,C,C,C,C,C,C,C,C,C,C,C,C,D,D,D,0.9
322,random3C,random3,2,A,B,B,B,B,B,B,A,A,A,A,A,A,A,A,A,A,A,A,A,0.55
322,random3B,random3,3,A,A,A,A,A,A,A,A,B,B,B,B,B,B,B,B,C,B,E,E,0.45
322,casteB,caste,4,D,B,D,D,D,D,D,D,D,D,D,D,D,D,D,D,D,C,C,C,0.95
322,random3A,random3,5,E,E,E,E,E,E,E,E,E,E,E,E,E,E,E,E,E,B,E,E,0.55
322,casteC,caste,6,skip,E,B,B,E,A,B,E,B,B,E,A,B,E,A,B,E,B,E,A,0.0
323,equalizeB,equalize,1,A,B,A,C,D,skip,A,C,D,B,E,skip,D,C,B,E,A,skip,D,B,0.85
323,equalizeA,equalize,2,B,C,D,E,skip,A,C,D,B,E,skip,D,C,B,E,A,skip,D,B,C,0.85
323,equalizeB,equalize,3,C,D,E,skip,A,C,D,B,E,skip,D,C,B,E,A,skip,D,B,C,E,0.85
323,equalizeA,equalize,4,D,E,skip,A,C,D,B,E,skip,D,C,B,E,A,skip,D,B,C,E,A,0.85
323,equalizeC,equalize,5,E,skip,B,B,B,B,E,skip,C,C,B,E,A,skip,D,B,C,E,A,skip,0.8
323,equalizeC,equalize,6,skip,A,C,D,E,E,skip,A,A,A,A,A,skip,D,C,C,E,A,skip,D,0.8
324,randomC,random,1,skip,E,C,C,A,C,C,B,E,C,C,A,B,skip,A,C,C,D,skip,B,0.2
324,turntakingA,turntaking,2,A,A,A,A,A,B,C,D,A,E,B,A,C,C,C,C,A,A,A,B,0.55
324,turntakingB,turntaking,3,B,B,B,E,E,D,E,B,E,B,E,B,B,B,A,A,C,C,C,A,0.55
324,turntakingC,turntaking,4,C,C,C,C,C,E,A,E,C,A,A,C,A,A,B,B,B,B,B,D,0.6
324,randomA,random,5,E,C,E,skip,C,D,A,C,C,B,B,D,C,D,A,B,E,D,C,skip,0.3
324,randomB,random,6,A,A,skip,D,A,A,D,B,B,D,D,skip,D,B,A,D,D,D,B,E,0.5
325,radicaleqC,radicaleq,1,A,D,skip,B,skip,A,D,D,D,D,A,skip,skip,D,B,skip,A,skip,A,skip,0.45
325,randomA,random,2,skip,skip,skip,D,C,A,E,B,D,skip,E,D,B,C,A,E,B,C,D,D,0.35
325,randomC,random,3,D,C,skip,A,A,B,E,A,B,C,D,A,E,D,D,skip,D,A,B,B,0.2
325,radicaleqA,radicaleq,4,D,A,B,A,B,D,skip,A,A,A,skip,D,B,B,D,B,B,B,B,B,0.3
325,radicaleqB,radicaleq,5,E,skip,A,D,A,B,B,B,B,B,B,A,D,A,A,D,skip,D,skip,A,0.4
325,randomB,random,6,D,B,D,A,D,skip,A,D,A,C,D,C,A,A,A,B,C,B,B,A,0.35
326,turntakingB,turntaking,1,skip,C,C,E,C,C,C,C,C,E,D,C,D,D,D,C,C,A,D,D,0.5
326,turntakingA,turntaking,2,A,A,A,C,D,D,D,A,A,A,A,A,A,A,A,D,D,D,C,C,0.5
326,rotateC,rotate,3,C,D,E,skip,A,B,C,D,E,skip,A,B,C,D,E,skip,A,B,C,D,0.4
326,rotateB,rotate,4,D,E,skip,A,B,C,D,E,skip,A,B,C,D,E,skip,A,B,C,D,E,0.4
326,turntakingC,turntaking,5,D,D,D,A,A,A,A,D,D,C,C,D,C,C,C,E,E,C,A,A,0.55
326,rotateA,rotate,6,skip,A,B,C,D,E,skip,A,B,C,D,E,skip,A,B,C,D,E,skip,A,0.3
327,turntakingA,turntaking,1,skip,E,C,B,A,A,skip,E,E,E,E,E,skip,B,C,C,A,E,skip,B,0.8
327,turntakingA,turntaking,2,A,skip,D,D,D,D,A,skip,C,C,D,A,E,skip,B,D,C,A,E,skip,0.8
327,turntakingB,turntaking,3,B,A,skip,E,C,B,D,A,skip,B,C,D,A,E,skip,B,D,C,A,E,0.85
327,turntakingC,turntaking,4,C,B,A,skip,E,C,B,D,A,skip,B,C,D,A,E,skip,B,D,C,A,0.85
327,turntakingC,turntaking,5,D,C,B,A,skip,E,C,B,D,A,skip,B,C,D,A,E,skip,B,D,C,0.85
327,turntakingB,turntaking,6,E,D,E,C,B,skip,E,C,B,D,A,skip,B,C,D,A,E,skip,B,D,0.85
328,equalizeA,equalize,1,A,B,A,C,D,skip,A,C,D,B,E,skip,D,C,B,E,A,skip,D,B,0.85
328,equalizeB,equalize,2,B,C,D,E,skip,A,C,D,B,E,skip,D,C,B,E,A,skip,D,B,C,0.85
328,equalizeB,equalize,3,C,D,E,skip,A,C,D,B,E,skip,D,C,B,E,A,skip,D,B,C,E,0.85
328,equalizeC,equalize,4,D,E,skip,A,C,D,B,E,skip,D,C,B,E,A,skip,D,B,C,E,A,0.85
328,equalizeA,equalize,5,E,skip,B,B,B,B,E,skip,C,C,B,E,A,skip,D,B,C,E,A,skip,0.8
328,equalizeC,equalize,6,skip,A,C,D,E,E,skip,A,A,A,A,A,skip,D,C,C,E,A,skip,D,0.8
329,challengerC,challenger,1,A,A,A,A,A,A,A,A,A,A,A,A,A,A,A,A,A,A,A,A,0.0
329,turntakingC,turntaking,2,A,C,C,E,E,E,B,C,C,E,E,E,B,B,C,E,B,C,E,B,0.95
329,turntakingA,turntaking,3,B,E,D,D,D,D,D,D,E,C,B,B,C,C,E,B,C,E,B,C,1.0
329,turntakingB,turntaking,4,C,B,E,B,C,B,C,E,B,B,D,C,D,E,D,D,D,D,D,D,1.0
329,challengerA,challenger,5,A,A,A,A,A,A,A,A,A,A,A,A,A,A,A,A,A,A,A,A,0.0
329,challengerB,challenger,6,A,A,A,A,A,A,A,A,A,A,A,A,A,A,A,A,A,A,A,A,0.0
330,challengerA,challenger,1,A,A,A,A,A,A,A,A,A,A,A,A,A,A,A,A,A,A,A,A,0.0
330,challengerB,challenger,2,A,A,A,A,A,A,A,A,A,A,A,A,A,A,A,A,A,A,A,A,0.0
330,rotate0C,rotate0,3,C,C,C,C,C,C,C,C,C,C,C,C,C,C,C,C,C,C,C,C,1.0
330,challengerC,challenger,4,A,A,A,A,A,A,A,A,A,A,A,A,A,A,A,A,A,A,A,A,0.0
330,rotate0A,rotate0,5,E,E,E,E,E,E,E,E,E,E,E,E,E,E,E,E,E,E,E,E,1.0
330,rotate0B,rotate0,6,skip,skip,skip,skip,skip,skip,skip,skip,skip,skip,skip,skip,skip,skip,skip,skip,skip,skip,skip,skip,0.0
331,casteC,caste,1,A,C,C,C,C,C,C,C,C,C,C,C,C,C,C,C,C,C,C,C,0.95
331,turntakingA,turntaking,2,A,A,A,A,A,A,A,A,A,A,A,A,A,A,A,A,A,A,A,A,0.65
331,casteA,caste,3,C,B,B,B,B,B,B,B,B,B,B,B,B,B,B,B,B,B,B,B,1.0
331,casteB,caste,4,D,E,A,D,E,A,D,E,A,D,E,A,D,E,A,D,E,A,D,E,0.0
331,turntakingB,turntaking,5,D,D,D,D,D,D,D,D,D,D,D,D,D,D,D,D,D,D,D,D,0.65
331,turntakingC,turntaking,6,E,E,E,E,E,E,E,E,E,E,E,E,E,E,E,E,E,E,E,E,0.65
332,challengerC,challenger,1,A,A,A,A,A,A,A,A,A,A,A,A,A,A,A,A,A,A,A,A,0.0
332,challengerB,challenger,2,A,A,A,A,A,A,A,A,A,A,A,A,A,A,A,A,A,A,A,A,0.0
332,challengerA,challenger,3,A,A,A,A,A,A,A,A,A,A,A,A,A,A,A,A,A,A,A,A,0.0
332,rotateB,rotate,4,D,E,skip,A,B,C,D,E,skip,A,B,C,D,E,skip,A,B,C,D,E,0.7
332,rotateC,rotate,5,E,skip,A,B,C,D,E,skip,A,B,C,D,E,skip,A,B,C,D,E,skip,0.65
332,rotateA,rotate,6,skip,A,B,C,D,E,skip,A,B,C,D,E,skip,A,B,C,D,E,skip,A,0.6
333,turntakingA,turntaking,1,skip,B,E,C,B,C,B,C,A,A,A,A,A,A,B,B,E,D,D,D,0.6
333,turntakingC,turntaking,2,A,A,A,B,A,E,A,E,B,B,B,B,E,E,C,A,B,E,E,E,0.6
333,random3B,random3,3,B,B,B,B,B,B,B,C,C,D,D,D,D,D,D,D,D,D,A,A,0.25
333,random3A,random3,4,E,C,C,C,D,D,D,D,A,D,E,E,D,D,D,D,C,C,C,C,0.3
333,random3C,random3,5,A,A,A,A,A,A,A,C,C,C,C,C,C,C,C,C,C,C,A,E,0.4
333,turntakingB,turntaking,6,E,E,B,E,E,D,E,D,E,E,E,E,B,B,E,E,D,B,B,B,0.65
334,random3C,random3,1,E,D,D,D,D,B,B,B,B,B,B,B,D,D,D,D,D,D,D,D,0.4
334,casteA,caste,2,B,A,D,D,D,C,B,C,B,E,C,B,E,B,E,B,C,D,E,C,0.15
334,random3A,random3,3,C,C,C,C,C,C,C,C,C,C,C,C,C,C,C,C,C,C,C,C,0.7
334,random3B,random3,4,E,E,E,E,E,E,E,E,E,E,E,E,E,B,B,B,E,E,E,E,0.65
334,casteB,caste,5,E,B,A,A,A,A,A,A,A,A,A,A,A,A,A,A,A,A,A,A,0.95
334,casteC,caste,6,skip,C,B,B,B,B,D,D,D,D,D,D,D,D,D,E,E,B,B,B,0.65
335,rotate0B,rotate0,1,A,A,A,A,A,A,A,A,A,A,A,A,A,A,A,A,A,A,A,A,0.5
335,rotate0C,rotate0,2,B,B,B,B,B,B,B,B,B,B,B,B,B,B,B,B,B,B,B,B,0.5
335,radicaleqC,radicaleq,3,C,D,B,E,D,E,D,C,D,E,D,C,D,E,D,C,D,E,D,C,0.5
335,rotate0A,rotate0,4,D,D,D,D,D,D,D,D,D,D,D,D,D,D,D,D,D,D,D,D,0.5
335,radicaleqB,radicaleq,5,E,skip,D,A,E,A,C,A,E,A,C,A,E,A,C,A,E,A,C,A,0.45
335,radicaleqA,radicaleq,6,skip,A,C,B,C,B,E,B,C,B,E,B,C,B,E,B,C,B,E,B,0.45
336,casteA,caste,1,A,A,C,C,A,B,E,E,A,E,C,D,A,B,C,E,B,D,E,A,0.55
336,casteC,caste,2,B,B,A,D,D,C,A,D,C,B,E,E,D,D,B,A,E,C,D,B,0.15
336,radicaleqB,radicaleq,3,C,D,E,skip,E,skip,C,skip,D,skip,B,skip,E,skip,D,skip,A,skip,C,skip,0.55
336,radicaleqA,radicaleq,4,D,E,skip,E,skip,C,A,D,C,B,E,E,D,D,B,A,E,C,D,B,0.15
336,radicaleqC,radicaleq,5,E,skip,A,C,D,B,D,E,B,E,A,D,C,B,A,E,C,D,B,A,0.05
336,casteB,caste,6,skip,skip,B,B,C,A,D,B,B,A,A,C,C,A,A,C,C,B,B,E,0.55
337,equalizeA,equalize,1,A,B,B,B,B,B,B,B,B,B,B,B,B,B,B,B,B,B,B,B,1.0
337,equalizeB,equalize,2,B,C,A,A,A,A,A,A,A,A,A,A,A,A,A,A,A,A,A,A,0.95
337,rotate0C,rotate0,3,C,C,C,C,C,C,C,C,C,C,C,C,C,C,C,C,C,C,C,C,0.95
337,equalizeC,equalize,4,D,E,D,D,D,D,D,D,D,D,D,D,D,D,D,D,D,D,D,D,0.95
337,rotate0A,rotate0,5,E,E,E,E,E,E,E,E,E,E,E,E,E,E,E,E,E,E,E,E,0.95
337,rotate0B,rotate0,6,skip,skip,skip,skip,skip,skip,skip,skip,skip,skip,skip,skip,skip,skip,skip,skip,skip,skip,skip,skip,0.0
338,randomA,random,1,C,B,C,skip,B,E,E,D,E,E,A,C,B,C,D,skip,B,D,E,E,0.25
338,randomC,random,2,C,B,A,C,skip,E,skip,E,skip,B,B,E,C,B,C,skip,E,C,skip,D,0.3
338,equalizeC,equalize,3,C,A,D,D,A,E,A,A,B,A,A,E,C,A,A,A,A,D,E,A,0.6
338,equalizeA,equalize,4,D,D,C,E,D,A,D,D,D,D,D,A,D,D,D,B,D,E,C,C,0.65
338,equalizeB,equalize,5,E,B,A,B,B,D,B,B,C,B,C,C,B,E,E,E,E,A,A,D,0.5
338,randomB,random,6,E,E,A,E,skip,C,C,A,C,B,D,A,skip,C,B,skip,C,B,B,C,0.35
339,radicaleqC,radicaleq,1,A,B,D,B,D,B,D,C,D,C,A,C,A,E,A,E,B,E,B,C,0.05
339,casteB,caste,2,B,B,C,B,A,E,D,A,B,C,E,D,A,B,C,E,D,A,B,D,0.35
339,casteA,caste,3,C,C,D,C,E,B,E,B,D,B,D,C,D,C,A,C,A,E,A,E,0.4
339,radicaleqB,radicaleq,4,D,E,A,C,A,C,E,A,E,B,E,B,D,B,D,C,D,C,A,D,0.05
339,casteC,caste,5,E,E,A,D,D,C,B,C,E,D,A,B,C,E,D,A,B,C,E,C,0.35
339,radicaleqA,radicaleq,6,skip,A,E,skip,skip,A,skip,skip,A,skip,skip,E,skip,skip,B,skip,skip,D,skip,skip,0.35
340,randomB,random,1,B,A,E,C,B,B,C,C,skip,skip,D,C,E,A,C,B,E,E,D,B,0.2
340,randomC,random,2,E,C,E,B,D,E,A,C,B,E,E,B,C,D,C,E,skip,B,skip,B,0.25
340,rotateC,rotate,3,C,D,E,skip,A,B,C,D,E,skip,A,B,C,D,E,skip,A,B,C,D,0.35
340,randomA,random,4,C,A,E,E,skip,B,E,E,D,B,C,D,E,A,E,B,E,C,skip,D,0.2
340,rotateB,rotate,5,E,skip,A,B,C,D,E,skip,A,B,C,D,E,skip,A,B,C,D,E,skip,0.4
340,rotateA,rotate,6,skip,A,B,C,D,E,skip,A,B,C,D,E,skip,A,B,C,D,E,skip,A,0.4
341,rotateC,rotate,1,A,B,C,D,E,skip,A,B,C,D,E,skip,A,B,C,D,E,skip,A,B,0.2
341,equalizeA,equalize,2,B,C,D,D,B,E,C,D,C,E,A,B,A,C,C,E,E,B,D,E,0.45
341,rotateA,rotate,3,C,D,E,skip,A,B,C,D,E,skip,A,B,C,D,E,skip,A,B,C,D,0.2
341,equalizeC,equalize,4,D,E,skip,C,A,B,A,B,E,D,E,C,C,D,E,D,D,C,C,D,0.2
341,equalizeB,equalize,5,E,skip,B,A,E,C,D,A,B,A,D,E,B,A,B,A,B,A,A,B,0.45
341,rotateB,rotate,6,skip,A,B,C,D,E,skip,A,B,C,D,E,skip,A,B,C,D,E,skip,A,0.3
342,radicaleqA,radicaleq,1,A,D,skip,skip,D,C,C,E,E,skip,C,D,E,B,D,D,C,E,E,E,0.35
342,radicaleqC,radicaleq,2,B,skip,D,E,A,D,skip,skip,C,B,D,E,B,C,E,B,E,B,B,B,0.25
342,randomB,random,3,D,B,E,E,D,C,B,C,B,A,E,E,E,C,C,B,D,B,E,B,0.3
342,randomA,random,4,skip,skip,D,C,D,E,C,skip,C,D,D,D,A,skip,C,skip,C,skip,C,C,0.2
342,randomC,random,5,D,C,D,skip,D,E,D,B,B,E,A,B,B,D,D,D,E,E,B,B,0.3
342,radicaleqB,radicaleq,6,skip,B,C,D,skip,skip,D,D,skip,D,B,C,skip,skip,C,C,skip,skip,skip,skip,0.3
343,randomA,random,1,E,skip,C,A,E,D,B,B,B,D,E,A,D,C,skip,C,A,A,D,C,0.2
343,randomC,random,2,E,B,D,B,D,A,E,A,B,D,D,D,skip,C,B,C,A,B,A,B,0.3
343,rotate0B,rotate0,3,C,C,C,C,C,C,C,C,C,C,C,C,C,C,C,C,C,C,C,C,0.75
343,rotate0A,rotate0,4,D,D,D,D,D,D,D,D,D,D,D,D,D,D,D,D,D,D,D,D,0.5
343,rotate0C,rotate0,5,E,E,E,E,E,E,E,E,E,E,E,E,E,E,E,E,E,E,E,E,0.55
343,randomB,random,6,skip,E,E,B,E,C,B,D,E,B,E,D,E,C,skip,D,E,B,skip,A,0.1
344,randomA,random,1,skip,skip,B,C,E,skip,B,B,C,skip,D,B,B,D,skip,E,skip,A,B,C,0.25
344,randomB,random,2,C,A,B,D,skip,skip,C,skip,E,E,B,skip,C,C,E,C,E,C,A,B,0.35
344,randomC,random,3,D,C,A,B,D,A,B,skip,E,skip,A,D,C,E,D,A,C,C,E,skip,0.25
344,random3B,random3,4,D,D,D,D,D,D,D,D,D,D,D,D,D,D,A,A,A,A,A,A,0.5
344,random3C,random3,5,A,A,A,A,A,A,A,A,A,A,A,A,A,A,A,A,D,D,D,D,0.7
344,random3A,random3,6,D,B,B,B,B,B,B,B,B,B,B,B,B,B,B,B,B,B,B,B,0.5
345,rotate0C,rotate0,1,A,A,A,A,A,A,A,A,A,A,A,A,A,A,A,A,A,A,A,A,1.0
345,random3A,random3,2,C,C,C,C,C,C,C,C,C,C,C,C,C,C,C,C,C,C,C,C,1.0
345,random3B,random3,3,D,D,D,D,D,D,D,D,D,D,D,D,D,D,D,D,D,D,D,D,1.0
345,random3C,random3,4,B,B,B,B,B,B,B,B,B,B,B,B,B,B,B,B,B,B,B,B,1.0
345,rotate0A,rotate0,5,E,E,E,E,E,E,E,E,E,E,E,E,E,E,E,E,E,E,E,E,1.0
345,rotate0B,rotate0,6,skip,skip,skip,skip,skip,skip,skip,skip,skip,skip,skip,skip,skip,skip,skip,skip,skip,skip,skip,skip,0.0
346,random3A,random3,1,D,D,D,D,D,D,D,D,D,D,D,D,D,D,D,D,D,D,D,D,0.85
346,rotate0C,rotate0,2,B,B,B,B,B,B,B,B,B,B,B,B,B,B,B,B,B,B,B,B,0.6
346,rotate0B,rotate0,3,C,C,C,C,C,C,C,C,C,C,C,C,C,C,C,C,C,C,C,C,0.75
346,random3B,random3,4,C,A,A,A,A,A,A,A,A,A,A,A,A,A,A,A,A,A,A,A,0.7
346,rotate0A,rotate0,5,E,E,E,E,E,E,E,E,E,E,E,E,E,E,E,E,E,E,E,E,1.0
346,random3C,random3,6,D,D,A,A,A,B,B,B,B,B,B,B,B,A,D,C,A,C,C,C,0.0
347,rotateB,rotate,1,A,B,C,D,E,skip,A,B,C,D,E,skip,A,B,C,D,E,skip,A,B,0.4
347,radicaleqA,radicaleq,2,B,C,D,C,skip,C,C,C,skip,skip,C,A,C,C,skip,skip,C,A,C,C,0.5
347,rotateC,rotate,3,C,D,E,skip,A,B,C,D,E,skip,A,B,C,D,E,skip,A,B,C,D,0.45
347,radicaleqB,radicaleq,4,D,E,skip,A,C,A,A,A,C,C,skip,skip,A,A,C,C,skip,skip,A,A,0.45
347,rotateA,rotate,5,E,skip,A,B,C,D,E,skip,A,B,C,D,E,skip,A,B,C,D,E,skip,0.35
347,radicaleqC,radicaleq,6,skip,A,C,B,E,D,B,D,E,B,E,D,B,D,E,B,E,D,B,D,0.2
348,rotateA,rotate,1,A,B,C,D,E,skip,A,B,C,D,E,skip,A,B,C,D,E,skip,A,B,0.65
348,rotateB,rotate,2,B,C,D,E,skip,A,B,C,D,E,skip,A,B,C,D,E,skip,A,B,C,0.7
348,challengerB,challenger,3,A,A,A,A,A,A,A,A,A,A,A,A,A,A,A,A,A,A,A,A,0.0
348,challengerC,challenger,4,A,A,A,A,A,A,A,A,A,A,A,A,A,A,A,A,A,A,A,A,0.0
348,rotateC,rotate,5,E,skip,A,B,C,D,E,skip,A,B,C,D,E,skip,A,B,C,D,E,skip,0.65
348,challengerA,challenger,6,A,A,A,A,A,A,A,A,A,A,A,A,A,A,A,A,A,A,A,A,0.0
349,challengerB,challenger,1,A,A,A,A,A,A,A,A,A,A,A,A,A,A,A,A,A,A,A,A,0.0
349,challengerA,challenger,2,A,A,A,A,A,A,A,A,A,A,A,A,A,A,A,A,A,A,A,A,0.0
349,radicaleqC,radicaleq,3,C,A,D,skip,A,D,skip,A,D,skip,A,D,skip,A,D,skip,A,D,skip,A,0.35
349,radicaleqB,radicaleq,4,D,skip,A,D,skip,A,D,skip,A,D,skip,A,D,skip,A,D,skip,A,D,skip,0.35
349,challengerC,challenger,5,A,A,A,A,A,A,A,A,A,A,A,A,A,A,A,A,A,A,A,A,0.0
349,radicaleqA,radicaleq,6,skip,D,skip,A,D,skip,A,D,skip,A,D,skip,A,D,skip,A,D,skip,A,D,0.35
350,challengerC,challenger,1,A,A,A,A,A,A,A,A,A,A,A,A,A,A,A,A,A,A,A,A,0.0
350,challengerB,challenger,2,A,A,A,A,A,A,A,A,A,A,A,A,A,A,A,A,A,A,A,A,0.0
350,challengerA,challenger,3,A,A,A,A,A,A,A,A,A,A,A,A,A,A,A,A,A,A,A,A,0.0
350,rotate0B,rotate0,4,D,D,D,D,D,D,D,D,D,D,D,D,D,D,D,D,D,D,D,D,1.0
350,rotate0C,rotate0,5,E,E,E,E,E,E,E,E,E,E,E,E,E,E,E,E,E,E,E,E,1.0
350,rotate0A,rotate0,6,skip,skip,skip,skip,skip,skip,skip,skip,skip,skip,skip,skip,skip,skip,skip,skip,skip,skip,skip,skip,0.0
351,challengerC,challenger,1,A,A,A,A,A,A,A,A,A,A,A,A,A,A,A,A,A,A,A,A,0.0
351,challengerB,challenger,2,A,A,A,A,A,A,A,A,A,A,A,A,A,A,A,A,A,A,A,A,0.0
351,challengerA,challenger,3,A,A,A,A,A,A,A,A,A,A,A,A,A,A,A,A,A,A,A,A,0.0
351,radicaleqB,radicaleq,4,D,A,E,skip,A,E,skip,A,E,skip,A,E,skip,A,E,skip,A,E,skip,A,0.35
351,radicaleqC,radicaleq,5,E,skip,A,E,skip,A,E,skip,A,E,skip,A,E,skip,A,E,skip,A,E,skip,0.35
351,radicaleqA,radicaleq,6,skip,E,skip,A,E,skip,A,E,skip,A,E,skip,A,E,skip,A,E,skip,A,E,0.35
352,equalizeC,equalize,1,A,B,B,C,C,C,C,C,C,C,C,C,C,C,C,C,C,C,C,C,1.0
352,equalizeB,equalize,2,B,C,C,E,B,B,B,B,B,B,B,B,B,B,B,B,B,B,B,B,0.95
352,equalizeA,equalize,3,C,D,A,A,A,A,A,A,A,A,A,A,A,A,A,A,A,A,A,A,0.95
352,rotate0B,rotate0,4,D,D,D,D,D,D,D,D,D,D,D,D,D,D,D,D,D,D,D,D,0.95
352,rotate0C,rotate0,5,E,E,E,E,E,E,E,E,E,E,E,E,E,E,E,E,E,E,E,E,0.95
352,rotate0A,rotate0,6,skip,skip,skip,skip,skip,skip,skip,skip,skip,skip,skip,skip,skip,skip,skip,skip,skip,skip,skip,skip,0.0
353,randomC,random,1,B,C,E,C,skip,E,E,C,D,B,D,D,A,A,A,D,B,E,D,skip,0.35
353,equalizeB,equalize,2,B,A,C,A,D,D,A,E,B,C,E,A,E,E,C,E,B,A,A,A,0.7
353,randomB,random,3,B,E,C,B,A,B,C,C,E,C,E,C,D,D,D,skip,skip,skip,D,D,0.25
353,equalizeA,equalize,4,D,E,E,D,E,C,C,A,D,D,D,B,B,C,E,B,C,E,C,E,0.5
353,randomA,random,5,skip,skip,B,B,B,skip,A,A,E,C,skip,skip,A,D,E,B,D,D,D,E,0.2
353,equalizeC,equalize,6,skip,C,D,B,A,A,D,D,E,A,A,D,A,B,B,C,A,C,B,C,0.65
354,challengerA,challenger,1,A,A,A,A,A,A,A,A,A,A,A,A,A,A,A,A,A,A,A,A,0.0
354,challengerB,challenger,2,A,A,A,A,A,A,A,A,A,A,A,A,A,A,A,A,A,A,A,A,0.0
354,challengerA,challenger,3,A,A,A,A,A,A,A,A,A,A,A,A,A,A,A,A,A,A,A,A,0.0
354,challengerB,challenger,4,A,A,A,A,A,A,A,A,A,A,A,A,A,A,A,A,A,A,A,A,0.0
354,challengerC,challenger,5,A,A,A,A,A,A,A,A,A,A,A,A,A,A,A,A,A,A,A,A,0.0
354,challengerC,challenger,6,A,A,A,A,A,A,A,A,A,A,A,A,A,A,A,A,A,A,A,A,0.0
355,challengerA,challenger,1,A,A,A,A,A,A,A,A,A,A,A,A,A,A,A,A,A,A,A,A,0.0
355,challengerB,challenger,2,A,A,A,A,A,A,A,A,A,A,A,A,A,A,A,A,A,A,A,A,0.0
355,challengerA,challenger,3,A,A,A,A,A,A,A,A,A,A,A,A,A,A,A,A,A,A,A,A,0.0
355,challengerC,challenger,4,A,A,A,A,A,A,A,A,A,A,A,A,A,A,A,A,A,A,A,A,0.0
355,challengerC,challenger,5,A,A,A,A,A,A,A,A,A,A,A,A,A,A,A,A,A,A,A,A,0.0
355,challengerB,challenger,6,A,A,A,A,A,A,A,A,A,A,A,A,A,A,A,A,A,A,A,A,0.0
356,random3B,random3,1,B,B,B,B,B,B,B,C,C,C,C,C,C,C,C,C,C,C,A,A,0.7
356,random3A,random3,2,C,D,D,D,D,C,E,E,B,B,B,B,B,B,B,B,B,B,B,B,0.7
356,randomC,random,3,C,C,skip,C,D,C,D,E,D,B,A,A,A,D,D,E,D,skip,C,D,0.4
356,randomB,random,4,skip,A,skip,C,D,skip,skip,D,E,A,D,D,E,skip,D,E,A,C,E,skip,0.2
356,random3C,random3,5,E,A,A,A,A,A,A,A,A,A,A,E,E,E,A,A,A,E,E,E,0.5
356,randomA,random,6,E,E,C,C,A,A,B,skip,C,B,C,C,A,E,skip,skip,B,skip,skip,A,0.1
357,casteC,caste,1,A,B,B,B,B,B,B,B,B,B,B,B,B,B,B,B,D,D,D,D,0.95
357,turntakingB,turntaking,2,A,A,A,A,A,A,A,A,A,A,A,A,A,A,A,A,A,A,A,A,0.6
357,casteB,caste,3,C,D,D,D,D,D,D,D,D,D,D,D,D,D,D,D,B,B,B,B,0.95
357,turntakingA,turntaking,4,C,C,C,C,C,C,C,C,C,C,C,C,C,C,C,C,C,C,C,C,0.65
357,casteA,caste,5,E,A,C,E,A,C,E,A,C,E,A,C,E,A,C,E,A,C,E,A,0.0
357,turntakingC,turntaking,6,E,E,E,E,E,E,E,E,E,E,E,E,E,E,E,E,E,E,E,E,0.65
358,radicaleqC,radicaleq,1,A,B,A,E,skip,A,E,skip,A,E,skip,A,E,skip,A,E,skip,A,E,skip,0.35
358,challengerA,challenger,2,A,A,A,A,A,A,A,A,A,A,A,A,A,A,A,A,A,A,A,A,0.0
358,challengerB,challenger,3,A,A,A,A,A,A,A,A,A,A,A,A,A,A,A,A,A,A,A,A,0.0
358,challengerC,challenger,4,A,A,A,A,A,A,A,A,A,A,A,A,A,A,A,A,A,A,A,A,0.0
358,radicaleqA,radicaleq,5,E,skip,skip,A,E,skip,A,E,skip,A,E,skip,A,E,skip,A,E,skip,A,E,0.35
358,radicaleqB,radicaleq,6,skip,A,E,skip,A,E,skip,A,E,skip,A,E,skip,A,E,skip,A,E,skip,A,0.3
359,equalizeC,equalize,1,A,C,E,A,E,C,B,E,C,B,E,C,A,E,C,B,E,C,A,E,0.65
359,turntakingB,turntaking,2,A,A,A,A,B,B,B,B,B,B,A,A,A,B,B,B,A,A,A,B,0.65
359,turntakingA,turntaking,3,B,B,D,D,D,D,D,D,D,D,D,D,D,D,D,D,D,D,D,D,0.65
359,equalizeB,equalize,4,D,E,B,E,C,A,E,C,A,E,C,B,E,C,A,E,C,B,E,C,0.65
359,turntakingC,turntaking,5,D,D,B,B,A,A,A,A,A,A,B,B,B,A,A,A,B,B,B,A,0.65
359,equalizeA,equalize,6,skip,B,C,C,D,E,C,D,E,C,D,E,C,D,E,C,D,E,C,D,0.6
360,randomB,random,1,E,A,skip,skip,skip,A,A,E,C,C,C,B,B,C,E,A,A,A,C,C,0.25
360,casteA,caste,2,B,A,E,E,A,E,D,E,D,D,A,D,D,C,A,B,D,A,D,D,0.45
360,casteC,caste,3,C,E,A,D,C,A,E,C,E,E,E,E,E,A,E,D,E,E,B,C,0.5
360,randomA,random,4,C,B,E,B,skip,A,D,C,C,skip,A,A,skip,C,D,B,E,E,B,E,0.2
360,randomC,random,5,D,C,C,D,C,A,C,D,A,D,D,C,D,skip,B,B,D,D,E,B,0.55
360,casteB,caste,6,skip,B,B,A,D,D,B,B,B,B,B,B,B,E,B,A,C,C,C,A,0.65
361,randomC,random,1,skip,E,E,D,C,C,D,D,A,skip,C,A,A,D,D,C,B,D,E,C,0.25
361,rotateB,rotate,2,B,C,D,E,skip,A,B,C,D,E,skip,A,B,C,D,E,skip,A,B,C,0.5
361,randomB,random,3,skip,D,D,D,A,B,C,skip,E,B,E,C,D,D,D,E,skip,A,E,C,0.3
361,rotateA,rotate,4,D,E,skip,A,B,C,D,E,skip,A,B,C,D,E,skip,A,B,C,D,E,0.45
361,randomA,random,5,B,B,D,A,C,C,C,skip,A,C,B,B,E,A,skip,skip,E,A,C,skip,0.25
361,rotateC,rotate,6,skip,A,B,C,D,E,skip,A,B,C,D,E,skip,A,B,C,D,E,skip,A,0.65
362,randomC,random,1,D,E,C,C,D,skip,D,skip,C,B,A,C,D,D,C,E,A,C,E,E,0.3
362,rotate0C,rotate0,2,B,B,B,B,B,B,B,B,B,B,B,B,B,B,B,B,B,B,B,B,0.4
362,rotate0A,rotate0,3,C,C,C,C,C,C,C,C,C,C,C,C,C,C,C,C,C,C,C,C,0.5
362,rotate0B,rotate0,4,D,D,D,D,D,D,D,D,D,D,D,D,D,D,D,D,D,D,D,D,0.6
362,randomA,random,5,E,skip,D,E,skip,D,A,skip,D,C,B,E,D,A,B,B,C,C,B,A,0.3
362,randomB,random,6,A,B,skip,B,B,B,C,B,C,skip,C,skip,skip,B,B,B,C,A,B,B,0.1
363,randomC,random,1,E,C,E,C,A,B,E,A,B,A,D,A,C,D,skip,A,C,C,B,D,0.45
363,turntakingB,turntaking,2,A,D,A,C,D,E,D,C,C,C,C,C,E,C,C,C,C,C,B,C,0.55
363,turntakingA,turntaking,3,B,B,C,D,C,D,C,E,D,D,D,B,C,B,D,D,D,D,D,E,0.6
363,randomB,random,4,B,B,skip,E,B,A,B,E,D,D,E,E,skip,D,C,skip,B,E,E,B,0.3
363,turntakingC,turntaking,5,D,C,D,B,B,C,B,D,B,B,B,D,B,D,B,B,B,B,C,D,0.5
363,randomA,random,6,C,B,D,B,E,A,D,C,C,E,A,D,E,B,A,E,skip,A,skip,skip,0.35
364,rotate0A,rotate0,1,A,A,A,A,A,A,A,A,A,A,A,A,A,A,A,A,A,A,A,A,0.65
364,rotate0B,rotate0,2,B,B,B,B,B,B,B,B,B,B,B,B,B,B,B,B,B,B,B,B,0.65
364,equalizeB,equalize,3,C,D,D,E,B,C,D,B,C,D,B,C,D,B,C,D,B,C,D,B,0.65
364,equalizeC,equalize,4,D,E,B,C,C,D,A,C,D,A,C,D,A,C,D,A,C,D,A,C,0.65
364,rotate0C,rotate0,5,E,E,E,E,E,E,E,E,E,E,E,E,E,E,E,E,E,E,E,E,0.7
364,equalizeA,equalize,6,skip,A,C,D,D,A,C,D,E,C,D,E,C,D,E,C,D,E,C,D,0.65
365,rotate0A,rotate0,1,A,A,A,A,A,A,A,A,A,A,A,A,A,A,A,A,A,A,A,A,1.0
365,rotate0B,rotate0,2,B,B,B,B,B,B,B,B,B,B,B,B,B,B,B,B,B,B,B,B,1.0
365,rotate0B,rotate0,3,C,C,C,C,C,C,C,C,C,C,C,C,C,C,C,C,C,C,C,C,1.0
365,rotate0C,rotate0,4,D,D,D,D,D,D,D,D,D,D,D,D,D,D,D,D,D,D,D,D,1.0
365,rotate0A,rotate0,5,E,E,E,E,E,E,E,E,E,E,E,E,E,E,E,E,E,E,E,E,1.0
365,rotate0C,rotate0,6,skip,skip,skip,skip,skip,skip,skip,skip,skip,skip,skip,skip,skip,skip,skip,skip,skip,skip,skip,skip,0.0
366,challengerC,challenger,1,A,A,A,A,A,A,A,A,A,A,A,A,A,A,A,A,A,A,A,A,0.0
366,challengerB,challenger,2,A,A,A,A,A,A,A,A,A,A,A,A,A,A,A,A,A,A,A,A,0.0
366,challengerA,challenger,3,A,A,A,A,A,A,A,A,A,A,A,A,A,A,A,A,A,A,A,A,0.0
366,equalizeB,equalize,4,D,D,D,D,C,C,E,D,D,C,E,E,D,C,C,C,D,D,E,C,1.0
366,equalizeC,equalize,5,E,E,E,E,D,D,C,E,E,D,C,C,E,D,D,E,C,C,D,E,1.0
366,equalizeA,equalize,6,skip,C,C,C,B,E,B,B,C,B,B,D,B,B,E,B,B,E,B,B,0.95
367,radicaleqC,radicaleq,1,A,B,C,A,E,D,E,B,E,C,E,D,B,A,C,E,D,B,A,D,0.05
367,casteA,caste,2,B,B,A,A,C,B,D,C,B,D,C,A,D,B,A,C,E,D,B,A,0.1
367,radicaleqA,radicaleq,3,C,D,skip,B,skip,C,skip,D,skip,B,skip,C,skip,D,skip,A,skip,E,skip,B,0.55
367,radicaleqB,radicaleq,4,D,E,B,skip,C,B,D,C,B,D,C,A,D,B,A,C,E,D,B,A,0.1
367,casteB,caste,5,E,E,C,D,A,D,A,B,A,C,A,D,E,A,E,E,B,B,C,D,0.5
367,casteC,caste,6,skip,skip,D,C,E,A,E,A,E,A,E,E,B,E,C,B,D,C,A,C,0.5
368,random3B,random3,1,B,B,E,A,A,A,A,A,A,A,A,A,A,A,A,A,A,A,A,A,0.85
368,random3A,random3,2,B,B,E,E,E,E,E,E,E,E,E,E,E,E,E,E,E,E,E,E,0.85
368,rotate0C,rotate0,3,C,C,C,C,C,C,C,C,C,C,C,C,C,C,C,C,C,C,C,C,0.85
368,rotate0B,rotate0,4,D,D,D,D,D,D,D,D,D,D,D,D,D,D,D,D,D,D,D,D,1.0
368,random3C,random3,5,C,C,C,B,B,B,B,B,B,B,B,B,B,B,B,B,B,B,B,B,0.85
368,rotate0A,rotate0,6,skip,skip,skip,skip,skip,skip,skip,skip,skip,skip,skip,skip,skip,skip,skip,skip,skip,skip,skip,skip,0.0
369,casteC,caste,1,A,A,B,B,B,C,C,A,B,C,C,D,D,E,A,B,E,C,B,D,0.55
369,radicaleqA,radicaleq,2,B,C,D,B,B,A,B,A,E,C,B,D,C,E,D,B,A,C,E,D,0.05
369,casteA,caste,3,C,C,D,C,D,D,B,D,A,E,A,B,A,C,E,D,B,A,C,E,0.2
369,radicaleqC,radicaleq,4,D,E,skip,D,E,skip,E,skip,D,skip,E,skip,B,skip,C,skip,D,skip,A,skip,0.55
369,radicaleqB,radicaleq,5,E,skip,E,E,skip,E,skip,D,A,E,A,B,A,C,E,D,B,A,C,E,0.2
369,casteB,caste,6,skip,skip,A,A,C,A,D,C,E,B,B,C,C,D,D,A,A,E,E,B,0.55
370,rotate0C,rotate0,1,A,A,A,A,A,A,A,A,A,A,A,A,A,A,A,A,A,A,A,A,0.9
370,equalizeA,equalize,2,B,C,A,B,B,B,B,C,C,C,C,C,C,C,C,C,C,C,C,C,0.95
370,equalizeB,equalize,3,C,D,C,A,C,C,C,D,D,D,D,D,D,D,D,D,D,D,D,D,0.95
370,equalizeC,equalize,4,D,E,B,D,D,D,D,E,B,B,B,B,B,B,B,B,B,B,B,B,0.9
370,rotate0A,rotate0,5,E,E,E,E,E,E,E,E,E,E,E,E,E,E,E,E,E,E,E,E,0.9
370,rotate0B,rotate0,6,skip,skip,skip,skip,skip,skip,skip,skip,skip,skip,skip,skip,skip,skip,skip,skip,skip,skip,skip,skip,0.0
371,radicaleqB,radicaleq,1,A,B,A,C,D,skip,A,C,D,B,E,skip,D,C,B,E,A,skip,D,B,0.85
371,radicaleqC,radicaleq,2,B,C,D,E,skip,A,C,D,B,E,skip,D,C,B,E,A,skip,D,B,C,0.85
371,equalizeC,equalize,3,C,D,E,skip,A,C,D,B,E,skip,D,C,B,E,A,skip,D,B,C,E,0.85
371,radicaleqA,radicaleq,4,D,E,skip,A,C,D,B,E,skip,D,C,B,E,A,skip,D,B,C,E,A,0.85
371,equalizeB,equalize,5,E,skip,B,B,B,B,E,skip,C,C,B,E,A,skip,D,B,C,E,A,skip,0.8
371,equalizeA,equalize,6,skip,A,C,D,E,E,skip,A,A,A,A,A,skip,D,C,C,E,A,skip,D,0.8
372,challengerA,challenger,1,A,A,A,A,A,A,A,A,A,A,A,A,A,A,A,A,A,A,A,A,0.0
372,challengerC,challenger,2,A,A,A,A,A,A,A,A,A,A,A,A,A,A,A,A,A,A,A,A,0.0
372,random3B,random3,3,E,E,E,E,E,E,E,E,E,E,E,E,E,E,E,E,E,E,E,E,1.0
372,random3A,random3,4,B,B,B,B,B,B,B,B,B,B,B,B,B,B,B,B,B,B,B,B,1.0
372,random3C,random3,5,A,C,C,C,C,C,C,C,C,C,C,C,C,C,C,C,C,C,C,C,0.95
372,challengerB,challenger,6,A,A,A,A,A,A,A,A,A,A,A,A,A,A,A,A,A,A,A,A,0.0
373,randomB,random,1,C,D,C,C,A,B,A,D,C,C,B,A,A,E,skip,C,B,skip,skip,skip,0.25
373,radicaleqA,radicaleq,2,B,A,D,skip,D,B,C,A,D,C,A,A,B,B,B,B,A,A,A,A,0.45
373,randomA,random,3,B,E,A,D,E,C,D,skip,D,B,B,A,B,A,A,B,A,E,skip,skip,0.4
373,radicaleqC,radicaleq,4,D,E,A,A,C,A,skip,D,E,skip,C,D,skip,C,D,skip,D,skip,C,skip,0.5
373,radicaleqB,radicaleq,5,E,skip,skip,B,skip,D,A,E,C,E,D,skip,C,D,skip,C,C,C,D,C,0.5
373,randomC,random,6,D,D,B,C,D,D,E,C,D,C,E,B,E,skip,C,D,B,B,D,A,0.45
374,casteA,caste,1,A,A,C,C,C,E,E,E,C,D,D,D,E,B,B,A,D,D,A,A,0.65
374,casteC,caste,2,B,B,A,D,D,D,A,A,A,C,C,E,A,A,A,B,C,C,E,C,0.55
374,rotateB,rotate,3,C,D,E,skip,A,B,C,D,E,skip,A,B,C,D,E,skip,A,B,C,D,0.85
374,rotateA,rotate,4,D,E,skip,A,B,C,D,E,skip,A,B,C,D,E,skip,A,B,C,D,E,0.45
374,rotateC,rotate,5,E,skip,A,B,C,D,E,skip,A,B,C,D,E,skip,A,B,C,D,E,skip,0.05
374,casteB,caste,6,skip,skip,B,B,E,C,D,B,B,B,E,C,D,E,C,D,E,E,B,B,0.55
375,turntakingA,turntaking,1,skip,D,D,D,B,B,B,D,D,D,D,D,E,E,B,B,D,E,B,D,0.95
375,turntakingC,turntaking,2,A,E,C,C,D,E,C,B,B,E,E,E,B,B,D,D,E,B,D,E,0.95
375,challengerC,challenger,3,A,A,A,A,A,A,A,A,A,A,A,A,A,A,A,A,A,A,A,A,0.0
375,challengerA,challenger,4,A,A,A,A,A,A,A,A,A,A,A,A,A,A,A,A,A,A,A,A,0.0
375,challengerB,challenger,5,A,A,A,A,A,A,A,A,A,A,A,A,A,A,A,A,A,A,A,A,0.0
375,turntakingB,turntaking,6,E,C,B,B,E,C,D,E,E,C,B,B,C,D,C,E,C,C,C,C,1.0
376,radicaleqC,radicaleq,1,A,D,E,C,B,A,E,E,B,B,B,A,D,D,A,A,C,B,B,B,0.35
376,randomA,random,2,A,A,skip,A,B,E,D,D,C,B,B,C,B,A,C,skip,skip,B,skip,skip,0.25
376,radicaleqA,radicaleq,3,C,A,B,B,skip,C,skip,C,skip,skip,C,C,C,skip,skip,skip,skip,C,C,skip,0.35
376,randomC,random,4,skip,skip,C,C,skip,skip,skip,A,skip,D,D,D,B,skip,E,C,C,skip,E,C,0.25
376,randomB,random,5,B,E,C,C,skip,A,E,A,B,skip,C,A,D,C,B,B,D,C,B,D,0.3
376,radicaleqB,radicaleq,6,skip,B,A,skip,C,skip,C,skip,C,C,skip,skip,skip,C,C,C,B,skip,skip,C,0.3
377,random3B,random3,1,C,B,B,B,B,B,B,C,C,C,A,A,C,D,D,D,D,D,D,D,0.35
377,random3C,random3,2,C,C,C,A,A,C,C,C,B,B,B,E,E,E,E,E,E,E,E,E,0.45
377,radicaleqC,radicaleq,3,C,D,B,B,A,A,A,C,A,D,C,skip,skip,C,skip,B,B,B,C,D,0.35
377,random3A,random3,4,E,D,D,D,D,D,D,D,E,E,A,A,B,B,B,B,B,B,A,C,0.35
377,radicaleqB,radicaleq,5,E,C,E,skip,skip,B,E,D,B,E,A,E,E,A,A,E,E,A,A,A,0.3
377,radicaleqA,radicaleq,6,skip,skip,C,D,E,D,B,A,D,C,B,D,C,B,D,D,C,C,B,B,0.4
378,rotate0B,rotate0,1,A,A,A,A,A,A,A,A,A,A,A,A,A,A,A,A,A,A,A,A,0.65
378,randomA,random,2,D,D,A,A,E,D,D,E,skip,skip,D,skip,E,B,skip,A,A,B,E,C,0.45
378,rotate0A,rotate0,3,C,C,C,C,C,C,C,C,C,C,C,C,C,C,C,C,C,C,C,C,0.4
378,randomC,random,4,C,C,C,C,skip,D,E,A,skip,D,A,E,A,E,skip,skip,D,C,skip,skip,0.2
378,randomB,random,5,E,skip,E,C,C,C,skip,C,skip,C,C,E,skip,skip,D,C,E,B,skip,skip,0.2
378,rotate0C,rotate0,6,skip,skip,skip,skip,skip,skip,skip,skip,skip,skip,skip,skip,skip,skip,skip,skip,skip,skip,skip,skip,0.0
379,equalizeB,equalize,1,A,B,A,A,A,A,A,A,A,A,A,A,A,A,A,A,A,A,A,A,0.95
379,rotate0A,rotate0,2,B,B,B,B,B,B,B,B,B,B,B,B,B,B,B,B,B,B,B,B,0.95
379,equalizeC,equalize,3,C,D,C,C,C,C,C,C,C,C,C,C,C,C,C,C,C,C,C,C,0.95
379,rotate0B,rotate0,4,D,D,D,D,D,D,D,D,D,D,D,D,D,D,D,D,D,D,D,D,0.95
379,equalizeA,equalize,5,E,skip,E,E,E,E,E,E,E,E,E,E,E,E,E,E,E,E,E,E,0.95
379,rotate0C,rotate0,6,skip,skip,skip,skip,skip,skip,skip,skip,skip,skip,skip,skip,skip,skip,skip,skip,skip,skip,skip,skip,0.0
380,equalizeC,equalize,1,A,A,C,D,B,E,C,C,A,A,A,D,D,B,E,E,C,E,E,D,0.6
380,randomA,random,2,D,A,A,C,D,B,A,B,B,B,D,A,skip,B,D,E,A,D,B,B,0.25
380,randomC,random,3,B,E,E,C,skip,D,B,B,C,D,C,B,D,C,D,D,B,skip,E,E,0.5
380,equalizeA,equalize,4,D,C,D,E,A,B,E,D,D,C,B,E,E,E,A,A,B,A,C,C,0.65
380,equalizeB,equalize,5,E,E,A,C,D,C,A,A,E,E,E,A,A,A,D,C,A,C,B,A,0.5
380,randomB,random,6,B,B,B,skip,D,E,C,C,D,C,B,E,C,skip,B,E,skip,C,E,skip,0.2
381,rotateB,rotate,1,A,B,C,D,E,skip,A,B,C,D,E,skip,A,B,C,D,E,skip,A,B,0.85
381,rotateC,rotate,2,B,C,D,E,skip,A,B,C,D,E,skip,A,B,C,D,E,skip,A,B,C,0.85
381,rotateC,rotate,3,C,D,E,skip,A,B,C,D,E,skip,A,B,C,D,E,skip,A,B,C,D,0.85
381,rotateA,rotate,4,D,E,skip,A,B,C,D,E,skip,A,B,C,D,E,skip,A,B,C,D,E,0.85
381,rotateB,rotate,5,E,skip,A,B,C,D,E,skip,A,B,C,D,E,skip,A,B,C,D,E,skip,0.8
381,rotateA,rotate,6,skip,A,B,C,D,E,skip,A,B,C,D,E,skip,A,B,C,D,E,skip,A,0.8
382,random3C,random3,1,B,B,B,E,E,E,D,D,A,A,A,A,A,A,A,A,A,A,E,E,0.25
382,radicaleqB,radicaleq,2,B,D,A,A,C,E,C,E,A,B,B,A,B,D,A,C,C,C,A,A,0.35
382,radicaleqA,radicaleq,3,C,E,B,D,A,A,D,B,C,A,C,B,A,B,D,A,A,A,B,B,0.2
382,random3B,random3,4,C,D,A,A,A,A,D,D,D,D,D,D,D,D,D,D,B,B,B,B,0.2
382,radicaleqC,radicaleq,5,E,skip,skip,B,skip,B,skip,skip,D,D,D,C,C,A,B,D,D,D,D,D,0.4
382,random3A,random3,6,B,D,D,D,C,C,C,C,C,C,C,C,C,C,C,C,C,E,E,C,0.4
383,randomA,random,1,D,B,C,E,C,skip,A,skip,skip,skip,E,E,E,D,C,D,E,skip,A,skip,0.25
383,randomB,random,2,C,A,A,A,D,A,skip,E,C,B,skip,B,E,A,B,D,skip,C,D,D,0.2
383,randomC,random,3,D,C,skip,B,E,C,skip,A,E,E,A,C,D,A,C,A,E,D,skip,C,0.2
383,casteB,caste,4,D,B,B,D,C,A,B,B,D,A,A,D,A,A,B,E,B,B,B,B,0.65
383,casteC,caste,5,E,A,E,E,D,B,D,D,C,D,C,C,D,B,E,A,E,A,A,C,0.5
383,casteA,caste,6,skip,C,A,B,E,C,E,E,B,B,D,B,C,C,D,D,C,C,E,A,0.45
384,radicaleqC,radicaleq,1,A,B,A,C,D,skip,skip,B,skip,skip,B,A,C,E,C,A,C,C,C,D,0.4
384,rotateA,rotate,2,B,C,D,E,skip,A,B,C,D,E,skip,A,B,C,D,E,skip,A,B,C,0.5
384,rotateB,rotate,3,C,D,E,skip,A,B,C,D,E,skip,A,B,C,D,E,skip,A,B,C,D,0.4
384,rotateC,rotate,4,D,E,skip,A,B,C,D,E,skip,A,B,C,D,E,skip,A,B,C,D,E,0.45
384,radicaleqA,radicaleq,5,E,skip,B,B,B,A,C,E,A,D,E,skip,A,skip,skip,B,B,E,B,C,0.45
384,radicaleqB,radicaleq,6,skip,A,C,D,E,B,B,C,E,A,D,D,B,D,E,C,E,B,E,B,0.5
385,casteC,caste,1,A,E,E,E,E,E,E,E,E,E,E,E,E,E,E,E,E,E,E,E,1.0
385,random3B,random3,2,C,C,C,D,C,C,C,C,B,C,C,B,A,C,D,D,D,D,C,D,0.2
385,casteB,caste,3,C,D,C,A,D,D,A,C,A,C,C,C,A,C,C,C,C,D,D,D,0.45
385,casteA,caste,4,D,A,A,D,A,A,D,D,D,D,D,D,D,D,D,D,D,C,C,C,0.75
385,random3C,random3,5,B,B,B,B,B,B,B,B,B,B,B,B,B,B,B,B,B,B,B,B,0.6
385,random3A,random3,6,B,B,B,B,B,B,A,A,A,A,A,A,A,A,A,A,A,A,A,A,0.55
386,turntakingC,turntaking,1,skip,E,E,E,E,E,E,E,E,E,E,E,E,E,E,E,E,E,E,B,0.5
386,radicaleqB,radicaleq,2,B,D,C,D,B,D,E,B,C,A,C,A,C,A,C,A,C,A,C,A,0.45
386,turntakingB,turntaking,3,B,B,C,C,C,C,C,C,C,C,C,C,C,C,C,C,C,C,C,D,0.4
386,turntakingA,turntaking,4,C,C,D,D,D,D,D,D,D,D,D,D,D,D,D,D,D,D,D,E,0.45
386,radicaleqC,radicaleq,5,E,skip,E,E,C,B,skip,C,A,E,A,E,A,E,A,E,A,E,A,E,0.4
386,radicaleqA,radicaleq,6,skip,E,D,B,D,C,A,D,B,D,B,D,B,D,B,D,B,D,B,D,0.4
387,challengerA,challenger,1,A,A,A,A,A,A,A,A,A,A,A,A,A,A,A,A,A,A,A,A,0.0
387,challengerC,challenger,2,A,A,A,A,A,A,A,A,A,A,A,A,A,A,A,A,A,A,A,A,0.0
387,rotate0B,rotate0,3,C,C,C,C,C,C,C,C,C,C,C,C,C,C,C,C,C,C,C,C,1.0
387,rotate0A,rotate0,4,D,D,D,D,D,D,D,D,D,D,D,D,D,D,D,D,D,D,D,D,1.0
387,rotate0C,rotate0,5,E,E,E,E,E,E,E,E,E,E,E,E,E,E,E,E,E,E,E,E,1.0
387,challengerB,challenger,6,A,A,A,A,A,A,A,A,A,A,A,A,A,A,A,A,A,A,A,A,0.0
388,turntakingA,turntaking,1,skip,B,D,B,E,B,E,E,E,D,E,C,D,C,C,C,C,D,D,D,0.45
388,radicaleqC,radicaleq,2,B,skip,E,C,C,C,skip,C,C,C,C,C,C,skip,C,E,D,A,B,D,0.45
388,radicaleqB,radicaleq,3,C,D,C,E,B,D,E,A,E,B,A,D,B,A,A,B,E,B,D,A,0.45
388,turntakingB,turntaking,4,C,C,C,E,C,E,C,C,C,E,D,E,E,E,E,E,E,E,E,E,0.5
388,radicaleqA,radicaleq,5,E,C,D,D,D,B,B,D,B,D,E,A,E,B,B,D,A,C,A,B,0.45
388,turntakingC,turntaking,6,E,E,B,A,D,D,D,D,D,B,B,D,B,D,D,D,D,C,C,C,0.5
389,turntakingB,turntaking,1,skip,E,C,B,A,A,skip,E,E,E,E,E,skip,B,C,C,A,E,skip,B,0.8
389,turntakingC,turntaking,2,A,skip,D,D,D,D,A,skip,C,C,D,A,E,skip,B,D,C,A,E,skip,0.8
389,turntakingC,turntaking,3,B,A,skip,E,C,B,D,A,skip,B,C,D,A,E,skip,B,D,C,A,E,0.85
389,turntakingB,turntaking,4,C,B,A,skip,E,C,B,D,A,skip,B,C,D,A,E,skip,B,D,C,A,0.85
389,turntakingA,turntaking,5,D,C,B,A,skip,E,C,B,D,A,skip,B,C,D,A,E,skip,B,D,C,0.85
389,turntakingA,turntaking,6,E,D,E,C,B,skip,E,C,B,D,A,skip,B,C,D,A,E,skip,B,D,0.85
390,randomA,random,1,A,A,D,E,skip,skip,skip,E,skip,A,B,E,B,D,D,B,C,C,skip,B,0.35
390,randomB,random,2,skip,skip,A,skip,E,A,E,A,D,C,C,A,skip,C,E,C,D,B,skip,skip,0.45
390,radicaleqB,radicaleq,3,C,E,B,skip,D,A,D,skip,A,skip,A,skip,A,A,skip,A,skip,skip,A,skip,0.45
390,radicaleqC,radicaleq,4,D,skip,A,B,A,skip,A,D,skip,D,skip,D,skip,skip,B,skip,A,D,D,D,0.45
390,randomC,random,5,C,B,D,A,skip,skip,A,C,skip,skip,C,A,A,skip,A,D,A,D,skip,B,0.2
390,radicaleqA,radicaleq,6,skip,D,D,A,B,B,skip,A,B,A,D,A,B,B,D,B,C,C,C,B,0.35
391,casteB,caste,1,A,A,A,A,A,A,A,A,A,A,A,A,A,A,C,A,A,A,A,A,1.0
391,rotate0A,rotate0,2,B,B,B,B,B,B,B,B,B,B,B,B,B,B,B,B,B,B,B,B,0.95
391,casteC,caste,3,C,C,C,C,C,C,C,C,C,C,C,C,C,E,D,E,E,E,E,D,0.9
391,rotate0B,rotate0,4,D,D,D,D,D,D,D,D,D,D,D,D,D,D,D,D,D,D,D,D,0.9
391,casteA,caste,5,E,E,E,E,E,E,E,E,E,E,E,E,E,B,E,C,C,C,C,C,0.95
391,rotate0C,rotate0,6,skip,skip,skip,skip,skip,skip,skip,skip,skip,skip,skip,skip,skip,skip,skip,skip,skip,skip,skip,skip,0.0
392,rotateB,rotate,1,A,B,C,D,E,skip,A,B,C,D,E,skip,A,B,C,D,E,skip,A,B,0.5
392,rotateC,rotate,2,B,C,D,E,skip,A,B,C,D,E,skip,A,B,C,D,E,skip,A,B,C,0.15
392,casteC,caste,3,C,C,A,B,A,A,A,C,D,B,A,D,D,E,A,E,C,A,D,C,0.45
392,rotateA,rotate,4,D,E,skip,A,B,C,D,E,skip,A,B,C,D,E,skip,A,B,C,D,E,0.15
392,casteB,caste,5,E,E,D,C,B,C,E,D,A,A,B,A,B,D,C,A,B,C,E,E,0.35
392,casteA,caste,6,skip,skip,B,D,E,D,B,E,C,E,C,C,E,B,D,B,E,D,B,A,0.35
393,randomA,random,1,B,E,C,C,C,D,C,B,E,E,E,D,A,A,B,A,skip,D,skip,C,0.55
393,randomB,random,2,skip,D,E,A,B,D,skip,C,A,C,D,D,B,skip,E,D,A,E,D,B,0.5
393,challengerB,challenger,3,A,A,A,A,A,A,A,A,A,A,A,A,A,A,A,A,A,A,A,A,0.0
393,challengerC,challenger,4,A,A,A,A,A,A,A,A,A,A,A,A,A,A,A,A,A,A,A,A,0.0
393,randomC,random,5,D,D,A,D,C,B,B,E,D,skip,A,skip,D,skip,skip,D,B,D,E,skip,0.45
393,challengerA,challenger,6,A,A,A,A,A,A,A,A,A,A,A,A,A,A,A,A,A,A,A,A,0.0
394,turntakingB,turntaking,1,skip,E,C,B,A,A,skip,E,E,E,E,E,skip,B,C,C,A,E,skip,B,0.8
394,turntakingC,turntaking,2,A,skip,D,D,D,D,A,skip,C,C,D,A,E,skip,B,D,C,A,E,skip,0.8
394,turntakingA,turntaking,3,B,A,skip,E,C,B,D,A,skip,B,C,D,A,E,skip,B,D,C,A,E,0.85
394,turntakingC,turntaking,4,C,B,A,skip,E,C,B,D,A,skip,B,C,D,A,E,skip,B,D,C,A,0.85
394,turntakingB,turntaking,5,D,C,B,A,skip,E,C,B,D,A,skip,B,C,D,A,E,skip,B,D,C,0.85
394,turntakingA,turntaking,6,E,D,E,C,B,skip,E,C,B,D,A,skip,B,C,D,A,E,skip,B,D,0.85
395,random3C,random3,1,C,C,C,C,C,C,C,C,C,C,C,C,C,C,C,C,C,C,C,C,0.95
395,challengerB,challenger,2,A,A,A,A,A,A,A,A,A,A,A,A,A,A,A,A,A,A,A,A,0.0
395,random3B,random3,3,C,B,B,B,B,B,B,B,B,B,B,B,B,B,B,B,B,B,B,B,0.95
395,challengerA,challenger,4,A,A,A,A,A,A,A,A,A,A,A,A,A,A,A,A,A,A,A,A,0.0
395,random3A,random3,5,D,D,D,D,D,D,D,D,D,D,D,D,D,D,D,D,D,D,D,D,1.0
395,challengerC,challenger,6,A,A,A,A,A,A,A,A,A,A,A,A,A,A,A,A,A,A,A,A,0.0
396,radicaleqC,radicaleq,1,A,B,C,E,C,D,A,E,C,E,A,E,C,E,A,E,C,E,A,E,0.5
396,rotate0A,rotate0,2,B,B,B,B,B,B,B,B,B,B,B,B,B,B,B,B,B,B,B,B,0.5
396,radicaleqA,radicaleq,3,C,D,E,C,E,A,D,C,D,A,D,C,D,A,D,C,D,A,D,C,0.5
396,rotate0C,rotate0,4,D,D,D,D,D,D,D,D,D,D,D,D,D,D,D,D,D,D,D,D,0.5
396,rotate0B,rotate0,5,E,E,E,E,E,E,E,E,E,E,E,E,E,E,E,E,E,E,E,E,0.5
396,radicaleqB,radicaleq,6,skip,A,D,B,A,B,C,B,A,B,C,B,A,B,C,B,A,B,C,B,0.45
397,random3A,random3,1,B,B,B,B,B,B,E,B,A,A,A,A,A,B,B,B,A,A,A,A,0.3
397,random3B,random3,2,B,E,E,E,E,C,C,C,C,C,C,C,C,C,C,C,C,C,C,C,0.85
397,radicaleqB,radicaleq,3,C,A,D,skip,B,A,D,E,D,E,D,E,D,D,D,D,A,D,A,D,0.25
397,radicaleqC,radicaleq,4,D,B,A,E,D,B,E,D,A,D,A,D,A,B,A,B,E,E,E,E,0.5
397,random3C,random3,5,A,A,A,A,A,A,E,E,E,E,E,E,D,D,D,D,D,D,D,D,0.35
397,radicaleqA,radicaleq,6,skip,D,skip,B,E,D,A,B,B,B,B,B,E,E,E,E,B,B,B,B,0.75
398,casteB,caste,1,A,A,A,A,A,A,A,A,A,A,A,A,A,A,B,C,D,D,D,E,1.0
398,casteC,caste,2,B,B,B,B,B,B,B,B,B,B,B,B,B,C,D,E,E,E,E,D,1.0
398,casteA,caste,3,C,C,C,C,C,C,C,C,C,C,C,C,C,E,E,D,C,C,C,C,1.0
398,casteB,caste,4,D,D,D,D,D,D,D,D,D,D,D,D,D,D,C,B,B,B,B,B,1.0
398,casteA,caste,5,E,E,E,E,E,E,E,E,E,E,E,E,E,B,A,A,A,A,A,A,1.0
398,casteC,caste,6,skip,skip,skip,skip,skip,skip,skip,skip,skip,skip,skip,skip,skip,skip,skip,skip,skip,skip,skip,skip,0.0
399,randomB,random,1,E,A,D,E,D,E,E,D,D,A,E,A,C,A,skip,C,C,C,skip,D,0.1
399,equalizeA,equalize,2,B,E,B,E,D,B,A,D,E,C,C,E,D,C,C,E,B,D,D,E,0.65
399,equalizeC,equalize,3,C,A,D,A,A,A,B,A,A,B,B,B,C,A,E,D,A,E,B,B,0.45
399,randomA,random,4,C,skip,D,E,skip,E,C,A,A,skip,D,B,B,B,E,skip,C,C,A,E,0.1
399,randomC,random,5,E,skip,C,C,D,B,B,C,E,D,A,E,skip,A,B,skip,C,E,E,D,0.3
399,equalizeB,equalize,6,skip,B,C,D,B,C,C,B,D,A,E,C,B,D,D,C,D,A,A,D,0.5
400,rotate0A,rotate0,1,A,A,A,A,A,A,A,A,A,A,A,A,A,A,A,A,A,A,A,A,0.85
400,rotate0B,rotate0,2,B,B,B,B,B,B,B,B,B,B,B,B,B,B,B,B,B,B,B,B,0.85
400,casteB,caste,3,C,C,C,C,C,C,C,C,C,C,C,C,C,E,B,D,D,D,D,D,0.9
400,casteC,caste,4,D,D,D,D,D,D,D,D,D,D,D,D,D,D,A,C,C,C,C,C,0.95
400,rotate0C,rotate0,5,E,E,E,E,E,E,E,E,E,E,E,E,E,E,E,E,E,E,E,E,0.9
400,casteA,caste,6,skip,skip,skip,skip,skip,skip,skip,skip,skip,skip,skip,skip,skip,skip,D,A,B,E,A,B,0.05
401,challengerC,challenger,1,A,A,A,A,A,A,A,A,A,A,A,A,A,A,A,A,A,A,A,A,0.0
401,equalizeA,equalize,2,B,B,B,B,E,E,C,B,B,E,C,C,B,E,E,C,B,B,E,C,1.0
401,equalizeC,equalize,3,C,C,C,C,B,B,E,C,C,B,E,E,C,B,B,E,C,C,B,E,1.0
401,challengerA,challenger,4,A,A,A,A,A,A,A,A,A,A,A,A,A,A,A,A,A,A,A,A,0.0
401,challengerB,challenger,5,A,A,A,A,A,A,A,A,A,A,A,A,A,A,A,A,A,A,A,A,0.0
401,equalizeB,equalize,6,skip,E,E,E,D,C,D,D,E,D,D,B,D,D,C,D,D,E,D,D,0.95
402,randomC,random,1,A,skip,B,E,A,C,D,skip,E,B,skip,B,skip,D,E,C,E,A,A,C,0.2
402,random3A,random3,2,A,B,B,B,B,B,B,B,B,D,D,D,D,D,B,B,B,B,B,B,0.65
402,randomA,random,3,C,D,C,E,E,C,C,D,B,skip,B,B,skip,A,C,skip,D,E,B,D,0.25
402,randomB,random,4,E,A,E,E,C,B,D,C,C,A,skip,skip,E,A,A,A,skip,skip,D,C,0.4
402,random3B,random3,5,C,C,C,A,A,A,A,A,A,A,E,E,E,E,E,E,E,E,D,E,0.55
402,random3C,random3,6,D,D,D,D,D,D,D,D,D,D,C,C,C,C,C,C,C,C,C,C,0.65
403,challengerA,challenger,1,A,A,A,A,A,A,A,A,A,A,A,A,A,A,A,A,A,A,A,A,0.0
403,challengerC,challenger,2,A,A,A,A,A,A,A,A,A,A,A,A,A,A,A,A,A,A,A,A,0.0
403,rotateB,rotate,3,C,D,E,skip,A,B,C,D,E,skip,A,B,C,D,E,skip,A,B,C,D,0.7
403,rotateA,rotate,4,D,E,skip,A,B,C,D,E,skip,A,B,C,D,E,skip,A,B,C,D,E,0.7
403,rotateC,rotate,5,E,skip,A,B,C,D,E,skip,A,B,C,D,E,skip,A,B,C,D,E,skip,0.65
403,challengerB,challenger,6,A,A,A,A,A,A,A,A,A,A,A,A,A,A,A,A,A,A,A,A,0.0
404,randomC,random,1,D,E,skip,skip,C,A,C,E,A,E,skip,skip,skip,B,C,B,skip,D,D,B,0.15
404,randomA,random,2,C,C,C,C,E,E,B,E,E,E,D,D,A,E,D,skip,D,B,skip,A,0.4
404,randomA,random,3,C,A,E,C,D,A,E,D,A,B,A,A,E,skip,C,C,E,D,C,E,0.5
404,randomC,random,4,skip,E,A,A,skip,A,C,skip,B,D,skip,E,C,A,E,A,C,skip,A,D,0.3
404,randomB,random,5,D,C,E,A,B,B,D,C,skip,D,B,E,skip,B,C,E,skip,D,A,B,0.25
404,randomB,random,6,D,skip,A,C,E,E,skip,C,C,D,D,B,A,C,E,C,D,E,B,E,0.25
405,rotateC,rotate,1,A,B,C,D,E,skip,A,B,C,D,E,skip,A,B,C,D,E,skip,A,B,0.2
405,random3C,random3,2,B,B,E,E,E,B,B,B,B,E,E,E,E,E,E,E,E,E,B,B,0.5
405,random3A,random3,3,E,C,C,D,A,A,A,A,A,A,A,A,A,A,A,C,C,C,C,C,0.45
405,random3B,random3,4,D,D,D,D,D,D,D,D,D,D,D,D,D,D,D,D,D,A,A,A,0.5
405,rotateA,rotate,5,E,skip,A,B,C,D,E,skip,A,B,C,D,E,skip,A,B,C,D,E,skip,0.45
405,rotateB,rotate,6,skip,A,B,C,D,E,skip,A,B,C,D,E,skip,A,B,C,D,E,skip,A,0.3
406,radicaleqA,radicaleq,1,A,B,A,C,D,skip,A,C,D,B,E,skip,D,C,B,E,A,skip,D,B,0.85
406,radicaleqA,radicaleq,2,B,C,D,E,skip,A,C,D,B,E,skip,D,C,B,E,A,skip,D,B,C,0.85
406,radicaleqB,radicaleq,3,C,D,E,skip,A,C,D,B,E,skip,D,C,B,E,A,skip,D,B,C,E,0.85
406,radicaleqC,radicaleq,4,D,E,skip,A,C,D,B,E,skip,D,C,B,E,A,skip,D,B,C,E,A,0.85
406,radicaleqB,radicaleq,5,E,skip,B,B,B,B,E,skip,C,C,B,E,A,skip,D,B,C,E,A,skip,0.8
406,radicaleqC,radicaleq,6,skip,A,C,D,E,E,skip,A,A,A,A,A,skip,D,C,C,E,A,skip,D,0.8
407,rotate0A,rotate0,1,A,A,A,A,A,A,A,A,A,A,A,A,A,A,A,A,A,A,A,A,0.35
407,rotate0B,rotate0,2,B,B,B,B,B,B,B,B,B,B,B,B,B,B,B,B,B,B,B,B,0.5
407,turntakingB,turntaking,3,B,B,B,A,E,A,E,A,E,A,C,E,C,E,C,E,C,E,C,C,0.3
407,turntakingC,turntaking,4,C,C,C,D,A,D,A,D,D,D,A,A,A,C,A,C,A,C,A,A,0.55
407,rotate0C,rotate0,5,E,E,E,E,E,E,E,E,E,E,E,E,E,E,E,E,E,E,E,E,0.5
407,turntakingA,turntaking,6,E,E,E,C,B,C,B,C,B,C,D,B,D,B,D,B,D,B,D,D,0.5
408,random3A,random3,1,D,D,D,D,D,D,D,D,D,D,D,D,D,D,D,D,D,D,D,D,1.0
408,random3C,random3,2,B,B,B,B,B,B,B,B,B,B,B,B,B,B,B,B,B,B,B,B,1.0
408,challengerC,challenger,3,A,A,A,A,A,A,A,A,A,A,A,A,A,A,A,A,A,A,A,A,0.0
408,challengerA,challenger,4,A,A,A,A,A,A,A,A,A,A,A,A,A,A,A,A,A,A,A,A,0.0
408,challengerB,challenger,5,A,A,A,A,A,A,A,A,A,A,A,A,A,A,A,A,A,A,A,A,0.0
408,random3B,random3,6,A,A,A,C,C,C,C,C,C,C,C,C,C,C,C,C,C,C,C,C,0.85
409,turntakingB,turntaking,1,skip,E,E,A,E,A,E,A,E,A,A,E,A,E,A,E,A,E,A,A,0.95
409,rotate0A,rotate0,2,B,B,B,B,B,B,B,B,B,B,B,B,B,B,B,B,B,B,B,B,0.5
409,turntakingC,turntaking,3,B,B,B,C,B,C,B,C,B,C,C,B,C,B,C,B,C,B,C,C,0.5
409,rotate0B,rotate0,4,D,D,D,D,D,D,D,D,D,D,D,D,D,D,D,D,D,D,D,D,0.5
409,turntakingA,turntaking,5,D,D,D,E,D,E,D,E,D,E,E,D,E,D,E,D,E,D,E,E,0.5
409,rotate0C,rotate0,6,skip,skip,skip,skip,skip,skip,skip,skip,skip,skip,skip,skip,skip,skip,skip,skip,skip,skip,skip,skip,0.0
410,turntakingA,turntaking,1,skip,E,E,A,E,E,C,C,C,A,A,A,C,E,E,C,C,C,A,E,0.65
410,turntakingB,turntaking,2,A,A,C,E,A,C,A,A,E,E,E,C,E,C,A,A,A,E,E,A,0.65
410,casteC,caste,3,C,D,B,D,B,D,B,D,B,D,B,D,B,D,B,D,B,D,B,D,0.95
410,turntakingC,turntaking,4,C,C,A,C,C,A,E,E,A,C,C,E,A,A,C,E,E,A,C,C,0.65
410,casteA,caste,5,E,B,D,B,D,B,D,B,D,B,D,B,D,B,D,B,D,B,D,B,1.0
410,casteB,caste,6,skip,A,E,C,A,E,E,A,C,C,E,A,A,C,E,E,A,C,C,A,0.0
411,turntakingC,turntaking,1,skip,D,E,D,D,B,B,B,D,D,D,B,B,B,D,D,D,B,B,B,0.6
411,equalizeA,equalize,2,B,A,A,C,D,A,C,B,A,C,D,A,C,B,A,C,D,A,C,B,0.65
411,turntakingA,turntaking,3,B,B,C,E,E,E,E,E,E,E,E,E,E,E,E,E,E,E,E,E,0.65
411,equalizeC,equalize,4,D,D,C,A,A,C,D,A,C,B,A,C,D,A,C,B,A,C,D,A,0.65
411,equalizeB,equalize,5,E,C,B,B,C,E,A,C,E,A,C,E,A,C,E,A,C,E,A,C,0.65
411,turntakingB,turntaking,6,E,E,D,B,B,D,D,D,B,B,B,D,D,D,B,B,B,D,D,D,0.65
412,randomB,random,1,A,D,E,B,B,C,C,C,D,A,B,B,A,A,D,B,D,A,D,C,0.45
412,radicaleqA,radicaleq,2,B,C,skip,A,A,B,B,C,A,C,skip,C,C,skip,C,skip,C,skip,C,C,0.45
412,radicaleqC,radicaleq,3,C,E,D,C,skip,skip,C,B,C,skip,C,skip,skip,C,skip,C,skip,C,skip,skip,0.45
412,randomA,random,4,C,A,skip,B,C,E,D,skip,B,B,E,B,B,E,A,skip,B,E,E,D,0.4
412,randomC,random,5,D,A,E,A,A,skip,D,C,D,B,A,C,skip,skip,A,skip,E,D,C,D,0.15
412,radicaleqB,radicaleq,6,skip,B,C,skip,C,A,A,skip,skip,A,A,B,A,B,B,B,A,A,B,B,0.45
413,randomC,random,1,B,D,B,skip,B,B,B,A,E,B,C,C,C,D,D,C,B,A,C,B,0.8
413,challengerA,challenger,2,A,A,A,A,A,A,A,A,A,A,A,A,A,A,A,A,A,A,A,A,0.0
413,challengerB,challenger,3,A,A,A,A,A,A,A,A,A,A,A,A,A,A,A,A,A,A,A,A,0.0
413,challengerC,challenger,4,A,A,A,A,A,A,A,A,A,A,A,A,A,A,A,A,A,A,A,A,0.0
413,randomA,random,5,A,E,E,skip,E,C,E,B,A,A,E,E,A,A,A,A,A,C,skip,E,0.35
413,randomB,random,6,D,E,C,D,skip,skip,E,A,C,skip,skip,D,A,C,D,D,C,C,D,C,0.5
414,equalizeC,equalize,1,A,A,A,D,C,D,A,A,D,D,E,E,C,A,E,A,B,E,D,A,0.45
414,randomA,random,2,E,C,D,skip,B,E,D,C,A,C,B,A,D,C,C,C,B,D,D,A,0.15
414,equalizeA,equalize,3,C,E,D,C,B,A,B,B,E,E,B,D,D,B,B,D,A,A,E,B,0.55
414,randomC,random,4,skip,skip,E,C,C,E,skip,skip,C,E,C,A,C,A,D,B,B,E,E,B,0.15
414,randomB,random,5,D,E,B,D,E,C,A,A,A,C,A,B,E,C,E,C,B,C,D,D,0.3
414,equalizeB,equalize,6,skip,B,B,A,A,E,D,C,B,B,D,B,E,D,D,B,E,D,A,C,0.5
415,turntakingA,turntaking,1,skip,E,C,B,A,A,skip,E,E,E,E,E,skip,B,C,C,A,E,skip,B,0.8
415,turntakingB,turntaking,2,A,skip,D,D,D,D,A,skip,C,C,D,A,E,skip,B,D,C,A,E,skip,0.8
415,turntakingB,turntaking,3,B,A,skip,E,C,B,D,A,skip,B,C,D,A,E,skip,B,D,C,A,E,0.85
415,turntakingC,turntaking,4,C,B,A,skip,E,C,B,D,A,skip,B,C,D,A,E,skip,B,D,C,A,0.85
415,turntakingC,turntaking,5,D,C,B,A,skip,E,C,B,D,A,skip,B,C,D,A,E,skip,B,D,C,0.85
415,turntakingA,turntaking,6,E,D,E,C,B,skip,E,C,B,D,A,skip,B,C,D,A,E,skip,B,D,0.85
416,rotateC,rotate,1,A,B,C,D,E,skip,A,B,C,D,E,skip,A,B,C,D,E,skip,A,B,0.4
416,radicaleqA,radicaleq,2,B,C,D,C,skip,A,skip,skip,E,skip,A,D,C,A,skip,skip,C,C,A,C,0.5
416,radicaleqC,radicaleq,3,C,D,E,skip,A,C,D,A,skip,C,D,E,skip,E,A,C,A,A,skip,A,0.6
416,rotateA,rotate,4,D,E,skip,A,B,C,D,E,skip,A,B,C,D,E,skip,A,B,C,D,E,0.6
416,rotateB,rotate,5,E,skip,A,B,C,D,E,skip,A,B,C,D,E,skip,A,B,C,D,E,skip,0.4
416,radicaleqB,radicaleq,6,skip,A,C,B,E,D,B,E,B,D,E,B,A,B,C,B,D,D,E,B,0.25
417,rotateC,rotate,1,A,B,C,D,E,skip,A,B,C,D,E,skip,A,B,C,D,E,skip,A,B,0.6
417,rotateB,rotate,2,B,C,D,E,skip,A,B,C,D,E,skip,A,B,C,D,E,skip,A,B,C,0.5
417,rotateA,rotate,3,C,D,E,skip,A,B,C,D,E,skip,A,B,C,D,E,skip,A,B,C,D,0.1
417,random3B,random3,4,D,D,A,B,B,D,D,D,A,A,A,A,E,E,E,E,E,E,E,E,0.5
417,random3C,random3,5,C,E,E,B,C,C,C,E,E,E,E,D,D,D,D,D,D,D,D,D,0.4
417,random3A,random3,6,A,A,A,B,B,B,B,E,E,B,B,B,C,C,A,A,A,B,B,B,0.25
418,rotate0C,rotate0,1,A,A,A,A,A,A,A,A,A,A,A,A,A,A,A,A,A,A,A,A,0.65
418,equalizeA,equalize,2,B,C,E,C,E,B,C,E,B,A,E,B,C,E,B,C,E,B,A,E,0.65
418,rotate0A,rotate0,3,C,C,C,C,C,C,C,C,C,C,C,C,C,C,C,C,C,C,C,C,0.65
418,rotate0B,rotate0,4,D,D,D,D,D,D,D,D,D,D,D,D,D,D,D,D,D,D,D,D,0.7
418,equalizeB,equalize,5,E,skip,D,E,B,D,E,B,D,E,B,D,E,B,D,E,B,D,E,B,0.65
418,equalizeC,equalize,6,skip,A,B,B,A,E,B,A,E,B,C,E,B,A,E,B,A,E,B,C,0.6
419,random3C,random3,1,E,E,E,E,E,E,E,E,E,E,E,E,E,E,E,E,C,E,C,C,0.4
419,turntakingA,turntaking,2,A,A,D,D,D,B,D,D,D,D,D,D,E,D,E,D,E,D,E,E,0.3
419,turntakingB,turntaking,3,B,B,A,A,A,E,B,A,B,A,E,C,B,B,C,B,C,B,C,C,0.6
419,turntakingC,turntaking,4,C,C,C,C,B,A,A,E,E,B,B,B,C,E,B,E,B,E,B,B,0.6
419,random3A,random3,5,A,D,D,D,D,C,C,C,C,C,C,C,C,A,A,A,A,A,A,A,0.65
419,random3B,random3,6,B,D,D,B,B,B,D,D,B,B,D,D,D,D,D,D,D,D,D,D,0.3
420,turntakingC,turntaking,1,skip,E,E,C,B,D,B,D,B,D,D,B,D,B,D,B,D,B,D,D,0.5
420,rotate0B,rotate0,2,B,B,B,B,B,B,B,B,B,B,B,B,B,B,B,B,B,B,B,B,0.5
420,turntakingB,turntaking,3,B,B,B,E,E,C,E,C,E,C,C,E,C,E,C,E,C,E,C,C,0.45
420,turntakingA,turntaking,4,C,C,C,D,C,A,C,A,C,A,A,C,A,C,A,C,A,C,A,A,1.0
420,rotate0C,rotate0,5,E,E,E,E,E,E,E,E,E,E,E,E,E,E,E,E,E,E,E,E,0.5
420,rotate0A,rotate0,6,skip,skip,skip,skip,skip,skip,skip,skip,skip,skip,skip,skip,skip,skip,skip,skip,skip,skip,skip,skip,0.0
421,rotate0B,rotate0,1,A,A,A,A,A,A,A,A,A,A,A,A,A,A,A,A,A,A,A,A,1.0
421,rotate0C,rotate0,2,B,B,B,B,B,B,B,B,B,B,B,B,B,B,B,B,B,B,B,B,1.0
421,rotate0A,rotate0,3,C,C,C,C,C,C,C,C,C,C,C,C,C,C,C,C,C,C,C,C,1.0
421,rotate0C,rotate0,4,D,D,D,D,D,D,D,D,D,D,D,D,D,D,D,D,D,D,D,D,1.0
421,rotate0A,rotate0,5,E,E,E,E,E,E,E,E,E,E,E,E,E,E,E,E,E,E,E,E,1.0
421,rotate0B,rotate0,6,skip,skip,skip,skip,skip,skip,skip,skip,skip,skip,skip,skip,skip,skip,skip,skip,skip,skip,skip,skip,0.0
422,rotate0C,rotate0,1,A,A,A,A,A,A,A,A,A,A,A,A,A,A,A,A,A,A,A,A,0.55
422,randomB,random,2,D,B,D,D,A,skip,E,B,C,A,skip,A,A,B,E,C,D,skip,C,D,0.25
422,randomA,random,3,skip,E,E,E,C,B,E,A,D,C,A,skip,skip,A,skip,C,A,skip,A,E,0.35
422,rotate0B,rotate0,4,D,D,D,D,D,D,D,D,D,D,D,D,D,D,D,D,D,D,D,D,0.45
422,randomC,random,5,skip,B,skip,B,B,C,skip,D,E,B,C,B,B,D,D,skip,E,D,D,C,0.5
422,rotate0A,rotate0,6,skip,skip,skip,skip,skip,skip,skip,skip,skip,skip,skip,skip,skip,skip,skip,skip,skip,skip,skip,skip,0.0
423,random3B,random3,1,B,B,B,D,C,C,C,C,C,C,C,C,C,C,C,C,C,C,C,C,0.7
423,random3A,random3,2,D,D,B,B,B,B,B,B,B,B,B,B,B,B,B,B,B,B,B,B,0.65
423,random3C,random3,3,C,C,C,C,C,C,D,D,D,D,E,E,E,E,E,E,E,E,E,E,0.55
423,random3B,random3,4,B,A,A,A,A,A,A,A,A,A,A,A,A,A,A,E,B,B,B,B,0.6
423,random3A,random3,5,D,D,D,D,D,D,D,D,D,D,D,D,D,D,D,D,D,D,D,D,0.65
423,random3C,random3,6,E,E,E,E,E,E,E,E,E,E,E,E,C,A,A,A,A,A,A,A,0.75
424,rotateC,rotate,1,A,B,C,D,E,skip,A,B,C,D,E,skip,A,B,C,D,E,skip,A,B,0.15
424,casteB,caste,2,B,B,C,C,A,C,A,C,C,D,B,E,B,B,D,E,E,C,E,A,0.35
424,casteA,caste,3,C,C,D,D,D,E,D,E,B,E,D,C,D,A,E,A,C,D,D,C,0.4
424,rotateB,rotate,4,D,E,skip,A,B,C,D,E,skip,A,B,C,D,E,skip,A,B,C,D,E,0.2
424,casteC,caste,5,E,E,A,E,B,A,B,B,D,A,E,A,A,C,C,D,B,A,B,B,0.5
424,rotateA,rotate,6,skip,A,B,C,D,E,skip,A,B,C,D,E,skip,A,B,C,D,E,skip,A,0.4
425,rotateB,rotate,1,A,B,C,D,E,skip,A,B,C,D,E,skip,A,B,C,D,E,skip,A,B,0.65
425,randomA,random,2,D,D,skip,C,skip,C,E,E,B,A,skip,B,D,E,B,A,B,B,E,B,0.45
425,rotateC,rotate,3,C,D,E,skip,A,B,C,D,E,skip,A,B,C,D,E,skip,A,B,C,D,0.55
425,randomB,random,4,C,D,D,A,D,E,C,A,B,B,E,C,C,E,D,E,D,skip,skip,skip,0.35
425,rotateA,rotate,5,E,skip,A,B,C,D,E,skip,A,B,C,D,E,skip,A,B,C,D,E,skip,0.55
425,randomC,random,6,E,E,B,E,C,E,D,A,B,skip,skip,skip,C,skip,skip,D,E,skip,E,C,0.25
426,equalizeB,equalize,1,A,B,A,D,B,B,E,E,C,B,B,B,A,A,C,D,D,C,E,E,0.8
426,rotateA,rotate,2,B,C,D,E,skip,A,B,C,D,E,skip,A,B,C,D,E,skip,A,B,C,0.85
426,rotateC,rotate,3,C,D,E,skip,A,B,C,D,E,skip,A,B,C,D,E,skip,A,B,C,D,0.15
426,equalizeA,equalize,4,D,E,skip,A,A,C,D,D,E,A,A,C,C,D,B,C,A,B,D,D,0.4
426,equalizeC,equalize,5,E,skip,B,C,D,E,C,A,B,C,D,E,D,E,E,A,B,E,C,A,0.25
426,rotateB,rotate,6,skip,A,B,C,D,E,skip,A,B,C,D,E,skip,A,B,C,D,E,skip,A,0.05
427,randomC,random,1,C,skip,B,E,A,skip,E,C,skip,A,B,skip,E,C,D,D,E,A,B,B,0.45
427,casteA,caste,2,B,D,D,D,D,D,D,D,D,B,C,C,C,C,A,A,A,A,E,E,0.75
427,randomA,random,3,A,A,E,C,D,B,A,C,E,D,D,skip,D,E,B,C,skip,C,A,A,0.3
427,randomB,random,4,E,skip,C,C,E,C,A,A,D,skip,A,E,D,E,C,C,A,B,A,C,0.1
427,casteB,caste,5,E,C,A,B,E,B,A,B,E,E,B,E,A,B,B,B,E,B,C,C,0.45
427,casteC,caste,6,skip,B,C,A,B,A,E,C,B,D,A,B,D,E,C,D,B,D,D,D,0.5
428,rotateB,rotate,1,A,B,C,D,E,skip,A,B,C,D,E,skip,A,B,C,D,E,skip,A,B,0.25
428,casteA,caste,2,B,B,A,A,C,A,C,D,A,D,A,C,A,B,B,A,A,C,C,E,0.5
428,rotateA,rotate,3,C,D,E,skip,A,B,C,D,E,skip,A,B,C,D,E,skip,A,B,C,D,0.1
428,casteC,caste,4,D,D,E,B,E,B,E,C,B,C,D,E,D,E,C,D,B,A,D,D,0.45
428,casteB,caste,5,E,E,C,D,B,C,D,A,E,A,E,B,C,D,E,B,E,B,A,C,0.4
428,rotateC,rotate,6,skip,A,B,C,D,E,skip,A,B,C,D,E,skip,A,B,C,D,E,skip,A,0.5
429,rotateC,rotate,1,A,B,C,D,E,skip,A,B,C,D,E,skip,A,B,C,D,E,skip,A,B,0.35
429,random3A,random3,2,E,E,E,E,E,B,B,B,B,B,B,B,B,B,B,B,B,B,D,D,0.5
429,rotateA,rotate,3,C,D,E,skip,A,B,C,D,E,skip,A,B,C,D,E,skip,A,B,C,D,0.15
429,random3C,random3,4,D,D,D,D,D,B,D,D,D,D,D,D,D,D,D,D,D,C,C,C,0.45
429,random3B,random3,5,C,C,C,C,A,A,A,E,E,E,E,C,C,E,E,E,E,E,E,E,0.45
429,rotateB,rotate,6,skip,A,B,C,D,E,skip,A,B,C,D,E,skip,A,B,C,D,E,skip,A,0.45
430,rotateA,rotate,1,A,B,C,D,E,skip,A,B,C,D,E,skip,A,B,C,D,E,skip,A,B,0.3
430,random3C,random3,2,B,B,B,A,A,A,A,E,E,E,E,E,E,E,D,D,D,D,D,D,0.45
430,random3B,random3,3,D,E,D,D,D,D,D,D,D,D,D,D,D,B,B,B,B,B,B,B,0.4
430,rotateB,rotate,4,D,E,skip,A,B,C,D,E,skip,A,B,C,D,E,skip,A,B,C,D,E,0.2
430,random3A,random3,5,C,C,C,C,C,C,C,C,C,C,B,C,C,C,C,C,C,C,C,C,0.5
430,rotateC,rotate,6,skip,A,B,C,D,E,skip,A,B,C,D,E,skip,A,B,C,D,E,skip,A,0.35
431,rotate0A,rotate0,1,A,A,A,A,A,A,A,A,A,A,A,A,A,A,A,A,A,A,A,A,0.85
431,rotate0B,rotate0,2,B,B,B,B,B,B,B,B,B,B,B,B,B,B,B,B,B,B,B,B,0.85
431,rotate0C,rotate0,3,C,C,C,C,C,C,C,C,C,C,C,C,C,C,C,C,C,C,C,C,0.85
431,casteB,caste,4,D,D,D,D,D,D,D,D,D,D,D,D,D,D,A,E,E,D,E,E,0.95
431,casteC,caste,5,E,E,E,E,E,E,E,E,E,E,E,E,E,B,C,D,D,C,D,D,0.85
431,casteA,caste,6,skip,skip,skip,skip,skip,skip,skip,skip,skip,skip,skip,skip,skip,skip,D,A,B,A,B,C,0.05
432,turntakingC,turntaking,1,skip,E,B,B,B,E,E,E,E,B,A,B,B,E,E,E,E,E,A,A,0.35
432,randomC,random,2,A,A,A,B,skip,E,skip,C,skip,E,A,D,E,C,A,A,skip,A,C,A,0.2
432,randomA,random,3,D,A,A,B,B,E,E,E,E,B,E,skip,A,A,D,A,E,E,skip,E,0.1
432,randomB,random,4,B,D,E,B,B,B,skip,C,B,A,A,D,D,skip,E,C,C,D,B,skip,0.3
432,turntakingA,turntaking,5,D,D,D,A,A,D,A,B,B,A,C,E,E,B,A,A,B,A,B,E,0.5
432,turntakingB,turntaking,6,E,B,E,E,E,C,D,A,A,D,B,A,A,A,B,B,D,B,D,B,0.85
433,equalizeB,equalize,1,A,E,C,A,C,B,A,A,B,E,C,B,E,C,B,E,C,B,E,C,0.65
433,equalizeC,equalize,2,B,C,A,C,B,C,C,B,D,C,B,D,C,B,D,C,B,D,C,B,0.65
433,turntakingC,turntaking,3,B,B,A,D,B,E,D,A,A,A,A,A,A,A,A,A,A,A,A,A,0.6
433,equalizeA,equalize,4,D,A,E,B,D,D,B,C,C,B,A,C,B,A,C,B,A,C,B,A,0.6
433,turntakingB,turntaking,5,D,D,E,E,A,D,E,D,D,D,D,D,D,D,D,D,D,D,D,D,0.65
433,turntakingA,turntaking,6,E,E,D,A,E,A,B,E,E,E,E,E,E,E,E,E,E,E,E,E,0.65
434,rotate0B,rotate0,1,A,A,A,A,A,A,A,A,A,A,A,A,A,A,A,A,A,A,A,A,0.9
434,rotate0C,rotate0,2,B,B,B,B,B,B,B,B,B,B,B,B,B,B,B,B,B,B,B,B,0.6
434,random3C,random3,3,B,B,C,C,C,C,E,E,E,E,E,E,E,A,A,B,B,B,C,C,0.15
434,rotate0A,rotate0,4,D,D,D,D,D,D,D,D,D,D,D,D,D,D,D,D,D,D,D,D,1.0
434,random3B,random3,5,E,E,E,E,E,E,E,E,E,E,E,E,E,E,E,E,E,E,E,E,0.65
434,random3A,random3,6,B,B,B,B,B,C,C,C,C,C,C,C,C,C,C,C,C,C,C,C,0.6
435,equalizeB,equalize,1,A,C,C,B,A,B,A,D,C,A,D,C,A,B,C,A,D,C,A,B,0.65
435,turntakingA,turntaking,2,A,A,B,A,B,E,D,D,D,D,D,B,B,B,D,D,D,B,B,B,0.65
435,turntakingC,turntaking,3,B,D,E,E,D,D,B,B,B,B,B,D,D,D,B,B,B,D,D,D,0.65
435,equalizeA,equalize,4,D,D,A,E,C,A,B,C,A,B,C,A,D,C,A,B,C,A,D,C,0.65
435,equalizeC,equalize,5,E,B,D,C,B,C,C,A,E,C,A,E,C,A,E,C,A,E,C,A,0.65
435,turntakingB,turntaking,6,E,E,D,D,E,B,E,E,E,E,E,E,E,E,E,E,E,E,E,E,0.65
436,casteC,caste,1,A,A,A,A,A,A,A,A,A,A,A,A,A,A,E,A,A,A,A,A,1.0
436,rotate0C,rotate0,2,B,B,B,B,B,B,B,B,B,B,B,B,B,B,B,B,B,B,B,B,0.85
436,rotate0A,rotate0,3,C,C,C,C,C,C,C,C,C,C,C,C,C,C,C,C,C,C,C,C,0.85
436,rotate0B,rotate0,4,D,D,D,D,D,D,D,D,D,D,D,D,D,D,D,D,D,D,D,D,0.9
436,casteA,caste,5,E,E,E,E,E,E,E,E,E,E,E,E,E,B,C,E,E,E,E,E,0.9
436,casteB,caste,6,skip,skip,skip,skip,skip,skip,skip,skip,skip,skip,skip,skip,skip,skip,D,B,C,D,B,C,0.0
437,challengerC,challenger,1,A,A,A,A,A,A,A,A,A,A,A,A,A,A,A,A,A,A,A,A,0.0
437,rotateA,rotate,2,B,C,D,E,skip,A,B,C,D,E,skip,A,B,C,D,E,skip,A,B,C,0.7
437,rotateC,rotate,3,C,D,E,skip,A,B,C,D,E,skip,A,B,C,D,E,skip,A,B,C,D,0.7
437,challengerA,challenger,4,A,A,A,A,A,A,A,A,A,A,A,A,A,A,A,A,A,A,A,A,0.0
437,challengerB,challenger,5,A,A,A,A,A,A,A,A,A,A,A,A,A,A,A,A,A,A,A,A,0.0
437,rotateB,rotate,6,skip,A,B,C,D,E,skip,A,B,C,D,E,skip,A,B,C,D,E,skip,A,0.6
438,equalizeB,equalize,1,A,B,A,C,D,skip,A,C,D,B,E,skip,D,C,B,E,A,skip,D,B,0.85
438,equalizeC,equalize,2,B,C,D,E,skip,A,C,D,B,E,skip,D,C,B,E,A,skip,D,B,C,0.85
438,equalizeB,equalize,3,C,D,E,skip,A,C,D,B,E,skip,D,C,B,E,A,skip,D,B,C,E,0.85
438,equalizeC,equalize,4,D,E,skip,A,C,D,B,E,skip,D,C,B,E,A,skip,D,B,C,E,A,0.85
438,equalizeA,equalize,5,E,skip,B,B,B,B,E,skip,C,C,B,E,A,skip,D,B,C,E,A,skip,0.8
438,equalizeA,equalize,6,skip,A,C,D,E,E,skip,A,A,A,A,A,skip,D,C,C,E,A,skip,D,0.8
439,casteA,caste,1,A,D,B,B,E,D,D,D,D,C,C,B,D,E,C,B,D,E,C,B,0.95
439,casteC,caste,2,B,C,D,E,C,E,B,C,E,B,D,E,C,B,D,E,C,B,D,E,1.0
439,challengerC,challenger,3,A,A,A,A,A,A,A,A,A,A,A,A,A,A,A,A,A,A,A,A,0.0
439,challengerA,challenger,4,A,A,A,A,A,A,A,A,A,A,A,A,A,A,A,A,A,A,A,A,0.0
439,challengerB,challenger,5,A,A,A,A,A,A,A,A,A,A,A,A,A,A,A,A,A,A,A,A,0.0
439,casteB,caste,6,skip,E,C,D,B,C,E,B,C,E,B,D,E,C,B,D,E,C,B,D,0.95
440,rotateB,rotate,1,A,B,C,D,E,skip,A,B,C,D,E,skip,A,B,C,D,E,skip,A,B,0.85
440,rotateA,rotate,2,B,C,D,E,skip,A,B,C,D,E,skip,A,B,C,D,E,skip,A,B,C,0.85
440,rotateB,rotate,3,C,D,E,skip,A,B,C,D,E,skip,A,B,C,D,E,skip,A,B,C,D,0.85
440,rotateC,rotate,4,D,E,skip,A,B,C,D,E,skip,A,B,C,D,E,skip,A,B,C,D,E,0.85
440,rotateC,rotate,5,E,skip,A,B,C,D,E,skip,A,B,C,D,E,skip,A,B,C,D,E,skip,0.8
440,rotateA,rotate,6,skip,A,B,C,D,E,skip,A,B,C,D,E,skip,A,B,C,D,E,skip,A,0.8
441,rotateA,rotate,1,A,B,C,D,E,skip,A,B,C,D,E,skip,A,B,C,D,E,skip,A,B,0.6
441,rotateC,rotate,2,B,C,D,E,skip,A,B,C,D,E,skip,A,B,C,D,E,skip,A,B,C,0.05
441,casteC,caste,3,C,C,D,C,E,C,C,C,B,D,E,B,B,A,C,B,B,B,B,C,0.35
441,casteA,caste,4,D,D,B,A,B,B,D,D,D,A,A,A,C,C,D,A,E,C,C,E,0.7
441,casteB,caste,5,E,E,A,E,A,A,B,E,E,E,B,C,D,D,E,E,A,A,D,D,0.7
441,rotateB,rotate,6,skip,A,B,C,D,E,skip,A,B,C,D,E,skip,A,B,C,D,E,skip,A,0.6
442,casteA,caste,1,A,B,E,E,E,E,D,C,B,B,D,C,E,B,D,C,E,B,D,C,0.95
442,casteB,caste,2,B,C,C,B,D,C,B,B,E,D,C,E,B,D,C,E,B,D,C,E,1.0
442,challengerB,challenger,3,A,A,A,A,A,A,A,A,A,A,A,A,A,A,A,A,A,A,A,A,0.0
442,challengerC,challenger,4,A,A,A,A,A,A,A,A,A,A,A,A,A,A,A,A,A,A,A,A,0.0
442,casteC,caste,5,E,D,D,C,B,D,C,E,D,C,E,B,D,C,E,B,D,C,E,B,1.0
442,challengerA,challenger,6,A,A,A,A,A,A,A,A,A,A,A,A,A,A,A,A,A,A,A,A,0.0
443,rotate0A,rotate0,1,A,A,A,A,A,A,A,A,A,A,A,A,A,A,A,A,A,A,A,A,0.35
443,rotate0C,rotate0,2,B,B,B,B,B,B,B,B,B,B,B,B,B,B,B,B,B,B,B,B,0.75
443,randomC,random,3,A,C,C,skip,D,B,D,skip,B,D,C,A,C,C,B,A,A,C,skip,A,0.35
443,randomA,random,4,D,A,C,D,C,A,E,A,D,A,A,E,D,skip,skip,E,E,A,A,A,0.4
443,randomB,random,5,E,C,skip,D,E,E,A,B,skip,C,skip,skip,skip,skip,E,B,A,E,skip,D,0.35
443,rotate0B,rotate0,6,skip,skip,skip,skip,skip,skip,skip,skip,skip,skip,skip,skip,skip,skip,skip,skip,skip,skip,skip,skip,0.0
444,random3B,random3,1,C,C,E,C,C,C,C,C,C,C,C,C,C,C,B,B,B,B,D,D,0.4
444,rotateA,rotate,2,B,C,D,E,skip,A,B,C,D,E,skip,A,B,C,D,E,skip,A,B,C,0.35
444,rotateC,rotate,3,C,D,E,skip,A,B,C,D,E,skip,A,B,C,D,E,skip,A,B,C,D,0.1
444,random3A,random3,4,A,D,D,D,D,D,D,D,B,B,B,B,B,D,D,D,D,E,E,E,0.4
444,random3C,random3,5,A,A,A,A,A,A,C,C,E,E,E,E,E,E,E,E,A,C,C,C,0.3
444,rotateB,rotate,6,skip,A,B,C,D,E,skip,A,B,C,D,E,skip,A,B,C,D,E,skip,A,0.35
445,random3B,random3,1,E,E,E,E,E,E,E,C,E,D,D,D,D,D,B,D,B,D,C,C,0.15
445,random3C,random3,2,A,A,A,A,A,A,D,D,E,D,D,D,D,C,C,D,D,D,D,D,0.4
445,turntakingC,turntaking,3,B,A,D,B,E,B,A,B,B,D,B,B,B,A,C,A,C,A,C,C,0.65
445,random3A,random3,4,E,E,C,B,B,C,C,C,E,E,E,E,E,E,E,E,E,E,E,E,0.5
445,turntakingB,turntaking,5,D,B,C,D,B,A,E,A,E,A,A,A,A,E,B,D,B,D,A,A,0.5
445,turntakingA,turntaking,6,E,D,B,C,A,D,B,D,A,B,D,D,D,D,A,E,A,E,B,B,0.55
446,casteC,caste,1,A,A,A,A,A,A,A,A,A,A,A,A,A,A,C,A,A,A,A,A,1.0
446,rotate0A,rotate0,2,B,B,B,B,B,B,B,B,B,B,B,B,B,B,B,B,B,B,B,B,0.85
446,casteA,caste,3,C,C,C,C,C,C,C,C,C,C,C,C,C,E,B,C,C,C,C,C,0.9
446,rotate0C,rotate0,4,D,D,D,D,D,D,D,D,D,D,D,D,D,D,D,D,D,D,D,D,0.85
446,rotate0B,rotate0,5,E,E,E,E,E,E,E,E,E,E,E,E,E,E,E,E,E,E,E,E,0.9
446,casteB,caste,6,skip,skip,skip,skip,skip,skip,skip,skip,skip,skip,skip,skip,skip,skip,D,B,D,E,B,D,0.0
447,rotateA,rotate,1,A,B,C,D,E,skip,A,B,C,D,E,skip,A,B,C,D,E,skip,A,B,0.6
447,randomC,random,2,E,D,C,B,skip,B,D,E,B,A,C,B,D,skip,E,D,E,skip,B,B,0.3
447,randomB,random,3,D,E,E,C,B,B,B,skip,E,C,C,E,A,skip,D,skip,C,D,skip,E,0.25
447,rotateB,rotate,4,D,E,skip,A,B,C,D,E,skip,A,B,C,D,E,skip,A,B,C,D,E,0.45
447,randomA,random,5,D,C,C,E,A,A,E,D,skip,C,A,skip,B,D,A,C,C,A,C,B,0.6
447,rotateC,rotate,6,skip,A,B,C,D,E,skip,A,B,C,D,E,skip,A,B,C,D,E,skip,A,0.55
448,casteA,caste,1,A,A,A,A,A,A,A,A,A,A,A,A,A,A,B,C,D,D,D,E,1.0
448,casteC,caste,2,B,B,B,B,B,B,B,B,B,B,B,B,B,C,D,E,E,E,E,D,1.0
448,casteB,caste,3,C,C,C,C,C,C,C,C,C,C,C,C,C,E,E,D,C,C,C,C,1.0
448,casteB,caste,4,D,D,D,D,D,D,D,D,D,D,D,D,D,D,C,B,B,B,B,B,1.0
448,casteC,caste,5,E,E,E,E,E,E,E,E,E,E,E,E,E,B,A,A,A,A,A,A,1.0
448,casteA,caste,6,skip,skip,skip,skip,skip,skip,skip,skip,skip,skip,skip,skip,skip,skip,skip,skip,skip,skip,skip,skip,0.0
449,random3A,random3,1,D,D,B,B,B,B,B,B,B,B,B,B,B,B,B,B,B,B,B,B,0.9
449,random3A,random3,2,E,E,E,E,E,E,E,E,E,E,A,A,A,A,E,E,E,E,E,E,0.5
449,random3B,random3,3,A,A,A,A,A,A,A,A,A,A,A,A,A,A,D,A,A,D,D,D,0.5
449,random3C,random3,4,D,D,D,D,C,C,C,C,C,C,C,C,C,C,C,C,C,C,C,C,0.65
449,random3C,random3,5,E,E,E,D,D,D,D,D,D,D,D,D,D,D,D,D,D,D,A,A,0.7
449,random3B,random3,6,C,C,C,C,C,C,C,C,E,E,E,E,E,E,E,A,A,D,D,D,0.4
450,casteB,caste,1,A,B,B,B,B,B,B,B,B,B,B,B,B,B,B,B,E,E,E,E,0.95
450,turntakingA,turntaking,2,A,A,A,A,A,A,A,A,A,A,A,A,A,A,A,A,A,A,A,A,0.65
450,casteA,caste,3,C,E,E,E,E,E,E,E,E,E,E,E,E,E,E,E,B,B,B,B,0.95
450,turntakingC,turntaking,4,C,C,C,C,C,C,C,C,C,C,C,C,C,C,C,C,C,C,C,C,0.65
450,turntakingB,turntaking,5,D,D,D,D,D,D,D,D,D,D,D,D,D,D,D,D,D,D,D,D,0.65
450,casteC,caste,6,skip,D,A,C,D,A,C,D,A,C,D,A,C,D,A,C,D,A,C,D,0.0
451,challengerB,challenger,1,A,A,A,A,A,A,A,A,A,A,A,A,A,A,A,A,A,A,A,A,0.0
451,randomA,random,2,B,C,C,B,B,B,C,skip,C,skip,C,B,B,skip,B,B,C,B,A,C,0.35
451,challengerC,challenger,3,A,A,A,A,A,A,A,A,A,A,A,A,A,A,A,A,A,A,A,A,0.0
451,randomB,random,4,A,C,C,A,A,B,A,D,skip,B,D,E,E,A,A,B,C,skip,E,A,0.3
451,challengerA,challenger,5,A,A,A,A,A,A,A,A,A,A,A,A,A,A,A,A,A,A,A,A,0.0
451,randomC,random,6,B,skip,A,B,D,A,E,C,A,C,C,skip,skip,C,A,A,E,B,D,A,0.35
452,randomA,random,1,A,E,A,skip,E,D,A,skip,B,skip,E,E,A,A,B,skip,C,C,C,skip,0.3
452,randomB,random,2,B,A,C,C,A,A,skip,A,E,D,C,D,D,D,A,A,E,C,D,A,0.55
452,randomC,random,3,A,skip,A,skip,E,E,C,skip,B,A,skip,E,skip,skip,C,B,skip,skip,E,skip,0.25
452,challengerB,challenger,4,A,A,A,A,A,A,A,A,A,A,A,A,A,A,A,A,A,A,A,A,0.0
452,challengerC,challenger,5,A,A,A,A,A,A,A,A,A,A,A,A,A,A,A,A,A,A,A,A,0.0
452,challengerA,challenger,6,A,A,A,A,A,A,A,A,A,A,A,A,A,A,A,A,A,A,A,A,0.0
453,casteB,caste,1,A,A,A,A,A,A,A,A,A,A,A,A,A,A,B,C,D,D,D,E,1.0
453,casteB,caste,2,B,B,B,B,B,B,B,B,B,B,B,B,B,C,D,E,E,E,E,D,1.0
453,casteC,caste,3,C,C,C,C,C,C,C,C,C,C,C,C,C,E,E,D,C,C,C,C,1.0
453,casteA,caste,4,D,D,D,D,D,D,D,D,D,D,D,D,D,D,C,B,B,B,B,B,1.0
453,casteA,caste,5,E,E,E,E,E,E,E,E,E,E,E,E,E,B,A,A,A,A,A,A,1.0
453,casteC,caste,6,skip,skip,skip,skip,skip,skip,skip,skip,skip,skip,skip,skip,skip,skip,skip,skip,skip,skip,skip,skip,0.0
454,challengerB,challenger,1,A,A,A,A,A,A,A,A,A,A,A,A,A,A,A,A,A,A,A,A,0.0
454,challengerA,challenger,2,A,A,A,A,A,A,A,A,A,A,A,A,A,A,A,A,A,A,A,A,0.0
454,challengerB,challenger,3,A,A,A,A,A,A,A,A,A,A,A,A,A,A,A,A,A,A,A,A,0.0
454,challengerC,challenger,4,A,A,A,A,A,A,A,A,A,A,A,A,A,A,A,A,A,A,A,A,0.0
454,challengerA,challenger,5,A,A,A,A,A,A,A,A,A,A,A,A,A,A,A,A,A,A,A,A,0.0
454,challengerC,challenger,6,A,A,A,A,A,A,A,A,A,A,A,A,A,A,A,A,A,A,A,A,0.0
455,equalizeC,equalize,1,A,B,D,B,C,D,A,E,D,C,B,A,E,D,C,B,A,E,D,C,0.05
455,casteB,caste,2,B,B,C,D,A,E,D,C,B,A,E,D,C,B,A,E,D,C,B,A,0.05
455,casteA,caste,3,C,C,D,B,C,D,A,E,D,C,B,A,E,D,C,B,A,E,D,C,0.1
455,equalizeB,equalize,4,D,E,C,D,A,E,D,C,B,A,E,D,C,B,A,E,D,C,B,A,0.05
455,casteC,caste,5,E,E,A,E,B,C,B,A,E,D,C,B,A,E,D,C,B,A,E,D,0.05
455,equalizeA,equalize,6,skip,A,A,E,B,C,B,A,E,D,C,B,A,E,D,C,B,A,E,D,0.05
456,casteC,caste,1,A,A,A,A,D,D,D,C,D,D,D,D,A,A,A,B,A,A,E,E,0.45
456,random3A,random3,2,B,B,B,E,E,A,A,D,D,E,A,D,A,A,A,B,A,A,A,A,0.2
456,random3C,random3,3,C,C,C,C,C,C,C,C,C,E,E,E,E,E,E,E,E,E,E,A,0.7
456,casteA,caste,4,D,D,D,B,E,E,E,E,C,E,C,C,D,D,D,D,D,D,D,D,0.75
456,casteB,caste,5,E,E,E,E,A,A,A,B,A,C,A,E,C,C,C,C,C,C,C,A,0.65
456,random3B,random3,6,A,D,B,B,B,B,B,B,B,B,B,B,B,B,B,B,B,B,B,B,0.7
457,turntakingC,turntaking,1,skip,D,D,B,D,E,C,E,D,E,A,D,E,C,C,C,C,D,D,C,0.45
457,radicaleqA,radicaleq,2,B,C,D,D,D,D,C,C,D,D,C,B,D,D,C,D,E,E,D,E,0.3
457,radicaleqC,radicaleq,3,C,E,C,C,C,C,B,B,B,B,B,C,B,B,B,B,B,skip,skip,B,0.5
457,turntakingA,turntaking,4,C,C,C,D,C,B,B,D,B,C,E,B,D,B,D,B,D,B,B,B,0.2
457,turntakingB,turntaking,5,D,B,B,E,B,A,D,A,C,A,C,E,A,D,E,D,E,C,C,D,0.5
457,radicaleqB,radicaleq,6,skip,D,B,B,B,B,E,D,E,C,E,E,E,E,E,E,C,C,E,D,0.25
458,rotate0C,rotate0,1,A,A,A,A,A,A,A,A,A,A,A,A,A,A,A,A,A,A,A,A,0.55
458,rotateB,rotate,2,B,C,D,E,skip,A,B,C,D,E,skip,A,B,C,D,E,skip,A,B,C,0.55
458,rotateA,rotate,3,C,D,E,skip,A,B,C,D,E,skip,A,B,C,D,E,skip,A,B,C,D,0.5
458,rotate0B,rotate0,4,D,D,D,D,D,D,D,D,D,D,D,D,D,D,D,D,D,D,D,D,0.5
458,rotateC,rotate,5,E,skip,A,B,C,D,E,skip,A,B,C,D,E,skip,A,B,C,D,E,skip,0.5
458,rotate0A,rotate0,6,skip,skip,skip,skip,skip,skip,skip,skip,skip,skip,skip,skip,skip,skip,skip,skip,skip,skip,skip,skip,0.0
459,turntakingC,turntaking,1,skip,E,A,D,D,B,B,C,B,B,C,C,C,C,D,D,C,C,C,D,0.65
459,equalizeB,equalize,2,B,A,D,E,B,D,E,D,A,E,B,A,E,B,A,E,B,A,E,B,0.65
459,turntakingB,turntaking,3,B,B,E,B,E,D,D,D,C,D,B,B,B,B,B,B,B,B,B,B,0.65
459,turntakingA,turntaking,4,C,C,C,C,C,C,C,B,D,C,D,D,D,D,C,C,D,D,D,C,0.65
459,equalizeC,equalize,5,E,C,B,C,D,A,A,A,E,B,A,E,C,A,E,D,A,E,C,A,0.65
459,equalizeA,equalize,6,skip,D,C,A,A,E,B,E,D,A,E,D,A,E,C,A,E,D,A,E,0.65
460,turntakingC,turntaking,1,skip,E,D,E,D,E,D,E,E,E,E,D,E,A,D,D,E,D,E,C,0.65
460,random3A,random3,2,B,B,B,B,B,E,B,B,B,B,E,E,E,B,B,B,B,B,B,B,0.35
460,turntakingA,turntaking,3,B,B,B,A,A,D,B,A,A,A,A,B,A,B,A,B,A,B,D,A,0.45
460,random3C,random3,4,D,D,D,D,A,E,B,B,A,B,D,B,C,B,E,C,C,C,E,A,0.1
460,random3B,random3,5,A,A,A,C,C,C,C,C,C,C,C,C,C,C,C,C,C,C,C,C,0.6
460,turntakingB,turntaking,6,E,A,A,D,B,A,A,D,D,D,D,A,D,D,E,A,D,A,C,D,0.65
461,casteB,caste,1,A,B,E,E,E,E,D,C,B,B,D,C,E,B,D,C,E,B,D,C,0.95
461,casteC,caste,2,B,C,C,B,D,C,B,B,E,D,C,E,B,D,C,E,B,D,C,E,1.0
461,challengerC,challenger,3,A,A,A,A,A,A,A,A,A,A,A,A,A,A,A,A,A,A,A,A,0.0
461,casteA,caste,4,D,E,D,C,B,D,C,E,D,C,E,B,D,C,E,B,D,C,E,B,1.0
461,challengerB,challenger,5,A,A,A,A,A,A,A,A,A,A,A,A,A,A,A,A,A,A,A,A,0.0
461,challengerA,challenger,6,A,A,A,A,A,A,A,A,A,A,A,A,A,A,A,A,A,A,A,A,0.0
462,rotate0B,rotate0,1,A,A,A,A,A,A,A,A,A,A,A,A,A,A,A,A,A,A,A,A,0.35
462,rotate0C,rotate0,2,B,B,B,B,B,B,B,B,B,B,B,B,B,B,B,B,B,B,B,B,0.5
462,turntakingC,turntaking,3,B,B,B,A,D,A,D,A,D,A,E,D,E,D,E,D,E,D,E,E,0.3
462,rotate0A,rotate0,4,D,D,D,D,D,D,D,D,D,D,D,D,D,D,D,D,D,D,D,D,0.5
462,turntakingB,turntaking,5,D,D,D,E,B,E,B,E,B,E,C,B,C,B,C,B,C,B,C,C,0.5
462,turntakingA,turntaking,6,E,E,E,C,A,C,A,C,C,C,A,A,A,E,A,E,A,E,A,A,0.55
463,rotateB,rotate,1,A,B,C,D,E,skip,A,B,C,D,E,skip,A,B,C,D,E,skip,A,B,0.65
463,challengerA,challenger,2,A,A,A,A,A,A,A,A,A,A,A,A,A,A,A,A,A,A,A,A,0.0
463,rotateA,rotate,3,C,D,E,skip,A,B,C,D,E,skip,A,B,C,D,E,skip,A,B,C,D,0.7
463,challengerC,challenger,4,A,A,A,A,A,A,A,A,A,A,A,A,A,A,A,A,A,A,A,A,0.0
463,challengerB,challenger,5,A,A,A,A,A,A,A,A,A,A,A,A,A,A,A,A,A,A,A,A,0.0
463,rotateC,rotate,6,skip,A,B,C,D,E,skip,A,B,C,D,E,skip,A,B,C,D,E,skip,A,0.6
464,radicaleqA,radicaleq,1,A,B,A,C,D,skip,A,C,D,B,E,skip,D,C,B,E,A,skip,D,B,0.85
464,radicaleqA,radicaleq,2,B,C,D,E,skip,A,C,D,B,E,skip,D,C,B,E,A,skip,D,B,C,0.85
464,radicaleqB,radicaleq,3,C,D,E,skip,A,C,D,B,E,skip,D,C,B,E,A,skip,D,B,C,E,0.85
464,radicaleqB,radicaleq,4,D,E,skip,A,C,D,B,E,skip,D,C,B,E,A,skip,D,B,C,E,A,0.85
464,radicaleqC,radicaleq,5,E,skip,B,B,B,B,E,skip,C,C,B,E,A,skip,D,B,C,E,A,skip,0.8
464,radicaleqC,radicaleq,6,skip,A,C,D,E,E,skip,A,A,A,A,A,skip,D,C,C,E,A,skip,D,0.8
465,casteC,caste,1,A,C,E,D,A,E,B,E,C,C,C,D,A,E,C,D,D,B,A,D,0.45
465,randomA,random,2,skip,A,skip,B,skip,A,C,E,B,E,E,D,skip,skip,B,skip,skip,D,A,skip,0.1
465,casteA,caste,3,C,B,B,C,C,C,C,B,B,D,D,A,C,D,D,C,C,E,C,C,0.75
465,randomC,random,4,D,D,E,skip,D,A,C,skip,skip,A,B,E,A,E,D,B,D,D,A,E,0.25
465,randomB,random,5,A,E,E,B,D,E,skip,skip,skip,skip,C,A,A,A,B,A,C,B,B,A,0.25
465,casteB,caste,6,skip,D,A,B,D,A,E,D,A,B,E,B,B,C,B,E,E,A,E,E,0.6
466,casteB,caste,1,A,A,A,A,A,A,A,A,A,A,A,A,A,A,B,C,D,D,D,E,1.0
466,casteA,caste,2,B,B,B,B,B,B,B,B,B,B,B,B,B,C,D,E,E,E,E,D,1.0
466,casteB,caste,3,C,C,C,C,C,C,C,C,C,C,C,C,C,E,E,D,C,C,C,C,1.0
466,casteA,caste,4,D,D,D,D,D,D,D,D,D,D,D,D,D,D,C,B,B,B,B,B,1.0
466,casteC,caste,5,E,E,E,E,E,E,E,E,E,E,E,E,E,B,A,A,A,A,A,A,1.0
466,casteC,caste,6,skip,skip,skip,skip,skip,skip,skip,skip,skip,skip,skip,skip,skip,skip,skip,skip,skip,skip,skip,skip,0.0
467,randomB,random,1,D,D,skip,D,skip,E,C,C,A,D,C,E,E,skip,A,A,skip,B,D,C,0.3
467,rotateA,rotate,2,B,C,D,E,skip,A,B,C,D,E,skip,A,B,C,D,E,skip,A,B,C,0.55
467,rotateC,rotate,3,C,D,E,skip,A,B,C,D,E,skip,A,B,C,D,E,skip,A,B,C,D,0.5
467,randomA,random,4,B,A,D,skip,C,D,A,E,skip,C,skip,B,D,E,C,B,C,B,D,skip,0.35
467,randomC,random,5,B,A,D,skip,A,A,E,C,E,D,A,B,E,E,B,D,C,B,B,C,0.1
467,rotateB,rotate,6,skip,A,B,C,D,E,skip,A,B,C,D,E,skip,A,B,C,D,E,skip,A,0.55
468,equalizeC,equalize,1,A,B,A,C,D,B,A,C,E,A,B,C,D,E,B,B,B,E,E,E,0.5
468,rotateA,rotate,2,B,C,D,E,skip,A,B,C,D,E,skip,A,B,C,D,E,skip,A,B,C,0.55
468,rotateB,rotate,3,C,D,E,skip,A,B,C,D,E,skip,A,B,C,D,E,skip,A,B,C,D,0.65
468,rotateC,rotate,4,D,E,skip,A,B,C,D,E,skip,A,B,C,D,E,skip,A,B,C,D,E,0.2
468,equalizeA,equalize,5,E,skip,B,B,B,C,D,A,A,B,D,D,E,A,D,A,C,C,D,A,0.6
468,equalizeB,equalize,6,skip,A,C,D,E,E,E,D,C,C,A,E,B,C,A,C,D,D,B,C,0.65
469,randomB,random,1,D,D,A,B,B,A,B,skip,skip,A,D,skip,C,A,C,C,A,C,skip,A,0.25
469,random3A,random3,2,A,C,B,B,B,B,B,B,B,B,B,B,B,B,D,D,D,D,D,D,0.65
469,random3C,random3,3,E,E,E,D,D,C,C,C,C,C,C,C,C,A,A,B,B,B,B,B,0.6
469,randomA,random,4,D,C,A,skip,D,A,A,A,A,skip,A,skip,C,C,skip,E,skip,D,E,A,0.05
469,randomC,random,5,A,C,E,A,E,E,E,C,A,E,A,C,C,B,A,B,A,D,C,A,0.25
469,random3B,random3,6,A,A,A,A,A,A,A,A,A,A,A,E,E,E,E,E,E,E,E,E,0.45
470,radicaleqC,radicaleq,1,A,B,E,skip,A,E,skip,A,E,skip,A,E,skip,A,E,skip,A,E,skip,A,0.35
470,challengerB,challenger,2,A,A,A,A,A,A,A,A,A,A,A,A,A,A,A,A,A,A,A,A,0.0
470,radicaleqB,radicaleq,3,C,A,A,E,skip,A,E,skip,A,E,skip,A,E,skip,A,E,skip,A,E,skip,0.35
470,challengerA,challenger,4,A,A,A,A,A,A,A,A,A,A,A,A,A,A,A,A,A,A,A,A,0.0
470,radicaleqA,radicaleq,5,E,skip,skip,A,E,skip,A,E,skip,A,E,skip,A,E,skip,A,E,skip,A,E,0.35
470,challengerC,challenger,6,A,A,A,A,A,A,A,A,A,A,A,A,A,A,A,A,A,A,A,A,0.0
471,equalizeB,equalize,1,A,B,A,C,E,A,C,B,E,B,D,E,A,D,E,C,D,E,C,B,0.35
471,equalizeC,equalize,2,B,C,D,D,C,B,E,D,B,C,E,B,E,A,B,D,E,B,A,D,0.4
471,rotateC,rotate,3,C,D,E,skip,A,B,C,D,E,skip,A,B,C,D,E,skip,A,B,C,D,0.2
471,equalizeA,equalize,4,D,E,skip,B,D,E,A,A,C,D,A,C,C,B,C,A,A,D,E,A,0.45
471,rotateB,rotate,5,E,skip,A,B,C,D,E,skip,A,B,C,D,E,skip,A,B,C,D,E,skip,0.4
471,rotateA,rotate,6,skip,A,B,C,D,E,skip,A,B,C,D,E,skip,A,B,C,D,E,skip,A,0.1
472,rotate0C,rotate0,1,A,A,A,A,A,A,A,A,A,A,A,A,A,A,A,A,A,A,A,A,0.5
472,radicaleqA,radicaleq,2,B,C,D,E,C,E,C,B,C,E,C,B,C,E,C,B,C,E,C,B,0.5
472,rotate0A,rotate0,3,C,C,C,C,C,C,C,C,C,C,C,C,C,C,C,C,C,C,C,C,0.5
472,rotate0B,rotate0,4,D,D,D,D,D,D,D,D,D,D,D,D,D,D,D,D,D,D,D,D,0.5
472,radicaleqB,radicaleq,5,E,skip,C,A,E,A,B,A,E,A,B,A,E,A,B,A,E,A,B,A,0.45
472,radicaleqC,radicaleq,6,skip,A,B,D,B,D,E,D,B,D,E,D,B,D,E,D,B,D,E,D,0.45
473,rotate0C,rotate0,1,A,A,A,A,A,A,A,A,A,A,A,A,A,A,A,A,A,A,A,A,0.55
473,rotateA,rotate,2,B,C,D,E,skip,A,B,C,D,E,skip,A,B,C,D,E,skip,A,B,C,0.55
473,rotateB,rotate,3,C,D,E,skip,A,B,C,D,E,skip,A,B,C,D,E,skip,A,B,C,D,0.55
473,rotateC,rotate,4,D,E,skip,A,B,C,D,E,skip,A,B,C,D,E,skip,A,B,C,D,E,0.5
473,rotate0A,rotate0,5,E,E,E,E,E,E,E,E,E,E,E,E,E,E,E,E,E,E,E,E,0.5
473,rotate0B,rotate0,6,skip,skip,skip,skip,skip,skip,skip,skip,skip,skip,skip,skip,skip,skip,skip,skip,skip,skip,skip,skip,0.0
474,equalizeC,equalize,1,A,B,E,D,D,B,C,E,A,D,B,C,E,A,D,B,C,E,A,D,0.05
474,casteA,caste,2,B,B,A,E,C,D,B,C,E,A,D,B,C,E,A,D,B,C,E,A,0.05
474,casteB,caste,3,C,C,E,D,D,B,C,E,A,D,B,C,E,A,D,B,C,E,A,D,0.1
474,casteC,caste,4,D,D,C,B,A,E,A,D,B,C,E,A,D,B,C,E,A,D,B,C,0.1
474,equalizeA,equalize,5,E,skip,C,B,A,E,A,D,B,C,E,A,D,B,C,E,A,D,B,C,0.05
474,equalizeB,equalize,6,skip,A,A,E,C,D,B,C,E,A,D,B,C,E,A,D,B,C,E,A,0.05
475,rotateA,rotate,1,A,B,C,D,E,skip,A,B,C,D,E,skip,A,B,C,D,E,skip,A,B,0.3
475,rotateB,rotate,2,B,C,D,E,skip,A,B,C,D,E,skip,A,B,C,D,E,skip,A,B,C,0.3
475,turntakingB,turntaking,3,B,B,B,E,E,C,C,B,B,B,B,B,B,B,B,B,B,B,B,B,0.45
475,turntakingC,turntaking,4,C,C,E,D,C,B,E,E,E,E,E,E,E,C,C,C,C,C,C,C,0.45
475,rotateC,rotate,5,E,skip,A,B,C,D,E,skip,A,B,C,D,E,skip,A,B,C,D,E,skip,0.3
475,turntakingA,turntaking,6,E,E,C,C,B,D,B,C,C,C,C,C,C,E,E,E,E,E,E,E,0.5
476,equalizeC,equalize,1,A,B,A,C,D,skip,A,C,D,B,E,skip,D,C,B,E,A,skip,D,B,0.85
476,radicaleqA,radicaleq,2,B,C,D,E,skip,A,C,D,B,E,skip,D,C,B,E,A,skip,D,B,C,0.85
476,radicaleqC,radicaleq,3,C,D,E,skip,A,C,D,B,E,skip,D,C,B,E,A,skip,D,B,C,E,0.85
476,equalizeA,equalize,4,D,E,skip,A,C,D,B,E,skip,D,C,B,E,A,skip,D,B,C,E,A,0.85
476,equalizeB,equalize,5,E,skip,B,B,B,B,E,skip,C,C,B,E,A,skip,D,B,C,E,A,skip,0.8
476,radicaleqB,radicaleq,6,skip,A,C,D,E,E,skip,A,A,A,A,A,skip,D,C,C,E,A,skip,D,0.8
477,turntakingB,turntaking,1,skip,E,C,B,A,A,skip,E,E,E,E,E,skip,B,C,C,A,E,skip,B,0.8
477,turntakingA,turntaking,2,A,skip,D,D,D,D,A,skip,C,C,D,A,E,skip,B,D,C,A,E,skip,0.8
477,turntakingA,turntaking,3,B,A,skip,E,C,B,D,A,skip,B,C,D,A,E,skip,B,D,C,A,E,0.85
477,turntakingB,turntaking,4,C,B,A,skip,E,C,B,D,A,skip,B,C,D,A,E,skip,B,D,C,A,0.85
477,turntakingC,turntaking,5,D,C,B,A,skip,E,C,B,D,A,skip,B,C,D,A,E,skip,B,D,C,0.85
477,turntakingC,turntaking,6,E,D,E,C,B,skip,E,C,B,D,A,skip,B,C,D,A,E,skip,B,D,0.85
478,randomA,random,1,D,B,E,D,D,skip,B,C,A,C,skip,C,E,B,C,C,skip,C,B,C,0.7
478,randomC,random,2,skip,C,D,E,C,D,E,A,C,E,B,D,skip,C,E,A,B,A,B,A,0.6
478,challengerC,challenger,3,A,A,A,A,A,A,A,A,A,A,A,A,A,A,A,A,A,A,A,A,0.0
478,challengerA,challenger,4,A,A,A,A,A,A,A,A,A,A,A,A,A,A,A,A,A,A,A,A,0.0
478,challengerB,challenger,5,A,A,A,A,A,A,A,A,A,A,A,A,A,A,A,A,A,A,A,A,0.0
478,randomB,random,6,A,D,A,C,skip,E,B,A,C,B,D,skip,A,E,skip,A,C,D,E,skip,0.45
479,random3B,random3,1,D,B,A,A,A,A,C,A,A,C,A,A,A,A,A,A,A,A,A,A,0.5
479,randomA,random,2,E,B,B,E,C,A,D,D,A,B,E,B,D,E,D,D,skip,C,C,C,0.35
479,random3C,random3,3,C,C,C,C,C,B,B,B,B,B,A,A,C,C,C,C,C,C,E,E,0.35
479,randomB,random,4,A,B,C,skip,A,B,B,C,D,C,B,B,skip,E,B,skip,E,D,B,C,0.3
479,random3A,random3,5,D,D,D,E,E,E,E,E,E,E,E,E,E,E,E,E,E,E,E,E,0.5
479,randomC,random,6,C,E,D,E,E,skip,C,D,B,D,C,D,C,D,B,E,E,B,A,D,0.35
480,rotate0C,rotate0,1,A,A,A,A,A,A,A,A,A,A,A,A,A,A,A,A,A,A,A,A,1.0
480,rotate0C,rotate0,2,B,B,B,B,B,B,B,B,B,B,B,B,B,B,B,B,B,B,B,B,1.0
480,rotate0B,rotate0,3,C,C,C,C,C,C,C,C,C,C,C,C,C,C,C,C,C,C,C,C,1.0
480,rotate0B,rotate0,4,D,D,D,D,D,D,D,D,D,D,D,D,D,D,D,D,D,D,D,D,1.0
480,rotate0A,rotate0,5,E,E,E,E,E,E,E,E,E,E,E,E,E,E,E,E,E,E,E,E,1.0
480,rotate0A,rotate0,6,skip,skip,skip,skip,skip,skip,skip,skip,skip,skip,skip,skip,skip,skip,skip,skip,skip,skip,skip,skip,0.0
481,random3A,random3,1,C,A,C,C,C,C,C,C,C,C,C,E,C,C,C,C,C,C,C,C,0.65
481,random3C,random3,2,E,E,E,E,E,E,E,E,E,E,B,B,B,B,B,B,B,E,E,E,0.45
481,random3B,random3,3,A,A,C,A,A,A,A,A,A,A,A,A,A,A,A,A,A,A,A,A,0.85
481,random3A,random3,4,C,B,B,A,D,C,C,B,B,E,C,E,E,E,E,E,E,E,E,E,0.25
481,random3C,random3,5,D,D,D,D,D,D,D,D,D,D,D,D,D,D,D,D,D,D,D,D,0.95
481,random3B,random3,6,B,B,B,B,B,B,B,B,B,B,B,B,B,B,B,B,B,B,B,B,0.45
482,casteA,caste,1,A,A,A,A,A,A,A,A,A,A,A,A,A,A,B,C,D,D,D,E,1.0
482,casteB,caste,2,B,B,B,B,B,B,B,B,B,B,B,B,B,C,D,E,E,E,E,D,1.0
482,casteA,caste,3,C,C,C,C,C,C,C,C,C,C,C,C,C,E,E,D,C,C,C,C,1.0
482,casteC,caste,4,D,D,D,D,D,D,D,D,D,D,D,D,D,D,C,B,B,B,B,B,1.0
482,casteC,caste,5,E,E,E,E,E,E,E,E,E,E,E,E,E,B,A,A,A,A,A,A,1.0
482,casteB,caste,6,skip,skip,skip,skip,skip,skip,skip,skip,skip,skip,skip,skip,skip,skip,skip,skip,skip,skip,skip,skip,0.0
483,random3A,random3,1,B,B,B,B,B,B,B,B,B,B,B,B,B,B,B,B,B,B,B,B,0.9
483,random3B,random3,2,B,B,C,C,C,C,C,C,C,C,C,C,C,C,C,C,C,C,C,C,0.9
483,random3C,random3,3,D,D,D,D,D,D,D,D,D,D,D,D,D,D,D,D,D,D,D,D,1.0
483,challengerB,challenger,4,A,A,A,A,A,A,A,A,A,A,A,A,A,A,A,A,A,A,A,A,0.0
483,challengerC,challenger,5,A,A,A,A,A,A,A,A,A,A,A,A,A,A,A,A,A,A,A,A,0.0
483,challengerA,challenger,6,A,A,A,A,A,A,A,A,A,A,A,A,A,A,A,A,A,A,A,A,0.0
484,rotate0A,rotate0,1,A,A,A,A,A,A,A,A,A,A,A,A,A,A,A,A,A,A,A,A,0.55
484,rotate0B,rotate0,2,B,B,B,B,B,B,B,B,B,B,B,B,B,B,B,B,B,B,B,B,0.6
484,rotate0C,rotate0,3,C,C,C,C,C,C,C,C,C,C,C,C,C,C,C,C,C,C,C,C,0.5
484,radicaleqB,radicaleq,4,D,E,skip,C,D,C,D,C,D,C,D,C,D,C,D,C,D,C,D,C,0.5
484,radicaleqC,radicaleq,5,E,skip,C,E,B,E,B,E,B,E,B,E,B,E,B,E,B,E,B,E,0.5
484,radicaleqA,radicaleq,6,skip,A,D,D,A,D,A,D,A,D,A,D,A,D,A,D,A,D,A,D,0.5
485,random3C,random3,1,B,B,B,B,B,B,B,B,B,B,B,B,B,B,B,B,B,B,B,B,0.9
485,random3A,random3,2,D,D,D,D,D,E,D,D,D,D,D,D,D,D,D,D,E,D,E,D,0.35
485,random3B,random3,3,E,E,E,E,C,C,C,C,C,C,C,C,C,C,C,C,C,C,C,C,0.7
485,random3B,random3,4,C,C,C,C,C,C,D,E,E,E,E,E,E,E,E,E,E,B,B,D,0.5
485,random3C,random3,5,E,E,E,E,D,E,E,E,E,E,A,A,D,D,D,D,D,D,E,E,0.15
485,random3A,random3,6,D,D,A,A,A,A,A,A,A,A,A,A,A,A,A,A,A,A,A,A,0.8
486,turntakingC,turntaking,1,skip,D,E,E,E,D,D,D,E,E,E,D,D,D,E,E,E,D,D,D,0.6
486,casteA,caste,2,B,C,A,C,A,C,A,C,A,C,A,C,A,C,A,C,A,C,A,C,0.95
486,turntakingA,turntaking,3,B,B,B,B,B,B,B,B,B,B,B,B,B,B,B,B,B,B,B,B,0.65
486,casteC,caste,4,D,A,C,A,C,A,C,A,C,A,C,A,C,A,C,A,C,A,C,A,1.0
486,casteB,caste,5,E,D,B,D,E,B,E,D,B,D,E,B,E,D,B,D,E,B,E,D,0.0
486,turntakingB,turntaking,6,E,E,D,D,D,E,E,E,D,D,D,E,E,E,D,D,D,E,E,E,0.65
487,rotateA,rotate,1,A,B,C,D,E,skip,A,B,C,D,E,skip,A,B,C,D,E,skip,A,B,0.35
487,radicaleqC,radicaleq,2,B,C,D,B,skip,B,skip,E,A,E,skip,A,skip,skip,skip,A,E,E,A,E,0.4
487,radicaleqB,radicaleq,3,C,D,E,skip,A,skip,E,skip,E,skip,A,E,A,A,E,E,A,A,skip,skip,0.55
487,rotateB,rotate,4,D,E,skip,A,B,C,D,E,skip,A,B,C,D,E,skip,A,B,C,D,E,0.25
487,radicaleqA,radicaleq,5,E,skip,B,A,E,C,D,A,C,D,B,C,D,B,C,D,B,C,D,B,0.05
487,rotateC,rotate,6,skip,A,B,C,D,E,skip,A,B,C,D,E,skip,A,B,C,D,E,skip,A,0.55
488,randomA,random,1,B,A,B,A,A,D,skip,A,A,E,A,E,A,C,B,E,C,D,A,A,0.4
488,randomC,random,2,B,skip,B,skip,skip,C,E,skip,A,D,D,C,C,E,D,B,C,C,skip,C,0.45
488,randomC,random,3,skip,E,E,E,skip,E,E,A,C,B,skip,E,B,A,B,A,D,A,C,D,0.3
488,randomB,random,4,skip,skip,A,skip,E,B,E,A,skip,A,skip,B,E,B,skip,A,skip,A,A,D,0.35
488,randomA,random,5,C,B,C,skip,A,A,D,skip,C,B,skip,D,skip,A,A,E,B,D,C,C,0.3
488,randomB,random,6,D,D,B,skip,D,skip,D,A,B,B,skip,D,skip,skip,E,C,A,E,A,D,0.4
489,turntakingB,turntaking,1,skip,E,C,C,E,E,D,C,D,D,C,D,D,D,D,D,D,D,D,D,0.4
489,radicaleqA,radicaleq,2,B,C,B,D,E,C,A,D,C,C,D,D,A,D,C,D,C,D,C,D,0.4
489,turntakingC,turntaking,3,B,B,B,D,B,D,B,E,B,B,E,B,E,E,E,E,E,E,E,E,0.45
489,radicaleqB,radicaleq,4,D,B,E,B,B,B,B,B,skip,B,E,E,D,A,E,A,E,A,E,A,0.4
489,turntakingA,turntaking,5,D,D,D,E,D,C,E,D,E,E,D,E,B,B,B,B,B,B,B,B,0.45
489,radicaleqC,radicaleq,6,skip,skip,C,E,C,E,E,C,A,A,C,C,B,C,B,C,B,C,B,C,0.4
490,challengerC,challenger,1,A,A,A,A,A,A,A,A,A,A,A,A,A,A,A,A,A,A,A,A,0.0
490,radicaleqA,radicaleq,2,B,E,skip,A,E,skip,A,E,skip,A,E,skip,A,E,skip,A,E,skip,A,E,0.4
490,challengerA,challenger,3,A,A,A,A,A,A,A,A,A,A,A,A,A,A,A,A,A,A,A,A,0.0
490,radicaleqC,radicaleq,4,D,A,E,skip,A,E,skip,A,E,skip,A,E,skip,A,E,skip,A,E,skip,A,0.35
490,radicaleqB,radicaleq,5,E,skip,A,E,skip,A,E,skip,A,E,skip,A,E,skip,A,E,skip,A,E,skip,0.35
490,challengerB,challenger,6,A,A,A,A,A,A,A,A,A,A,A,A,A,A,A,A,A,A,A,A,0.0
491,equalizeA,equalize,1,A,B,D,B,A,D,C,A,D,E,A,C,B,A,E,D,C,B,A,E,0.1
491,equalizeC,equalize,2,B,C,B,E,D,C,A,D,E,A,C,B,A,E,D,C,B,A,E,D,0.05
491,casteC,caste,3,C,C,D,B,A,D,C,A,D,E,A,C,B,A,E,D,C,B,A,E,0.05
491,casteA,caste,4,D,D,B,E,D,C,A,D,E,A,C,B,A,E,D,C,B,A,E,D,0.1
491,casteB,caste,5,E,E,A,C,E,B,E,B,C,B,D,E,D,C,B,A,E,D,C,B,0.1
491,equalizeB,equalize,6,skip,A,A,C,E,B,E,B,C,B,D,E,D,C,B,A,E,D,C,B,0.05
492,turntakingC,turntaking,1,skip,B,E,D,D,D,C,E,E,E,D,D,D,C,C,E,D,C,E,D,0.95
492,challengerA,challenger,2,A,A,A,A,A,A,A,A,A,A,A,A,A,A,A,A,A,A,A,A,0.0
492,turntakingA,turntaking,3,B,D,D,B,C,E,E,B,D,D,E,C,C,E,E,D,C,E,D,C,1.0
492,turntakingB,turntaking,4,C,E,C,E,B,C,B,D,C,C,C,B,E,B,D,B,B,B,B,B,1.0
492,challengerB,challenger,5,A,A,A,A,A,A,A,A,A,A,A,A,A,A,A,A,A,A,A,A,0.0
492,challengerC,challenger,6,A,A,A,A,A,A,A,A,A,A,A,A,A,A,A,A,A,A,A,A,0.0
493,turntakingC,turntaking,1,skip,B,E,E,E,E,D,D,B,B,B,B,B,C,C,E,B,C,E,B,0.95
493,challengerB,challenger,2,A,A,A,A,A,A,A,A,A,A,A,A,A,A,A,A,A,A,A,A,0.0
493,turntakingB,turntaking,3,B,C,C,B,D,C,B,B,E,E,E,C,C,E,E,B,C,E,B,C,1.0
493,challengerA,challenger,4,A,A,A,A,A,A,A,A,A,A,A,A,A,A,A,A,A,A,A,A,0.0
493,turntakingA,turntaking,5,D,E,D,C,B,D,C,E,C,C,C,D,E,D,B,D,D,D,D,D,1.0
493,challengerC,challenger,6,A,A,A,A,A,A,A,A,A,A,A,A,A,A,A,A,A,A,A,A,0.0
494,radicaleqB,radicaleq,1,A,B,A,D,D,C,D,C,A,C,D,D,C,E,C,A,D,C,C,C,0.5
494,rotateA,rotate,2,B,C,D,E,skip,A,B,C,D,E,skip,A,B,C,D,E,skip,A,B,C,0.45
494,radicaleqA,radicaleq,3,C,D,E,skip,E,E,skip,skip,E,skip,skip,A,A,A,E,skip,skip,A,A,A,0.55
494,rotateC,rotate,4,D,E,skip,A,B,C,D,E,skip,A,B,C,D,E,skip,A,B,C,D,E,0.55
494,rotateB,rotate,5,E,skip,A,B,C,D,E,skip,A,B,C,D,E,skip,A,B,C,D,E,skip,0.35
494,radicaleqC,radicaleq,6,skip,A,C,E,C,D,A,A,D,A,C,E,E,C,D,D,C,E,E,D,0.4
495,casteA,caste,1,A,A,B,B,B,E,E,D,B,D,D,E,E,C,C,B,A,D,B,E,0.55
495,radicaleqC,radicaleq,2,B,C,skip,D,E,skip,A,skip,A,skip,C,skip,B,skip,D,skip,E,skip,C,skip,0.55
495,radicaleqB,radicaleq,3,C,D,E,B,B,A,B,D,C,D,B,E,D,C,E,B,C,D,A,E,0.05
495,casteB,caste,4,D,D,E,C,C,C,B,A,E,C,A,B,A,D,A,E,B,C,D,A,0.2
495,radicaleqA,radicaleq,5,E,skip,C,E,skip,D,skip,A,E,C,A,B,A,D,A,E,B,C,D,A,0.2
495,casteC,caste,6,skip,skip,A,A,D,A,C,E,C,B,B,D,D,E,E,C,C,A,A,B,0.55
496,randomC,random,1,E,C,E,E,B,A,A,skip,skip,skip,E,C,skip,B,E,B,B,B,skip,A,0.15
496,rotate0A,rotate0,2,B,B,B,B,B,B,B,B,B,B,B,B,B,B,B,B,B,B,B,B,0.4
496,randomA,random,3,E,B,B,D,A,B,B,skip,D,skip,A,C,B,A,E,E,E,skip,skip,B,0.05
496,rotate0C,rotate0,4,D,D,D,D,D,D,D,D,D,D,D,D,D,D,D,D,D,D,D,D,0.8
496,rotate0B,rotate0,5,E,E,E,E,E,E,E,E,E,E,E,E,E,E,E,E,E,E,E,E,0.6
496,randomB,random,6,D,C,B,C,A,C,skip,E,skip,B,skip,A,C,A,A,skip,B,D,skip,skip,0.25
497,turntakingA,turntaking,1,skip,E,C,B,A,A,skip,E,E,E,E,E,skip,B,C,C,A,E,skip,B,0.8
497,turntakingA,turntaking,2,A,skip,D,D,D,D,A,skip,C,C,D,A,E,skip,B,D,C,A,E,skip,0.8
497,turntakingB,turntaking,3,B,A,skip,E,C,B,D,A,skip,B,C,D,A,E,skip,B,D,C,A,E,0.85
497,turntakingB,turntaking,4,C,B,A,skip,E,C,B,D,A,skip,B,C,D,A,E,skip,B,D,C,A,0.85
497,turntakingC,turntaking,5,D,C,B,A,skip,E,C,B,D,A,skip,B,C,D,A,E,skip,B,D,C,0.85
497,turntakingC,turntaking,6,E,D,E,C,B,skip,E,C,B,D,A,skip,B,C,D,A,E,skip,B,D,0.85
498,challengerA,challenger,1,A,A,A,A,A,A,A,A,A,A,A,A,A,A,A,A,A,A,A,A,0.0
498,challengerC,challenger,2,A,A,A,A,A,A,A,A,A,A,A,A,A,A,A,A,A,A,A,A,0.0
498,radicaleqB,radicaleq,3,C,E,skip,A,E,skip,A,E,skip,A,E,skip,A,E,skip,A,E,skip,A,E,0.4
498,radicaleqA,radicaleq,4,D,A,E,skip,A,E,skip,A,E,skip,A,E,skip,A,E,skip,A,E,skip,A,0.35
498,radicaleqC,radicaleq,5,E,skip,A,E,skip,A,E,skip,A,E,skip,A,E,skip,A,E,skip,A,E,skip,0.35
498,challengerB,challenger,6,A,A,A,A,A,A,A,A,A,A,A,A,A,A,A,A,A,A,A,A,0.0
499,challengerA,challenger,1,A,A,A,A,A,A,A,A,A,A,A,A,A,A,A,A,A,A,A,A,0.0
499,challengerB,challenger,2,A,A,A,A,A,A,A,A,A,A,A,A,A,A,A,A,A,A,A,A,0.0
499,casteC,caste,3,C,B,B,B,E,E,E,B,B,D,C,E,B,D,C,E,B,D,C,E,1.0
499,challengerC,challenger,4,A,A,A,A,A,A,A,A,A,A,A,A,A,A,A,A,A,A,A,A,0.0
499,casteA,caste,5,E,D,C,C,B,D,C,E,D,C,E,B,D,C,E,B,D,C,E,B,1.0
499,casteB,caste,6,skip,E,D,D,C,B,D,C,E,B,D,C,E,B,D,C,E,B,D,C,0.95
500,casteA,caste,1,A,A,E,E,B,D,E,C,A,B,C,E,D,C,B,A,E,D,C,B,0.05
500,casteB,caste,2,B,B,C,A,D,A,B,A,E,C,A,B,C,E,D,C,B,A,E,D,0.1
500,equalizeC,equalize,3,C,D,E,E,B,D,E,C,A,B,C,E,D,C,B,A,E,D,C,B,0.05
500,casteC,caste,4,D,D,B,C,E,C,D,B,D,E,D,A,B,A,E,D,C,B,A,E,0.05
500,equalizeA,equalize,5,E,skip,B,C,E,C,D,B,D,E,D,A,B,A,E,D,C,B,A,E,0.05
500,equalizeB,equalize,6,skip,A,C,A,D,A,B,A,E,C,A,B,C,E,D,C,B,A,E,D,0.0
501,rotate0C,rotate0,1,A,A,A,A,A,A,A,A,A,A,A,A,A,A,A,A,A,A,A,A,0.5
501,turntakingA,turntaking,2,A,A,A,C,D,C,D,C,D,A,E,C,E,C,E,C,A,C,A,E,0.2
501,rotate0A,rotate0,3,C,C,C,C,C,C,C,C,C,C,C,C,C,C,C,C,C,C,C,C,0.5
501,rotate0B,rotate0,4,D,D,D,D,D,D,D,D,D,D,D,D,D,D,D,D,D,D,D,D,0.45
501,turntakingB,turntaking,5,D,D,D,E,A,E,A,E,C,E,B,A,B,A,B,E,B,E,E,B,0.6
501,turntakingC,turntaking,6,E,E,E,B,C,B,C,B,B,B,D,E,D,E,D,B,D,B,B,D,0.65
502,equalizeB,equalize,1,A,D,D,B,D,B,D,D,B,B,A,A,A,B,E,E,E,E,A,D,0.8
502,equalizeA,equalize,2,B,C,A,C,C,C,C,C,E,E,B,E,E,A,C,B,B,B,B,A,0.65
502,randomC,random,3,D,E,B,E,E,E,B,C,C,E,skip,D,B,skip,E,C,A,D,B,D,0.35
502,randomB,random,4,B,skip,A,A,skip,A,skip,D,skip,A,C,C,E,D,B,D,A,D,skip,D,0.25
502,equalizeC,equalize,5,E,E,C,D,B,D,B,E,C,A,D,B,B,D,A,A,A,C,C,E,0.55
502,randomA,random,6,skip,skip,A,A,skip,skip,A,D,C,E,D,skip,C,D,C,skip,D,E,C,D,0.15
503,casteC,caste,1,A,A,E,E,E,E,C,C,B,B,C,A,E,D,B,C,D,E,A,B,0.1
503,radicaleqB,radicaleq,2,B,C,D,A,E,E,C,C,B,B,C,A,E,D,B,C,D,E,A,B,0.1
503,casteB,caste,3,C,C,D,C,D,B,D,B,A,E,D,E,C,B,E,A,B,A,D,C,0.5
503,casteA,caste,4,D,D,B,B,A,D,A,D,D,A,A,D,D,C,C,E,E,B,B,D,0.55
503,radicaleqC,radicaleq,5,E,skip,C,skip,C,skip,E,skip,C,skip,B,skip,A,skip,D,skip,C,skip,E,skip,0.5
503,radicaleqA,radicaleq,6,skip,A,B,E,A,B,A,B,D,E,A,E,D,B,C,A,E,A,B,C,0.0
504,turntakingC,turntaking,1,skip,E,E,E,E,B,B,B,B,B,D,D,D,D,E,E,B,B,E,E,0.5
504,turntakingB,turntaking,2,A,B,B,A,A,D,D,D,D,D,E,E,E,E,D,D,E,E,B,B,0.6
504,turntakingA,turntaking,3,B,D,D,D,D,A,E,E,E,E,B,B,B,B,B,B,D,D,D,D,0.55
504,rotateB,rotate,4,D,E,skip,A,B,C,D,E,skip,A,B,C,D,E,skip,A,B,C,D,E,0.35
504,rotateC,rotate,5,E,skip,A,B,C,D,E,skip,A,B,C,D,E,skip,A,B,C,D,E,skip,0.4
504,rotateA,rotate,6,skip,A,B,C,D,E,skip,A,B,C,D,E,skip,A,B,C,D,E,skip,A,0.4
505,radicaleqB,radicaleq,1,A,B,C,B,D,C,skip,B,E,B,D,C,skip,B,E,B,D,C,skip,B,0.35
505,rotate0A,rotate0,2,B,B,B,B,B,B,B,B,B,B,B,B,B,B,B,B,B,B,B,B,0.35
505,radicaleqC,radicaleq,3,C,D,B,C,B,D,C,skip,B,C,B,D,C,skip,B,C,B,D,C,skip,0.35
505,rotate0B,rotate0,4,D,D,D,D,D,D,D,D,D,D,D,D,D,D,D,D,D,D,D,D,0.35
505,radicaleqA,radicaleq,5,E,skip,skip,D,C,skip,D,C,skip,D,C,skip,D,C,skip,D,C,skip,D,C,0.35
505,rotate0C,rotate0,6,skip,skip,skip,skip,skip,skip,skip,skip,skip,skip,skip,skip,skip,skip,skip,skip,skip,skip,skip,skip,0.0
506,random3A,random3,1,A,A,B,B,B,B,B,B,B,B,B,B,B,B,B,B,B,C,C,C,0.75
506,random3C,random3,2,C,C,C,C,E,E,E,E,E,D,D,D,D,D,D,D,D,D,D,D,0.65
506,radicaleqC,radicaleq,3,C,A,D,D,A,C,D,D,D,A,E,A,E,E,E,C,C,C,E,skip,0.7
506,radicaleqA,radicaleq,4,D,C,C,A,C,D,A,A,A,E,C,C,C,C,C,E,E,E,C,A,0.7
506,radicaleqB,radicaleq,5,E,skip,skip,C,D,A,C,C,C,C,A,E,A,A,A,A,A,A,A,E,0.7
506,random3B,random3,6,C,C,C,C,C,C,E,E,E,C,E,E,A,C,C,B,B,B,B,B,0.15
507,rotate0C,rotate0,1,A,A,A,A,A,A,A,A,A,A,A,A,A,A,A,A,A,A,A,A,0.5
507,rotateA,rotate,2,B,C,D,E,skip,A,B,C,D,E,skip,A,B,C,D,E,skip,A,B,C,0.35
507,rotate0A,rotate0,3,C,C,C,C,C,C,C,C,C,C,C,C,C,C,C,C,C,C,C,C,0.5
507,rotate0B,rotate0,4,D,D,D,D,D,D,D,D,D,D,D,D,D,D,D,D,D,D,D,D,0.55
507,rotateB,rotate,5,E,skip,A,B,C,D,E,skip,A,B,C,D,E,skip,A,B,C,D,E,skip,0.35
507,rotateC,rotate,6,skip,A,B,C,D,E,skip,A,B,C,D,E,skip,A,B,C,D,E,skip,A,0.3
508,equalizeC,equalize,1,A,B,A,C,D,skip,A,C,D,B,E,skip,D,C,B,E,A,skip,D,B,0.85
508,equalizeB,equalize,2,B,C,D,E,skip,A,C,D,B,E,skip,D,C,B,E,A,skip,D,B,C,0.85
508,equalizeC,equalize,3,C,D,E,skip,A,C,D,B,E,skip,D,C,B,E,A,skip,D,B,C,E,0.85
508,equalizeA,equalize,4,D,E,skip,A,C,D,B,E,skip,D,C,B,E,A,skip,D,B,C,E,A,0.85
508,equalizeA,equalize,5,E,skip,B,B,B,B,E,skip,C,C,B,E,A,skip,D,B,C,E,A,skip,0.8
508,equalizeB,equalize,6,skip,A,C,D,E,E,skip,A,A,A,A,A,skip,D,C,C,E,A,skip,D,0.8
509,random3C,random3,1,D,D,B,B,B,B,B,B,D,D,A,A,A,A,A,D,A,E,E,E,0.15
509,turntakingB,turntaking,2,A,A,A,C,C,D,C,D,D,D,D,C,C,D,C,B,E,E,C,E,0.6
509,turntakingA,turntaking,3,B,C,C,D,D,B,D,B,C,B,B,E,B,E,D,C,B,B,E,C,0.65
509,random3B,random3,4,A,A,A,A,A,A,A,A,A,A,A,A,A,A,A,D,D,D,D,D,0.4
509,turntakingC,turntaking,5,D,D,D,B,A,C,A,C,A,C,C,B,D,B,B,E,C,C,B,B,0.65
509,random3A,random3,6,C,C,C,C,E,E,E,E,E,E,E,E,E,E,E,E,A,A,A,A,0.65
510,radicaleqB,radicaleq,1,A,B,C,B,A,B,A,C,A,C,D,C,D,E,D,E,B,E,B,A,0.05
510,casteA,caste,2,B,B,A,B,D,E,A,D,B,C,E,A,D,B,C,E,A,D,B,C,0.35
510,radicaleqA,radicaleq,3,C,D,E,C,D,C,E,D,E,B,E,B,A,B,A,C,A,C,D,C,0.05
510,casteC,caste,4,D,D,E,A,A,C,B,C,E,A,D,B,C,E,A,D,B,C,E,A,0.35
510,casteB,caste,5,E,E,C,C,E,B,E,B,A,B,A,C,A,C,D,C,D,E,D,E,0.4
510,radicaleqC,radicaleq,6,skip,A,D,skip,skip,D,skip,skip,D,skip,skip,E,skip,skip,B,skip,skip,A,skip,skip,0.35
511,casteA,caste,1,A,A,A,A,A,A,A,A,A,A,A,A,A,A,A,A,A,B,B,B,1.0
511,casteB,caste,2,B,B,B,B,B,B,B,B,B,B,B,B,B,B,B,B,B,A,A,A,1.0
511,casteC,caste,3,C,D,E,C,D,E,C,D,E,C,D,E,C,D,E,C,D,E,C,D,0.0
511,turntakingB,turntaking,4,C,C,C,C,C,C,C,C,C,C,C,C,C,C,C,C,C,C,C,C,0.65
511,turntakingC,turntaking,5,D,D,D,D,D,D,D,D,D,D,D,D,D,D,D,D,D,D,D,D,0.65
511,turntakingA,turntaking,6,E,E,E,E,E,E,E,E,E,E,E,E,E,E,E,E,E,E,E,E,0.7
512,rotate0C,rotate0,1,A,A,A,A,A,A,A,A,A,A,A,A,A,A,A,A,A,A,A,A,0.4
512,radicaleqB,radicaleq,2,B,C,skip,E,skip,A,E,A,D,E,skip,D,E,skip,D,E,skip,D,E,skip,0.4
512,radicaleqA,radicaleq,3,C,D,E,A,C,D,A,E,A,D,E,skip,A,E,skip,A,E,skip,A,E,0.4
512,rotate0B,rotate0,4,D,D,D,D,D,D,D,D,D,D,D,D,D,D,D,D,D,D,D,D,0.35
512,radicaleqC,radicaleq,5,E,skip,C,D,A,E,skip,D,E,skip,D,E,D,A,E,D,A,E,D,A,0.35
512,rotate0A,rotate0,6,skip,skip,skip,skip,skip,skip,skip,skip,skip,skip,skip,skip,skip,skip,skip,skip,skip,skip,skip,skip,0.0
513,rotateB,rotate,1,A,B,C,D,E,skip,A,B,C,D,E,skip,A,B,C,D,E,skip,A,B,0.65
513,challengerA,challenger,2,A,A,A,A,A,A,A,A,A,A,A,A,A,A,A,A,A,A,A,A,0.0
513,challengerC,challenger,3,A,A,A,A,A,A,A,A,A,A,A,A,A,A,A,A,A,A,A,A,0.0
513,rotateA,rotate,4,D,E,skip,A,B,C,D,E,skip,A,B,C,D,E,skip,A,B,C,D,E,0.7
513,rotateC,rotate,5,E,skip,A,B,C,D,E,skip,A,B,C,D,E,skip,A,B,C,D,E,skip,0.65
513,challengerB,challenger,6,A,A,A,A,A,A,A,A,A,A,A,A,A,A,A,A,A,A,A,A,0.0
514,rotate0B,rotate0,1,A,A,A,A,A,A,A,A,A,A,A,A,A,A,A,A,A,A,A,A,0.85
514,casteA,caste,2,B,B,B,B,B,B,B,B,B,B,B,B,B,C,C,B,B,B,B,B,1.0
514,casteC,caste,3,C,C,C,C,C,C,C,C,C,C,C,C,C,E,D,A,C,C,C,C,0.85
514,rotate0A,rotate0,4,D,D,D,D,D,D,D,D,D,D,D,D,D,D,D,D,D,D,D,D,0.85
514,rotate0C,rotate0,5,E,E,E,E,E,E,E,E,E,E,E,E,E,E,E,E,E,E,E,E,0.9
514,casteB,caste,6,skip,skip,skip,skip,skip,skip,skip,skip,skip,skip,skip,skip,skip,skip,E,C,A,D,A,D,0.05
515,randomC,random,1,skip,C,C,B,B,A,E,skip,D,D,D,D,skip,B,A,C,skip,A,C,skip,0.35
515,random3B,random3,2,C,C,C,C,C,C,D,B,B,B,B,B,B,B,B,B,A,A,D,D,0.3
515,randomB,random,3,D,C,D,D,D,C,skip,B,C,A,A,skip,E,skip,E,B,A,B,B,skip,0.4
515,random3A,random3,4,E,E,E,E,E,E,E,B,B,B,B,B,A,A,D,D,D,D,D,A,0.55
515,randomA,random,5,B,B,skip,D,B,C,D,D,A,skip,E,E,D,A,D,skip,B,C,skip,skip,0.4
515,random3C,random3,6,A,A,A,A,A,A,A,A,A,A,A,C,C,C,C,C,E,E,E,E,0.75
516,rotateC,rotate,1,A,B,C,D,E,skip,A,B,C,D,E,skip,A,B,C,D,E,skip,A,B,0.65
516,rotateB,rotate,2,B,C,D,E,skip,A,B,C,D,E,skip,A,B,C,D,E,skip,A,B,C,0.65
516,rotateA,rotate,3,C,D,E,skip,A,B,C,D,E,skip,A,B,C,D,E,skip,A,B,C,D,0.15
516,equalizeB,equalize,4,D,E,skip,B,B,B,D,D,A,B,A,D,B,A,D,A,A,B,C,D,0.5
516,equalizeC,equalize,5,E,skip,B,D,A,D,C,A,E,A,C,B,E,D,E,B,B,D,D,C,0.55
516,equalizeA,equalize,6,skip,A,C,A,C,E,E,C,B,D,E,C,C,E,A,C,C,E,E,E,0.7
517,turntakingA,turntaking,1,skip,E,C,B,A,A,skip,E,E,E,E,E,skip,B,C,C,A,E,skip,B,0.8
517,turntakingB,turntaking,2,A,skip,D,D,D,D,A,skip,C,C,D,A,E,skip,B,D,C,A,E,skip,0.8
517,turntakingC,turntaking,3,B,A,skip,E,C,B,D,A,skip,B,C,D,A,E,skip,B,D,C,A,E,0.85
517,turntakingB,turntaking,4,C,B,A,skip,E,C,B,D,A,skip,B,C,D,A,E,skip,B,D,C,A,0.85
517,turntakingA,turntaking,5,D,C,B,A,skip,E,C,B,D,A,skip,B,C,D,A,E,skip,B,D,C,0.85
517,turntakingC,turntaking,6,E,D,E,C,B,skip,E,C,B,D,A,skip,B,C,D,A,E,skip,B,D,0.85
518,turntakingB,turntaking,1,skip,E,C,B,A,A,skip,E,E,E,E,E,skip,B,C,C,A,E,skip,B,0.8
518,turntakingB,turntaking,2,A,skip,D,D,D,D,A,skip,C,C,D,A,E,skip,B,D,C,A,E,skip,0.8
518,turntakingC,turntaking,3,B,A,skip,E,C,B,D,A,skip,B,C,D,A,E,skip,B,D,C,A,E,0.85
518,turntakingC,turntaking,4,C,B,A,skip,E,C,B,D,A,skip,B,C,D,A,E,skip,B,D,C,A,0.85
518,turntakingA,turntaking,5,D,C,B,A,skip,E,C,B,D,A,skip,B,C,D,A,E,skip,B,D,C,0.85
518,turntakingA,turntaking,6,E,D,E,C,B,skip,E,C,B,D,A,skip,B,C,D,A,E,skip,B,D,0.85
519,equalizeC,equalize,1,A,B,A,B,B,E,C,E,D,E,A,B,C,A,B,D,D,E,B,C,0.5
519,rotateB,rotate,2,B,C,D,E,skip,A,B,C,D,E,skip,A,B,C,D,E,skip,A,B,C,0.45
519,rotateA,rotate,3,C,D,E,skip,A,B,C,D,E,skip,A,B,C,D,E,skip,A,B,C,D,0.2
519,equalizeB,equalize,4,D,E,skip,D,A,B,E,A,E,B,D,D,B,D,A,B,C,B,C,A,0.3
519,rotateC,rotate,5,E,skip,A,B,C,D,E,skip,A,B,C,D,E,skip,A,B,C,D,E,skip,0.1
519,equalizeA,equalize,6,skip,A,C,C,D,D,B,C,A,C,C,E,E,C,E,A,A,D,E,D,0.35
520,rotateB,rotate,1,A,B,C,D,E,skip,A,B,C,D,E,skip,A,B,C,D,E,skip,A,B,0.5
520,rotateA,rotate,2,B,C,D,E,skip,A,B,C,D,E,skip,A,B,C,D,E,skip,A,B,C,0.45
520,randomC,random,3,A,A,A,E,D,B,D,C,skip,A,C,D,B,C,C,E,E,C,E,D,0.2
520,randomB,random,4,A,skip,C,E,D,C,B,A,C,B,B,D,D,B,B,B,B,E,skip,B,0.35
520,rotateC,rotate,5,E,skip,A,B,C,D,E,skip,A,B,C,D,E,skip,A,B,C,D,E,skip,0.4
520,randomA,random,6,A,C,A,C,B,E,D,E,C,B,skip,E,E,D,A,A,A,C,C,C,0.45
521,rotate0A,rotate0,1,A,A,A,A,A,A,A,A,A,A,A,A,A,A,A,A,A,A,A,A,0.0
521,rotate0B,rotate0,2,B,B,B,B,B,B,B,B,B,B,B,B,B,B,B,B,B,B,B,B,1.0
521,challengerB,challenger,3,A,A,A,A,A,A,A,A,A,A,A,A,A,A,A,A,A,A,A,A,0.0
521,challengerC,challenger,4,A,A,A,A,A,A,A,A,A,A,A,A,A,A,A,A,A,A,A,A,0.0
521,rotate0C,rotate0,5,E,E,E,E,E,E,E,E,E,E,E,E,E,E,E,E,E,E,E,E,1.0
521,challengerA,challenger,6,A,A,A,A,A,A,A,A,A,A,A,A,A,A,A,A,A,A,A,A,0.0
522,rotateC,rotate,1,A,B,C,D,E,skip,A,B,C,D,E,skip,A,B,C,D,E,skip,A,B,0.85
522,rotateA,rotate,2,B,C,D,E,skip,A,B,C,D,E,skip,A,B,C,D,E,skip,A,B,C,0.85
522,rotateC,rotate,3,C,D,E,skip,A,B,C,D,E,skip,A,B,C,D,E,skip,A,B,C,D,0.85
522,rotateA,rotate,4,D,E,skip,A,B,C,D,E,skip,A,B,C,D,E,skip,A,B,C,D,E,0.85
522,rotateB,rotate,5,E,skip,A,B,C,D,E,skip,A,B,C,D,E,skip,A,B,C,D,E,skip,0.8
522,rotateB,rotate,6,skip,A,B,C,D,E,skip,A,B,C,D,E,skip,A,B,C,D,E,skip,A,0.8
523,casteC,caste,1,A,C,B,C,B,E,E,D,D,D,C,D,B,C,D,A,C,B,A,E,0.45
523,randomA,random,2,skip,D,B,A,B,B,C,C,E,D,skip,D,B,skip,skip,skip,E,B,B,B,0.25
523,randomC,random,3,A,D,C,C,A,D,C,A,E,A,E,D,B,D,B,skip,E,skip,skip,skip,0.2
523,casteA,caste,4,D,B,C,E,E,D,D,B,B,C,D,C,A,E,E,E,E,D,D,D,0.75
523,casteB,caste,5,E,D,A,B,A,C,C,E,A,B,B,E,C,A,A,C,D,C,E,C,0.6
523,randomB,random,6,E,skip,skip,skip,E,A,A,E,B,A,B,skip,B,C,A,A,A,C,A,A,0.2
524,turntakingC,turntaking,1,skip,E,E,B,E,C,E,C,D,C,A,E,C,D,D,E,D,D,B,C,0.45
524,radicaleqC,radicaleq,2,B,E,C,D,D,D,D,D,B,B,B,D,B,B,B,skip,skip,skip,D,D,0.55
524,radicaleqA,radicaleq,3,C,D,E,B,B,B,B,B,C,E,C,C,C,C,C,C,C,D,C,B,0.3
524,radicaleqB,radicaleq,4,D,B,D,E,E,E,E,E,D,D,D,B,E,E,D,D,E,C,E,C,0.25
524,turntakingA,turntaking,5,D,D,D,E,D,B,D,B,B,E,C,B,E,B,E,B,B,B,D,E,0.25
524,turntakingB,turntaking,6,E,C,B,C,B,A,B,A,E,A,D,C,A,E,C,D,E,E,E,B,0.5
525,radicaleqC,radicaleq,1,A,B,D,C,D,A,C,E,A,D,C,C,A,D,C,D,C,A,skip,D,0.45
525,random3A,random3,2,D,D,D,D,E,E,C,C,D,D,B,B,B,B,A,B,B,B,B,B,0.45
525,radicaleqA,radicaleq,3,C,skip,C,skip,skip,E,E,C,B,E,E,E,E,B,E,B,B,E,C,B,0.25
525,random3C,random3,4,A,A,A,B,B,B,B,B,B,E,E,D,D,D,D,D,D,D,D,D,0.45
525,random3B,random3,5,A,A,A,A,A,A,A,A,A,A,A,A,A,E,E,E,E,E,C,C,0.4
525,radicaleqB,radicaleq,6,skip,C,A,D,C,D,skip,A,C,A,A,D,C,C,A,C,skip,D,E,E,0.45
526,radicaleqC,radicaleq,1,A,B,D,skip,A,D,skip,A,D,skip,A,D,skip,A,D,skip,A,D,skip,A,0.35
526,challengerA,challenger,2,A,A,A,A,A,A,A,A,A,A,A,A,A,A,A,A,A,A,A,A,0.0
526,radicaleqA,radicaleq,3,C,A,A,D,skip,A,D,skip,A,D,skip,A,D,skip,A,D,skip,A,D,skip,0.35
526,radicaleqB,radicaleq,4,D,skip,skip,A,D,skip,A,D,skip,A,D,skip,A,D,skip,A,D,skip,A,D,0.35
526,challengerB,challenger,5,A,A,A,A,A,A,A,A,A,A,A,A,A,A,A,A,A,A,A,A,0.0
526,challengerC,challenger,6,A,A,A,A,A,A,A,A,A,A,A,A,A,A,A,A,A,A,A,A,0.0
527,casteC,caste,1,A,D,D,E,B,A,E,B,A,B,B,E,B,E,E,E,B,E,B,E,0.1
527,casteB,caste,2,B,C,C,A,A,C,B,C,C,C,C,B,D,C,C,C,C,C,C,C,0.7
527,casteA,caste,3,C,A,A,C,C,D,C,D,D,D,D,D,C,D,D,D,D,D,D,D,0.9
527,random3B,random3,4,E,D,D,A,A,A,A,A,A,B,A,A,A,A,A,A,A,A,A,A,0.55
527,random3C,random3,5,E,E,E,E,E,E,E,E,E,E,E,E,C,E,E,E,E,E,E,E,0.5
527,random3A,random3,6,B,B,B,B,B,D,B,B,A,A,A,B,B,B,B,B,B,B,B,C,0.4
528,randomB,random,1,skip,E,B,E,D,B,B,A,D,skip,A,A,D,B,C,skip,C,D,C,A,0.2
528,randomC,random,2,D,B,C,D,E,E,B,B,A,D,B,skip,D,D,A,E,C,C,B,skip,0.4
528,casteC,caste,3,C,A,A,C,C,C,E,D,A,D,C,D,D,C,E,C,B,B,B,A,0.6
528,randomA,random,4,skip,D,D,D,C,C,E,skip,B,E,E,A,B,E,skip,D,C,D,B,B,0.2
528,casteB,caste,5,E,B,E,A,A,A,A,A,D,C,A,C,C,E,C,E,A,A,A,E,0.65
528,casteA,caste,6,skip,D,B,E,B,B,C,C,E,E,B,A,B,A,B,D,C,E,E,D,0.45
529,rotateC,rotate,1,A,B,C,D,E,skip,A,B,C,D,E,skip,A,B,C,D,E,skip,A,B,0.2
529,equalizeA,equalize,2,B,C,D,A,C,E,A,B,C,D,C,D,E,C,C,B,E,A,B,C,0.4
529,equalizeC,equalize,3,C,D,E,E,B,A,B,E,D,C,D,B,B,E,D,E,A,C,A,E,0.7
529,rotateA,rotate,4,D,E,skip,A,B,C,D,E,skip,A,B,C,D,E,skip,A,B,C,D,E,0.55
529,rotateB,rotate,5,E,skip,A,B,C,D,E,skip,A,B,C,D,E,skip,A,B,C,D,E,skip,0.1
529,equalizeB,equalize,6,skip,A,C,B,D,D,E,C,A,B,E,A,A,B,A,D,C,D,E,B,0.2
530,rotateA,rotate,1,A,B,C,D,E,skip,A,B,C,D,E,skip,A,B,C,D,E,skip,A,B,0.65
530,rotateB,rotate,2,B,C,D,E,skip,A,B,C,D,E,skip,A,B,C,D,E,skip,A,B,C,0.7
530,rotateC,rotate,3,C,D,E,skip,A,B,C,D,E,skip,A,B,C,D,E,skip,A,B,C,D,0.7
530,challengerB,challenger,4,A,A,A,A,A,A,A,A,A,A,A,A,A,A,A,A,A,A,A,A,0.0
530,challengerC,challenger,5,A,A,A,A,A,A,A,A,A,A,A,A,A,A,A,A,A,A,A,A,0.0
530,challengerA,challenger,6,A,A,A,A,A,A,A,A,A,A,A,A,A,A,A,A,A,A,A,A,0.0
531,turntakingA,turntaking,1,skip,B,B,A,B,E,C,D,C,D,D,B,A,B,A,D,E,D,E,A,0.45
531,rotate0C,rotate0,2,B,B,B,B,B,B,B,B,B,B,B,B,B,B,B,B,B,B,B,B,0.5
531,rotate0B,rotate0,3,C,C,C,C,C,C,C,C,C,C,C,C,C,C,C,C,C,C,C,C,0.5
531,turntakingB,turntaking,4,C,C,C,D,C,A,D,E,D,E,E,C,D,C,D,C,D,C,D,D,0.45
531,rotate0A,rotate0,5,E,E,E,E,E,E,E,E,E,E,E,E,E,E,E,E,E,E,E,E,0.35
531,turntakingC,turntaking,6,E,E,E,B,E,D,B,A,B,A,A,D,E,D,E,B,A,B,A,E,0.4
532,challengerB,challenger,1,A,A,A,A,A,A,A,A,A,A,A,A,A,A,A,A,A,A,A,A,0.0
532,challengerA,challenger,2,A,A,A,A,A,A,A,A,A,A,A,A,A,A,A,A,A,A,A,A,0.0
532,challengerC,challenger,3,A,A,A,A,A,A,A,A,A,A,A,A,A,A,A,A,A,A,A,A,0.0
532,challengerC,challenger,4,A,A,A,A,A,A,A,A,A,A,A,A,A,A,A,A,A,A,A,A,0.0
532,challengerB,challenger,5,A,A,A,A,A,A,A,A,A,A,A,A,A,A,A,A,A,A,A,A,0.0
532,challengerA,challenger,6,A,A,A,A,A,A,A,A,A,A,A,A,A,A,A,A,A,A,A,A,0.0
533,randomC,random,1,skip,B,skip,E,B,skip,skip,D,A,D,C,D,A,B,E,E,B,E,C,C,0.3
533,rotate0B,rotate0,2,B,B,B,B,B,B,B,B,B,B,B,B,B,B,B,B,B,B,B,B,0.65
533,randomB,random,3,A,C,E,skip,D,skip,C,B,E,A,D,C,B,skip,A,A,C,B,A,E,0.35
533,randomA,random,4,C,B,E,E,D,C,D,skip,A,E,D,skip,E,skip,D,C,C,D,A,C,0.3
533,rotate0C,rotate0,5,E,E,E,E,E,E,E,E,E,E,E,E,E,E,E,E,E,E,E,E,0.55
533,rotate0A,rotate0,6,skip,skip,skip,skip,skip,skip,skip,skip,skip,skip,skip,skip,skip,skip,skip,skip,skip,skip,skip,skip,0.0
534,random3A,random3,1,A,A,A,A,B,B,B,B,B,B,B,B,B,A,A,A,A,A,A,A,0.55
534,random3C,random3,2,C,C,C,C,C,C,B,B,B,B,B,B,B,B,B,B,B,B,B,B,0.6
534,random3B,random3,3,E,E,B,A,A,A,A,A,A,A,A,A,A,A,D,C,C,C,C,C,0.4
534,random3A,random3,4,D,D,D,D,D,D,D,D,D,D,D,D,D,D,D,D,D,D,D,D,0.85
534,random3C,random3,5,E,E,E,E,E,E,E,E,E,E,E,E,E,E,E,E,E,E,E,E,0.9
534,random3B,random3,6,E,E,B,A,A,C,D,D,C,C,C,C,C,C,C,C,C,C,C,C,0.35
535,radicaleqA,radicaleq,1,A,E,D,B,B,B,B,B,skip,skip,skip,E,A,A,E,skip,skip,C,B,C,0.55
535,radicaleqC,radicaleq,2,B,D,B,A,D,C,D,C,D,C,D,D,E,E,skip,B,C,B,C,B,0.55
535,random3B,random3,3,C,C,A,A,A,A,A,E,E,E,E,E,B,B,B,D,D,D,D,D,0.5
535,random3A,random3,4,B,B,B,B,C,C,C,C,A,A,A,A,B,B,B,B,B,B,B,E,0.3
535,random3C,random3,5,E,E,E,E,E,E,E,E,A,C,C,C,C,C,C,C,A,A,A,A,0.6
535,radicaleqB,radicaleq,6,skip,C,A,D,E,D,A,D,B,B,E,A,C,C,A,C,E,E,E,E,0.45
536,rotateC,rotate,1,A,B,C,D,E,skip,A,B,C,D,E,skip,A,B,C,D,E,skip,A,B,0.1
536,casteB,caste,2,B,B,A,B,D,B,A,D,E,A,E,A,E,D,C,E,C,D,E,B,0.25
536,rotateB,rotate,3,C,D,E,skip,A,B,C,D,E,skip,A,B,C,D,E,skip,A,B,C,D,0.15
536,casteA,caste,4,D,D,C,A,E,D,C,E,A,B,C,B,A,E,A,D,E,C,A,D,0.25
536,rotateA,rotate,5,E,skip,A,B,C,D,E,skip,A,B,C,D,E,skip,A,B,C,D,E,skip,0.1
536,casteC,caste,6,skip,skip,E,C,A,C,E,B,C,D,B,D,C,B,D,B,A,B,C,A,0.25
537,random3C,random3,1,B,D,D,A,A,E,B,B,B,B,C,C,D,D,D,D,D,D,D,D,0.2
537,equalizeB,equalize,2,B,A,E,E,E,A,E,E,C,C,C,E,C,C,C,D,C,C,E,D,0.75
537,equalizeA,equalize,3,C,D,A,A,A,E,B,A,A,A,A,A,A,A,A,E,A,A,A,C,0.6
537,random3B,random3,4,C,C,C,C,C,C,B,B,B,B,B,B,B,B,B,E,E,E,E,C,0.4
537,equalizeC,equalize,5,E,E,B,B,B,C,C,B,E,E,E,C,D,E,E,C,E,E,C,E,0.7
537,random3A,random3,6,B,D,D,D,D,D,D,D,D,D,D,D,D,D,B,B,B,B,B,B,0.7
538,rotate0A,rotate0,1,A,A,A,A,A,A,A,A,A,A,A,A,A,A,A,A,A,A,A,A,1.0
538,rotate0C,rotate0,2,B,B,B,B,B,B,B,B,B,B,B,B,B,B,B,B,B,B,B,B,1.0
538,rotate0C,rotate0,3,C,C,C,C,C,C,C,C,C,C,C,C,C,C,C,C,C,C,C,C,1.0
538,rotate0B,rotate0,4,D,D,D,D,D,D,D,D,D,D,D,D,D,D,D,D,D,D,D,D,1.0
538,rotate0B,rotate0,5,E,E,E,E,E,E,E,E,E,E,E,E,E,E,E,E,E,E,E,E,1.0
538,rotate0A,rotate0,6,skip,skip,skip,skip,skip,skip,skip,skip,skip,skip,skip,skip,skip,skip,skip,skip,skip,skip,skip,skip,0.0
539,rotate0B,rotate0,1,A,A,A,A,A,A,A,A,A,A,A,A,A,A,A,A,A,A,A,A,0.7
539,random3A,random3,2,E,B,B,B,B,B,B,B,B,B,B,B,B,B,B,B,B,B,B,B,0.8
539,random3C,random3,3,A,A,A,A,B,B,C,C,C,C,D,C,C,C,C,C,C,D,D,D,0.2
539,rotate0A,rotate0,4,D,D,D,D,D,D,D,D,D,D,D,D,D,D,D,D,D,D,D,D,0.75
539,rotate0C,rotate0,5,E,E,E,E,E,E,E,E,E,E,E,E,E,E,E,E,E,E,E,E,0.95
539,random3B,random3,6,C,C,C,C,C,C,C,C,C,C,D,D,C,A,A,B,C,C,C,C,0.45
540,challengerB,challenger,1,A,A,A,A,A,A,A,A,A,A,A,A,A,A,A,A,A,A,A,A,0.0
540,challengerA,challenger,2,A,A,A,A,A,A,A,A,A,A,A,A,A,A,A,A,A,A,A,A,0.0
540,turntakingC,turntaking,3,B,D,D,D,D,E,E,C,B,B,B,D,B,B,B,C,D,B,C,D,1.0
540,turntakingB,turntaking,4,C,B,E,C,B,D,C,D,C,C,C,B,D,C,C,D,B,C,D,B,1.0
540,challengerC,challenger,5,A,A,A,A,A,A,A,A,A,A,A,A,A,A,A,A,A,A,A,A,0.0
540,turntakingA,turntaking,6,E,C,B,E,C,B,D,B,E,D,D,E,C,E,D,E,E,E,E,E,1.0
541,rotate0C,rotate0,1,A,A,A,A,A,A,A,A,A,A,A,A,A,A,A,A,A,A,A,A,0.85
541,casteA,caste,2,B,B,B,B,B,B,B,B,B,B,B,B,B,C,D,A,B,B,B,B,0.85
541,rotate0A,rotate0,3,C,C,C,C,C,C,C,C,C,C,C,C,C,C,C,C,C,C,C,C,0.85
541,rotate0B,rotate0,4,D,D,D,D,D,D,D,D,D,D,D,D,D,D,D,D,D,D,D,D,0.85
541,casteB,caste,5,E,E,E,E,E,E,E,E,E,E,E,E,E,B,E,B,E,E,E,E,1.0
541,casteC,caste,6,skip,skip,skip,skip,skip,skip,skip,skip,skip,skip,skip,skip,skip,skip,C,D,A,A,C,D,0.0
542,rotateC,rotate,1,A,B,C,D,E,skip,A,B,C,D,E,skip,A,B,C,D,E,skip,A,B,0.85
542,rotateA,rotate,2,B,C,D,E,skip,A,B,C,D,E,skip,A,B,C,D,E,skip,A,B,C,0.85
542,rotateB,rotate,3,C,D,E,skip,A,B,C,D,E,skip,A,B,C,D,E,skip,A,B,C,D,0.85
542,rotateB,rotate,4,D,E,skip,A,B,C,D,E,skip,A,B,C,D,E,skip,A,B,C,D,E,0.85
542,rotateC,rotate,5,E,skip,A,B,C,D,E,skip,A,B,C,D,E,skip,A,B,C,D,E,skip,0.8
542,rotateA,rotate,6,skip,A,B,C,D,E,skip,A,B,C,D,E,skip,A,B,C,D,E,skip,A,0.8
543,turntakingA,turntaking,1,skip,E,E,C,C,D,D,E,E,D,D,D,E,E,C,D,D,C,C,E,0.4
543,turntakingC,turntaking,2,A,B,A,A,E,C,C,C,C,C,C,E,D,C,A,E,E,E,D,D,0.6
543,randomB,random,3,D,E,D,D,E,D,E,D,C,skip,D,E,D,E,B,A,A,B,D,skip,0.2
543,randomA,random,4,B,E,skip,C,D,A,skip,C,A,skip,B,D,D,D,C,C,C,C,C,A,0.3
543,randomC,random,5,C,A,D,skip,B,B,A,skip,E,B,C,E,E,B,D,B,C,E,E,C,0.5
543,turntakingB,turntaking,6,E,C,C,D,D,E,E,D,D,E,E,C,C,A,B,C,C,D,E,B,0.6
544,casteA,caste,1,A,A,C,D,A,B,D,C,B,A,E,B,C,D,B,E,A,C,D,B,0.1
544,casteC,caste,2,B,B,A,E,D,C,B,A,E,B,C,D,B,E,A,C,D,B,E,A,0.1
544,equalizeB,equalize,3,C,D,A,E,D,C,B,A,E,B,C,D,B,E,A,C,D,B,E,A,0.1
544,equalizeA,equalize,4,D,E,B,C,E,A,E,D,C,D,A,E,A,C,D,B,E,A,C,D,0.1
544,equalizeC,equalize,5,E,skip,C,D,A,B,D,C,B,A,E,B,C,D,B,E,A,C,D,B,0.05
544,casteB,caste,6,skip,skip,B,C,E,A,E,D,C,D,A,E,A,C,D,B,E,A,C,D,0.0
545,casteC,caste,1,A,A,C,E,E,E,E,B,B,E,E,A,A,A,B,E,E,E,E,C,0.6
545,casteB,caste,2,B,B,D,D,D,D,B,A,C,C,B,D,C,C,C,D,D,A,A,A,0.6
545,casteA,caste,3,C,C,B,A,C,A,D,C,E,D,D,E,B,B,A,C,B,D,B,B,0.5
545,rotateB,rotate,4,D,E,skip,A,B,C,D,E,skip,A,B,C,D,E,skip,A,B,C,D,E,0.65
545,rotateC,rotate,5,E,skip,A,B,C,D,E,skip,A,B,C,D,E,skip,A,B,C,D,E,skip,0.45
545,rotateA,rotate,6,skip,A,B,C,D,E,skip,A,B,C,D,E,skip,A,B,C,D,E,skip,A,0.05
546,randomC,random,1,D,skip,C,C,skip,A,D,A,B,skip,E,skip,A,skip,skip,A,D,E,B,C,0.25
546,randomC,random,2,A,B,A,C,B,B,A,E,A,E,skip,skip,E,E,D,C,C,E,B,A,0.5
546,randomA,random,3,C,A,D,D,E,B,D,skip,C,E,D,D,C,B,A,skip,B,C,B,E,0.35
546,randomB,random,4,C,C,A,C,D,C,skip,A,B,C,skip,D,skip,B,skip,C,D,B,D,D,0.3
546,randomA,random,5,D,A,C,A,skip,C,skip,A,D,D,D,D,B,A,C,D,C,E,C,skip,0.4
546,randomB,random,6,C,D,B,C,E,B,C,B,B,B,skip,E,C,D,E,skip,C,D,E,B,0.55
547,rotate0C,rotate0,1,A,A,A,A,A,A,A,A,A,A,A,A,A,A,A,A,A,A,A,A,0.0
547,challengerA,challenger,2,A,A,A,A,A,A,A,A,A,A,A,A,A,A,A,A,A,A,A,A,0.0
547,rotate0A,rotate0,3,C,C,C,C,C,C,C,C,C,C,C,C,C,C,C,C,C,C,C,C,1.0
547,rotate0B,rotate0,4,D,D,D,D,D,D,D,D,D,D,D,D,D,D,D,D,D,D,D,D,1.0
547,challengerB,challenger,5,A,A,A,A,A,A,A,A,A,A,A,A,A,A,A,A,A,A,A,A,0.0
547,challengerC,challenger,6,A,A,A,A,A,A,A,A,A,A,A,A,A,A,A,A,A,A,A,A,0.0
548,rotate0B,rotate0,1,A,A,A,A,A,A,A,A,A,A,A,A,A,A,A,A,A,A,A,A,0.55
548,rotateA,rotate,2,B,C,D,E,skip,A,B,C,D,E,skip,A,B,C,D,E,skip,A,B,C,0.5
548,rotate0A,rotate0,3,C,C,C,C,C,C,C,C,C,C,C,C,C,C,C,C,C,C,C,C,0.5
548,rotateC,rotate,4,D,E,skip,A,B,C,D,E,skip,A,B,C,D,E,skip,A,B,C,D,E,0.55
548,rotateB,rotate,5,E,skip,A,B,C,D,E,skip,A,B,C,D,E,skip,A,B,C,D,E,skip,0.5
548,rotate0C,rotate0,6,skip,skip,skip,skip,skip,skip,skip,skip,skip,skip,skip,skip,skip,skip,skip,skip,skip,skip,skip,skip,0.0
549,randomA,random,1,A,D,B,E,B,B,D,B,D,C,A,B,B,C,C,C,D,A,skip,A,0.25
549,randomB,random,2,C,C,B,B,E,skip,D,B,skip,D,E,skip,skip,A,C,C,skip,C,A,D,0.25
549,random3B,random3,3,C,C,C,C,C,C,C,C,C,C,B,B,B,C,C,C,C,C,C,C,0.55
549,random3C,random3,4,A,A,A,A,A,A,A,A,A,A,A,D,D,D,D,D,D,D,D,D,0.6
549,randomC,random,5,skip,B,B,E,A,D,D,B,E,C,C,B,D,D,C,B,A,C,D,B,0.25
549,random3A,random3,6,D,D,D,D,D,D,E,E,E,E,E,E,E,E,E,E,E,E,E,E,0.8
550,random3C,random3,1,B,B,A,A,A,A,A,A,A,A,A,A,A,A,A,A,A,A,B,B,0.65
550,random3B,random3,2,E,E,E,E,E,E,D,D,D,D,D,B,B,E,E,E,E,E,E,E,0.6
550,random3A,random3,3,E,D,D,D,C,C,C,C,C,C,C,C,C,C,C,C,C,C,C,C,0.5
550,randomB,random,4,A,C,A,B,skip,C,E,C,B,B,A,C,B,E,B,E,C,skip,A,skip,0.25
550,randomC,random,5,C,B,A,D,A,E,C,B,E,E,E,E,B,B,skip,C,skip,A,D,skip,0.4
550,randomA,random,6,E,B,B,B,D,E,E,D,A,C,D,B,skip,D,C,skip,skip,skip,A,B,0.15
551,radicaleqC,radicaleq,1,A,B,A,B,E,B,B,D,E,B,B,B,A,B,A,E,B,B,E,A,0.3
551,turntakingA,turntaking,2,A,A,A,E,A,B,D,A,E,A,C,D,A,A,B,E,B,A,B,A,0.3
551,radicaleqA,radicaleq,3,C,D,D,A,B,E,D,B,D,E,A,D,C,D,B,B,D,A,C,E,0.35
551,radicaleqB,radicaleq,4,D,E,B,D,D,A,E,A,C,D,E,skip,E,E,D,A,E,D,B,C,0.3
551,turntakingB,turntaking,5,D,D,D,A,D,A,A,E,D,E,A,E,E,E,D,D,E,E,E,D,0.3
551,turntakingC,turntaking,6,E,E,E,C,E,E,E,D,A,B,B,A,D,D,A,A,D,D,A,B,0.4
552,rotateC,rotate,1,A,B,C,D,E,skip,A,B,C,D,E,skip,A,B,C,D,E,skip,A,B,0.35
552,rotate0A,rotate0,2,B,B,B,B,B,B,B,B,B,B,B,B,B,B,B,B,B,B,B,B,0.5
552,rotateA,rotate,3,C,D,E,skip,A,B,C,D,E,skip,A,B,C,D,E,skip,A,B,C,D,0.35
552,rotate0C,rotate0,4,D,D,D,D,D,D,D,D,D,D,D,D,D,D,D,D,D,D,D,D,0.5
552,rotate0B,rotate0,5,E,E,E,E,E,E,E,E,E,E,E,E,E,E,E,E,E,E,E,E,0.55
552,rotateB,rotate,6,skip,A,B,C,D,E,skip,A,B,C,D,E,skip,A,B,C,D,E,skip,A,0.35
553,rotate0A,rotate0,1,A,A,A,A,A,A,A,A,A,A,A,A,A,A,A,A,A,A,A,A,0.95
553,rotate0C,rotate0,2,B,B,B,B,B,B,B,B,B,B,B,B,B,B,B,B,B,B,B,B,0.95
553,equalizeC,equalize,3,C,D,A,D,D,D,D,D,D,D,D,D,D,D,D,D,D,D,D,D,0.95
553,equalizeA,equalize,4,D,E,B,C,C,C,C,C,C,C,C,C,C,C,C,C,C,C,C,C,0.95
553,equalizeB,equalize,5,E,skip,C,E,E,E,E,E,E,E,E,E,E,E,E,E,E,E,E,E,0.95
553,rotate0B,rotate0,6,skip,skip,skip,skip,skip,skip,skip,skip,skip,skip,skip,skip,skip,skip,skip,skip,skip,skip,skip,skip,0.0
554,random3C,random3,1,E,E,A,E,E,E,E,E,E,E,E,E,E,C,C,C,C,C,B,B,0.3
554,casteB,caste,2,B,A,A,B,B,B,C,A,A,D,B,B,A,B,A,B,A,B,A,B,0.8
554,random3B,random3,3,E,E,E,E,E,C,C,C,C,C,C,E,E,E,E,E,E,E,E,E,0.45
554,casteA,caste,4,D,C,C,C,C,C,D,C,C,E,C,D,D,C,C,C,D,C,C,D,0.25
554,random3A,random3,5,D,D,D,D,D,D,D,D,D,D,D,D,D,D,D,D,D,D,D,D,0.65
554,casteC,caste,6,skip,B,B,A,A,A,A,B,B,B,A,A,B,A,B,A,B,A,B,A,0.9
555,randomB,random,1,C,C,D,B,B,A,C,E,D,B,C,D,C,B,A,E,A,A,D,A,0.4
555,randomC,random,2,E,B,skip,skip,C,A,B,E,B,B,E,A,E,A,A,A,E,B,A,A,0.35
555,radicaleqC,radicaleq,3,C,D,A,C,C,E,skip,skip,E,C,skip,skip,E,E,C,skip,E,C,E,B,0.4
555,randomA,random,4,skip,D,C,E,skip,B,skip,A,skip,E,E,A,D,E,E,skip,B,D,E,E,0.3
555,radicaleqB,radicaleq,5,E,E,skip,skip,E,skip,C,B,C,skip,C,E,skip,skip,E,C,skip,E,skip,C,0.4
555,radicaleqA,radicaleq,6,skip,skip,D,B,A,B,D,C,skip,E,E,C,C,C,skip,E,C,skip,B,E,0.35
556,random3A,random3,1,B,B,B,B,B,B,B,B,D,E,E,E,E,E,E,E,E,E,E,E,0.45
556,random3C,random3,2,A,A,A,A,A,A,A,A,A,A,A,A,A,A,A,A,A,A,A,A,1.0
556,random3A,random3,3,B,B,C,C,C,C,C,C,C,C,C,C,C,D,D,D,D,D,D,D,0.75
556,random3B,random3,4,D,D,D,D,D,D,D,D,D,D,D,D,D,D,D,B,B,B,B,B,0.55
556,random3B,random3,5,B,B,B,B,B,B,D,B,B,B,B,B,B,B,B,B,B,B,B,C,0.35
556,random3C,random3,6,D,E,E,E,E,E,E,E,E,E,E,E,C,C,C,C,C,C,C,C,0.7
557,equalizeC,equalize,1,A,B,A,A,A,A,E,E,E,E,E,A,E,A,E,A,E,A,E,A,0.95
557,rotate0A,rotate0,2,B,B,B,B,B,B,B,B,B,B,B,B,B,B,B,B,B,B,B,B,0.9
557,rotate0C,rotate0,3,C,C,C,C,C,C,C,C,C,C,C,C,C,C,C,C,C,C,C,C,0.9
557,equalizeA,equalize,4,D,E,C,E,E,E,C,D,D,D,D,D,D,D,D,D,D,D,D,D,0.9
557,equalizeB,equalize,5,E,skip,D,B,D,D,A,A,A,A,A,E,A,E,A,E,A,E,A,E,0.9
557,rotate0B,rotate0,6,skip,skip,skip,skip,skip,skip,skip,skip,skip,skip,skip,skip,skip,skip,skip,skip,skip,skip,skip,skip,0.0
558,randomA,random,1,B,D,E,C,E,skip,skip,A,E,D,D,C,E,A,skip,E,A,skip,C,E,0.4
558,randomA,random,2,A,skip,C,A,D,A,E,B,C,B,C,A,A,C,E,E,C,B,E,A,0.6
558,randomC,random,3,E,C,skip,E,D,B,D,E,B,B,D,D,B,skip,E,B,skip,D,D,A,0.4
558,randomB,random,4,B,A,skip,D,A,skip,E,A,E,A,E,C,skip,A,D,B,B,skip,A,skip,0.3
558,randomB,random,5,D,E,B,B,A,D,B,D,D,E,B,D,B,D,A,B,C,E,B,A,0.6
558,randomC,random,6,B,E,A,C,C,skip,skip,E,E,A,skip,B,D,E,E,A,C,E,skip,skip,0.3
559,equalizeA,equalize,1,A,B,A,C,D,skip,A,C,D,B,E,skip,D,C,B,E,A,skip,D,B,0.85
559,equalizeC,equalize,2,B,C,D,E,skip,A,C,D,B,E,skip,D,C,B,E,A,skip,D,B,C,0.85
559,radicaleqB,radicaleq,3,C,D,E,skip,A,C,D,B,E,skip,D,C,B,E,A,skip,D,B,C,E,0.85
559,radicaleqA,radicaleq,4,D,E,skip,A,C,D,B,E,skip,D,C,B,E,A,skip,D,B,C,E,A,0.85
559,radicaleqC,radicaleq,5,E,skip,B,B,B,B,E,skip,C,C,B,E,A,skip,D,B,C,E,A,skip,0.8
559,equalizeB,equalize,6,skip,A,C,D,E,E,skip,A,A,A,A,A,skip,D,C,C,E,A,skip,D,0.8
560,equalizeA,equalize,1,A,B,A,D,B,A,D,B,D,D,D,B,C,B,E,C,E,A,B,B,0.65
560,equalizeB,equalize,2,B,C,D,E,E,E,C,E,C,A,B,C,D,E,C,D,B,C,A,A,0.45
560,rotateB,rotate,3,C,D,E,skip,A,B,C,D,E,skip,A,B,C,D,E,skip,A,B,C,D,0.65
560,rotateC,rotate,4,D,E,skip,A,B,C,D,E,skip,A,B,C,D,E,skip,A,B,C,D,E,0.15
560,equalizeC,equalize,5,E,skip,B,C,D,C,A,A,B,C,E,E,A,A,B,A,D,E,D,E,0.2
560,rotateA,rotate,6,skip,A,B,C,D,E,skip,A,B,C,D,E,skip,A,B,C,D,E,skip,A,0.05
561,random3B,random3,1,B,B,B,B,B,B,B,B,B,E,B,B,B,B,B,B,B,B,B,E,0.75
561,random3A,random3,2,D,D,D,D,D,D,D,D,D,D,D,D,D,D,D,D,D,D,D,D,1.0
561,random3C,random3,3,C,A,A,A,A,A,A,A,A,A,A,A,A,A,A,A,C,C,C,C,0.65
561,random3B,random3,4,E,E,E,E,E,E,E,E,E,E,E,E,E,E,E,E,E,E,E,E,0.7
561,random3A,random3,5,C,C,C,C,C,C,C,C,C,C,C,C,C,C,C,A,A,A,A,A,0.65
561,random3C,random3,6,C,A,A,A,E,E,E,E,B,C,C,A,A,C,C,A,A,B,B,B,0.05
562,randomB,random,1,A,D,D,D,C,B,B,skip,skip,A,A,E,A,D,A,skip,B,D,D,D,0.5
562,randomC,random,2,B,skip,B,B,B,skip,skip,D,E,D,C,A,skip,A,skip,skip,skip,skip,C,B,0.35
562,challengerC,challenger,3,A,A,A,A,A,A,A,A,A,A,A,A,A,A,A,A,A,A,A,A,0.0
562,randomA,random,4,A,D,C,E,B,C,A,C,C,skip,B,E,skip,C,skip,B,A,skip,C,B,0.4
562,challengerB,challenger,5,A,A,A,A,A,A,A,A,A,A,A,A,A,A,A,A,A,A,A,A,0.0
562,challengerA,challenger,6,A,A,A,A,A,A,A,A,A,A,A,A,A,A,A,A,A,A,A,A,0.0
563,random3B,random3,1,C,C,C,C,C,C,C,C,C,C,C,C,C,C,C,C,C,C,C,C,1.0
563,challengerA,challenger,2,A,A,A,A,A,A,A,A,A,A,A,A,A,A,A,A,A,A,A,A,0.0
563,challengerC,challenger,3,A,A,A,A,A,A,A,A,A,A,A,A,A,A,A,A,A,A,A,A,0.0
563,random3A,random3,4,A,A,D,D,D,D,D,D,D,D,D,D,D,D,D,D,D,D,D,D,0.9
563,random3C,random3,5,E,E,E,E,E,E,E,E,E,E,E,E,E,E,E,E,E,E,E,E,1.0
563,challengerB,challenger,6,A,A,A,A,A,A,A,A,A,A,A,A,A,A,A,A,A,A,A,A,0.0
564,casteC,caste,1,A,C,C,A,A,D,C,D,D,D,D,E,C,E,E,E,E,E,E,E,0.75
564,randomC,random,2,B,E,A,E,skip,A,E,B,D,C,E,C,A,B,skip,D,D,B,C,D,0.25
564,randomA,random,3,skip,A,D,E,E,skip,B,C,C,E,B,skip,D,skip,D,B,A,B,D,skip,0.2
564,randomB,random,4,B,skip,C,D,A,A,skip,A,B,D,D,B,D,A,A,skip,A,B,A,A,0.4
564,casteA,caste,5,E,D,D,C,C,B,B,C,E,E,A,C,A,C,C,C,C,C,D,D,0.6
564,casteB,caste,6,skip,E,B,B,D,C,E,B,A,A,B,A,D,B,B,B,A,B,C,C,0.45
565,random3B,random3,1,D,E,E,E,A,A,A,A,A,A,A,C,C,C,D,D,D,D,D,D,0.6
565,casteA,caste,2,B,B,B,B,B,D,B,B,B,B,B,B,B,B,B,B,B,B,B,B,0.9
565,random3A,random3,3,A,A,A,A,A,D,D,D,D,D,D,D,D,B,D,C,C,C,C,C,0.45
565,casteC,caste,4,D,E,C,E,C,E,D,C,D,E,C,C,D,C,D,C,A,C,A,C,0.15
565,casteB,caste,5,E,A,D,D,A,B,E,E,E,C,E,E,E,E,E,E,E,E,E,E,0.8
565,random3C,random3,6,C,C,C,C,C,D,C,C,E,C,A,A,A,A,A,A,A,A,A,A,0.55
566,challengerC,challenger,1,A,A,A,A,A,A,A,A,A,A,A,A,A,A,A,A,A,A,A,A,0.0
566,challengerB,challenger,2,A,A,A,A,A,A,A,A,A,A,A,A,A,A,A,A,A,A,A,A,0.0
566,challengerA,challenger,3,A,A,A,A,A,A,A,A,A,A,A,A,A,A,A,A,A,A,A,A,0.0
566,turntakingB,turntaking,4,C,B,B,B,B,E,E,D,D,C,D,D,D,D,D,C,B,D,C,B,1.0
566,turntakingC,turntaking,5,D,C,E,D,C,B,B,B,C,D,C,B,B,C,C,B,D,C,B,D,1.0
566,turntakingA,turntaking,6,E,D,C,E,D,C,D,C,E,B,B,E,C,E,B,E,E,E,E,E,1.0
567,rotateB,rotate,1,A,B,C,D,E,skip,A,B,C,D,E,skip,A,B,C,D,E,skip,A,B,0.35
567,turntakingA,turntaking,2,A,A,A,E,E,E,A,E,E,A,E,E,E,E,A,A,A,A,A,A,0.4
567,turntakingC,turntaking,3,B,D,D,D,D,B,B,D,D,D,B,D,D,D,B,D,E,E,E,E,0.55
567,rotateA,rotate,4,D,E,skip,A,B,C,D,E,skip,A,B,C,D,E,skip,A,B,C,D,E,0.35
567,rotateC,rotate,5,E,skip,A,B,C,D,E,skip,A,B,C,D,E,skip,A,B,C,D,E,skip,0.35
567,turntakingB,turntaking,6,E,E,E,A,A,A,E,A,A,E,D,A,A,A,D,E,D,D,D,D,0.6
568,random3C,random3,1,B,B,B,B,B,B,B,B,B,B,B,B,B,E,E,E,E,A,A,A,0.55
568,randomB,random,2,B,B,E,E,skip,E,C,skip,D,C,B,D,A,skip,E,A,skip,E,E,C,0.15
568,random3B,random3,3,E,E,A,A,A,A,A,D,D,D,D,D,D,D,D,B,B,B,B,B,0.45
568,random3A,random3,4,E,E,E,E,E,E,E,E,C,E,A,A,A,E,E,E,E,E,E,E,0.2
568,randomC,random,5,E,C,A,D,E,C,A,D,skip,E,C,E,C,A,D,B,D,skip,skip,D,0.4
568,randomA,random,6,C,E,skip,A,D,skip,B,E,C,D,C,C,B,E,D,A,C,C,D,skip,0.3
569,randomA,random,1,D,skip,B,B,B,B,B,E,E,D,B,C,skip,skip,B,C,A,skip,E,D,0.2
569,randomB,random,2,A,D,C,C,skip,B,D,E,C,C,A,B,A,B,skip,C,B,D,D,A,0.4
569,randomC,random,3,D,C,skip,C,A,D,skip,C,D,E,C,E,C,E,E,C,A,B,C,B,0.5
569,rotateB,rotate,4,D,E,skip,A,B,C,D,E,skip,A,B,C,D,E,skip,A,B,C,D,E,0.4
569,rotateC,rotate,5,E,skip,A,B,C,D,E,skip,A,B,C,D,E,skip,A,B,C,D,E,skip,0.55
569,rotateA,rotate,6,skip,A,B,C,D,E,skip,A,B,C,D,E,skip,A,B,C,D,E,skip,A,0.45
570,challengerC,challenger,1,A,A,A,A,A,A,A,A,A,A,A,A,A,A,A,A,A,A,A,A,0.0
570,challengerA,challenger,2,A,A,A,A,A,A,A,A,A,A,A,A,A,A,A,A,A,A,A,A,0.0
570,challengerC,challenger,3,A,A,A,A,A,A,A,A,A,A,A,A,A,A,A,A,A,A,A,A,0.0
570,challengerB,challenger,4,A,A,A,A,A,A,A,A,A,A,A,A,A,A,A,A,A,A,A,A,0.0
570,challengerA,challenger,5,A,A,A,A,A,A,A,A,A,A,A,A,A,A,A,A,A,A,A,A,0.0
570,challengerB,challenger,6,A,A,A,A,A,A,A,A,A,A,A,A,A,A,A,A,A,A,A,A,0.0
571,turntakingC,turntaking,1,skip,D,D,C,C,D,C,D,D,D,C,C,C,C,C,C,C,C,C,C,0.4
571,rotateA,rotate,2,B,C,D,E,skip,A,B,C,D,E,skip,A,B,C,D,E,skip,A,B,C,0.35
571,rotateC,rotate,3,C,D,E,skip,A,B,C,D,E,skip,A,B,C,D,E,skip,A,B,C,D,0.3
571,turntakingA,turntaking,4,C,C,C,D,D,C,D,B,B,C,B,B,D,D,D,D,D,D,D,D,0.5
571,turntakingB,turntaking,5,D,B,B,B,B,A,A,A,C,B,A,A,B,B,B,B,B,B,B,B,0.55
571,rotateB,rotate,6,skip,A,B,C,D,E,skip,A,B,C,D,E,skip,A,B,C,D,E,skip,A,0.35
572,turntakingC,turntaking,1,skip,E,E,C,E,D,C,E,E,E,E,E,E,E,E,E,E,E,E,E,0.6
572,equalizeC,equalize,2,B,B,D,B,A,A,B,B,C,B,E,A,B,E,A,B,E,A,B,E,0.65
572,equalizeA,equalize,3,C,C,B,E,E,B,E,E,B,D,A,B,D,A,B,D,A,B,C,A,0.65
572,equalizeB,equalize,4,D,A,E,A,B,C,A,A,A,A,B,C,A,B,C,A,B,D,A,B,0.65
572,turntakingA,turntaking,5,D,D,C,B,D,E,A,D,D,D,D,D,D,C,D,D,C,C,C,D,0.65
572,turntakingB,turntaking,6,E,C,D,D,C,C,D,C,C,C,C,C,C,D,C,C,D,D,D,C,0.65
573,random3C,random3,1,B,B,B,B,B,B,B,B,B,B,B,B,B,E,E,E,E,E,E,E,0.65
573,random3A,random3,2,A,A,A,C,C,C,C,C,C,C,C,B,B,C,B,B,B,B,B,B,0.45
573,random3B,random3,3,C,C,C,C,C,C,C,D,D,D,C,C,C,C,C,C,C,C,C,C,0.55
573,random3B,random3,4,B,D,D,D,D,D,D,D,D,D,D,D,D,D,D,D,D,A,A,A,0.6
573,random3A,random3,5,A,A,E,E,E,E,E,E,E,E,E,E,E,E,E,E,D,E,D,D,0.55
573,random3C,random3,6,A,A,A,D,D,A,A,A,A,A,A,A,A,A,A,A,A,A,D,D,0.6
574,challengerC,challenger,1,A,A,A,A,A,A,A,A,A,A,A,A,A,A,A,A,A,A,A,A,0.0
574,challengerA,challenger,2,A,A,A,A,A,A,A,A,A,A,A,A,A,A,A,A,A,A,A,A,0.0
574,challengerB,challenger,3,A,A,A,A,A,A,A,A,A,A,A,A,A,A,A,A,A,A,A,A,0.0
574,challengerA,challenger,4,A,A,A,A,A,A,A,A,A,A,A,A,A,A,A,A,A,A,A,A,0.0
574,challengerB,challenger,5,A,A,A,A,A,A,A,A,A,A,A,A,A,A,A,A,A,A,A,A,0.0
574,challengerC,challenger,6,A,A,A,A,A,A,A,A,A,A,A,A,A,A,A,A,A,A,A,A,0.0
575,rotate0A,rotate0,1,A,A,A,A,A,A,A,A,A,A,A,A,A,A,A,A,A,A,A,A,1.0
575,rotate0C,rotate0,2,B,B,B,B,B,B,B,B,B,B,B,B,B,B,B,B,B,B,B,B,1.0
575,rotate0A,rotate0,3,C,C,C,C,C,C,C,C,C,C,C,C,C,C,C,C,C,C,C,C,1.0
575,rotate0B,rotate0,4,D,D,D,D,D,D,D,D,D,D,D,D,D,D,D,D,D,D,D,D,1.0
575,rotate0B,rotate0,5,E,E,E,E,E,E,E,E,E,E,E,E,E,E,E,E,E,E,E,E,1.0
575,rotate0C,rotate0,6,skip,skip,skip,skip,skip,skip,skip,skip,skip,skip,skip,skip,skip,skip,skip,skip,skip,skip,skip,skip,0.0
576,radicaleqA,radicaleq,1,A,B,E,B,D,A,E,B,E,A,E,B,D,A,E,B,E,A,D,B,0.55
576,radicaleqC,radicaleq,2,B,C,B,C,A,C,B,C,A,C,B,C,A,C,B,C,A,C,B,C,0.5
576,rotate0B,rotate0,3,C,C,C,C,C,C,C,C,C,C,C,C,C,C,C,C,C,C,C,C,0.5
576,rotate0A,rotate0,4,D,D,D,D,D,D,D,D,D,D,D,D,D,D,D,D,D,D,D,D,0.55
576,rotate0C,rotate0,5,E,E,E,E,E,E,E,E,E,E,E,E,E,E,E,E,E,E,E,E,0.55
576,radicaleqB,radicaleq,6,skip,A,D,A,E,B,D,A,D,B,D,A,E,B,D,A,D,B,E,A,0.5
577,randomA,random,1,D,B,skip,skip,A,C,E,skip,D,B,B,skip,E,B,A,E,D,D,B,D,0.35
577,randomB,random,2,C,D,A,B,B,C,skip,C,A,B,E,D,B,C,D,C,C,B,C,skip,0.35
577,rotateB,rotate,3,C,D,E,skip,A,B,C,D,E,skip,A,B,C,D,E,skip,A,B,C,D,0.55
577,rotateC,rotate,4,D,E,skip,A,B,C,D,E,skip,A,B,C,D,E,skip,A,B,C,D,E,0.6
577,randomC,random,5,A,B,A,B,C,D,skip,A,B,C,D,C,A,C,B,skip,E,skip,B,B,0.3
577,rotateA,rotate,6,skip,A,B,C,D,E,skip,A,B,C,D,E,skip,A,B,C,D,E,skip,A,0.45
578,turntakingC,turntaking,1,skip,E,E,C,C,C,E,E,E,C,C,C,B,B,B,E,E,E,C,C,0.65
578,casteB,caste,2,B,D,A,D,A,D,A,A,D,A,D,A,D,A,D,A,D,D,A,D,0.95
578,turntakingB,turntaking,3,B,B,B,B,B,B,B,B,B,E,E,E,C,C,C,B,B,B,E,E,0.65
578,turntakingA,turntaking,4,C,C,C,E,E,E,C,C,C,B,B,B,E,E,E,C,C,C,B,B,0.65
578,casteC,caste,5,E,A,D,A,D,A,D,D,A,D,A,D,A,D,A,D,A,A,D,A,1.0
578,casteA,caste,6,skip,C,E,B,E,C,B,C,E,E,B,C,C,E,B,B,C,E,E,B,0.0
579,rotateA,rotate,1,A,B,C,D,E,skip,A,B,C,D,E,skip,A,B,C,D,E,skip,A,B,0.35
579,rotateC,rotate,2,B,C,D,E,skip,A,B,C,D,E,skip,A,B,C,D,E,skip,A,B,C,0.3
579,turntakingC,turntaking,3,B,B,B,C,C,C,C,B,C,B,D,D,B,B,B,B,C,B,D,A,0.45
579,turntakingA,turntaking,4,C,C,C,D,B,D,D,C,B,C,B,B,C,C,C,C,B,D,C,E,0.55
579,turntakingB,turntaking,5,D,D,A,A,D,B,B,D,D,D,A,C,A,D,D,D,D,A,B,C,0.45
579,rotateB,rotate,6,skip,A,B,C,D,E,skip,A,B,C,D,E,skip,A,B,C,D,E,skip,A,0.3
580,rotateC,rotate,1,A,B,C,D,E,skip,A,B,C,D,E,skip,A,B,C,D,E,skip,A,B,0.55
580,radicaleqA,radicaleq,2,B,C,D,B,skip,skip,B,skip,B,A,C,D,skip,D,D,B,skip,skip,skip,B,0.5
580,rotateA,rotate,3,C,D,E,skip,A,B,C,D,E,skip,A,B,C,D,E,skip,A,B,C,D,0.35
580,radicaleqC,radicaleq,4,D,E,skip,D,A,C,E,E,skip,B,B,B,D,B,B,D,D,B,E,D,0.45
580,radicaleqB,radicaleq,5,E,skip,B,A,E,B,C,A,D,C,D,A,C,E,E,A,E,C,C,C,0.4
580,rotateB,rotate,6,skip,A,B,C,D,E,skip,A,B,C,D,E,skip,A,B,C,D,E,skip,A,0.45
581,rotate0A,rotate0,1,A,A,A,A,A,A,A,A,A,A,A,A,A,A,A,A,A,A,A,A,0.0
581,rotate0C,rotate0,2,B,B,B,B,B,B,B,B,B,B,B,B,B,B,B,B,B,B,B,B,1.0
581,challengerC,challenger,3,A,A,A,A,A,A,A,A,A,A,A,A,A,A,A,A,A,A,A,A,0.0
581,challengerA,challenger,4,A,A,A,A,A,A,A,A,A,A,A,A,A,A,A,A,A,A,A,A,0.0
581,challengerB,challenger,5,A,A,A,A,A,A,A,A,A,A,A,A,A,A,A,A,A,A,A,A,0.0
581,rotate0B,rotate0,6,skip,skip,skip,skip,skip,skip,skip,skip,skip,skip,skip,skip,skip,skip,skip,skip,skip,skip,skip,skip,0.0
582,randomB,random,1,C,skip,A,D,D,A,A,D,D,D,C,C,D,skip,E,C,B,A,A,A,0.3
582,randomB,random,2,A,B,A,skip,E,A,skip,C,B,C,A,C,A,E,C,E,A,B,E,E,0.35
582,randomC,random,3,skip,B,B,D,E,A,C,E,B,C,C,C,E,A,C,skip,C,skip,D,skip,0.15
582,randomA,random,4,C,A,A,B,E,A,skip,D,C,A,D,A,B,E,E,C,A,C,D,D,0.3
582,randomA,random,5,skip,skip,A,E,A,skip,C,B,C,E,B,D,C,A,A,skip,C,D,B,A,0.45
582,randomC,random,6,C,D,C,D,A,skip,E,C,E,skip,D,skip,D,E,B,A,D,A,C,D,0.4
583,challengerA,challenger,1,A,A,A,A,A,A,A,A,A,A,A,A,A,A,A,A,A,A,A,A,0.0
583,challengerB,challenger,2,A,A,A,A,A,A,A,A,A,A,A,A,A,A,A,A,A,A,A,A,0.0
583,challengerC,challenger,3,A,A,A,A,A,A,A,A,A,A,A,A,A,A,A,A,A,A,A,A,0.0
583,challengerC,challenger,4,A,A,A,A,A,A,A,A,A,A,A,A,A,A,A,A,A,A,A,A,0.0
583,challengerA,challenger,5,A,A,A,A,A,A,A,A,A,A,A,A,A,A,A,A,A,A,A,A,0.0
583,challengerB,challenger,6,A,A,A,A,A,A,A,A,A,A,A,A,A,A,A,A,A,A,A,A,0.0
584,turntakingB,turntaking,1,skip,E,E,E,E,E,E,E,C,C,E,C,E,E,C,C,C,C,C,D,0.65
584,turntakingA,turntaking,2,A,A,A,A,A,A,A,A,E,A,A,E,A,A,A,A,A,A,A,E,0.45
584,randomC,random,3,skip,A,E,D,skip,D,E,D,skip,skip,B,B,C,B,B,D,E,B,E,D,0.3
584,randomB,random,4,E,C,C,A,B,E,B,skip,E,A,E,A,C,E,A,E,skip,E,A,B,0.25
584,turntakingC,turntaking,5,D,D,C,C,C,C,C,C,D,D,C,D,C,C,E,E,E,E,E,C,0.5
584,randomA,random,6,D,C,skip,B,A,A,D,C,B,A,C,skip,A,B,B,D,A,A,B,C,0.2
585,casteC,caste,1,A,C,B,B,E,E,B,B,B,D,C,C,B,D,D,C,B,E,D,C,0.95
585,challengerA,challenger,2,A,A,A,A,A,A,A,A,A,A,A,A,A,A,A,A,A,A,A,A,0.0
585,challengerB,challenger,3,A,A,A,A,A,A,A,A,A,A,A,A,A,A,A,A,A,A,A,A,0.0
585,challengerC,challenger,4,A,A,A,A,A,A,A,A,A,A,A,A,A,A,A,A,A,A,A,A,0.0
585,casteA,caste,5,E,B,C,D,D,C,E,D,C,E,B,D,E,C,B,E,D,C,B,E,1.0
585,casteB,caste,6,skip,D,E,C,B,D,C,E,D,C,E,B,D,E,C,B,E,D,C,B,0.95
586,rotateA,rotate,1,A,B,C,D,E,skip,A,B,C,D,E,skip,A,B,C,D,E,skip,A,B,0.85
586,rotateB,rotate,2,B,C,D,E,skip,A,B,C,D,E,skip,A,B,C,D,E,skip,A,B,C,0.85
586,rotateB,rotate,3,C,D,E,skip,A,B,C,D,E,skip,A,B,C,D,E,skip,A,B,C,D,0.85
586,rotateC,rotate,4,D,E,skip,A,B,C,D,E,skip,A,B,C,D,E,skip,A,B,C,D,E,0.85
586,rotateA,rotate,5,E,skip,A,B,C,D,E,skip,A,B,C,D,E,skip,A,B,C,D,E,skip,0.8
586,rotateC,rotate,6,skip,A,B,C,D,E,skip,A,B,C,D,E,skip,A,B,C,D,E,skip,A,0.8
587,rotateC,rotate,1,A,B,C,D,E,skip,A,B,C,D,E,skip,A,B,C,D,E,skip,A,B,0.3
587,turntakingB,turntaking,2,A,A,A,D,B,B,D,D,A,A,B,B,B,B,A,A,B,B,B,D,0.5
587,turntakingA,turntaking,3,B,B,D,C,D,D,B,B,D,D,A,A,C,A,D,D,D,D,A,A,0.5
587,rotateB,rotate,4,D,E,skip,A,B,C,D,E,skip,A,B,C,D,E,skip,A,B,C,D,E,0.45
587,turntakingC,turntaking,5,D,D,B,B,A,A,A,A,B,B,D,D,A,D,B,B,A,A,D,B,0.5
587,rotateA,rotate,6,skip,A,B,C,D,E,skip,A,B,C,D,E,skip,A,B,C,D,E,skip,A,0.25
588,equalizeC,equalize,1,A,B,D,B,B,C,B,B,E,B,B,C,B,B,E,B,B,D,B,B,0.95
588,challengerA,challenger,2,A,A,A,A,A,A,A,A,A,A,A,A,A,A,A,A,A,A,A,A,0.0
588,challengerB,challenger,3,A,A,A,A,A,A,A,A,A,A,A,A,A,A,A,A,A,A,A,A,0.0
588,challengerC,challenger,4,A,A,A,A,A,A,A,A,A,A,A,A,A,A,A,A,A,A,A,A,0.0
588,equalizeA,equalize,5,E,D,C,C,D,D,E,C,C,C,E,E,E,C,C,D,E,E,C,D,1.0
588,equalizeB,equalize,6,skip,C,E,D,E,E,C,D,D,E,D,D,C,D,D,E,C,C,D,E,0.95
589,rotateC,rotate,1,A,B,C,D,E,skip,A,B,C,D,E,skip,A,B,C,D,E,skip,A,B,0.5
589,randomC,random,2,E,skip,skip,skip,B,D,E,E,C,C,D,skip,C,A,B,C,skip,C,skip,A,0.1
589,randomA,random,3,A,E,A,E,B,B,D,A,E,D,E,B,E,B,E,skip,D,E,skip,B,0.25
589,randomB,random,4,D,D,skip,A,skip,C,E,D,E,D,skip,B,B,E,C,E,A,C,E,A,0.45
589,rotateA,rotate,5,E,skip,A,B,C,D,E,skip,A,B,C,D,E,skip,A,B,C,D,E,skip,0.5
589,rotateB,rotate,6,skip,A,B,C,D,E,skip,A,B,C,D,E,skip,A,B,C,D,E,skip,A,0.35
590,random3C,random3,1,A,A,A,A,A,A,A,A,A,A,A,A,A,A,A,A,A,A,A,A,0.6
590,casteA,caste,2,B,A,C,C,C,B,B,B,B,B,B,B,B,B,B,C,C,C,D,C,0.65
590,casteB,caste,3,C,E,E,E,E,E,E,E,E,E,E,E,E,E,E,E,E,E,E,E,0.85
590,casteC,caste,4,D,C,D,D,D,D,D,D,D,D,D,C,C,C,C,B,B,B,B,B,0.8
590,random3A,random3,5,A,A,A,C,C,C,C,C,A,A,A,A,A,E,C,E,E,C,D,D,0.05
590,random3B,random3,6,B,B,B,B,B,B,C,C,D,D,D,D,D,D,D,D,D,D,D,D,0.55
591,casteB,caste,1,A,B,B,B,A,B,D,C,A,C,A,C,E,E,A,B,D,D,B,A,0.5
591,randomA,random,2,A,B,E,D,skip,skip,E,E,D,skip,E,B,E,B,A,B,skip,A,B,D,0.15
591,casteC,caste,3,C,E,C,D,C,C,C,A,B,B,B,D,D,B,C,E,E,E,E,E,0.75
591,randomB,random,4,B,A,E,E,A,A,skip,skip,D,skip,skip,C,D,D,A,A,C,C,B,D,0.25
591,casteA,caste,5,E,D,E,C,D,D,E,D,C,E,C,B,A,D,B,C,C,C,D,C,0.5
591,randomC,random,6,C,skip,A,skip,B,D,B,skip,A,E,A,C,A,D,D,B,A,skip,D,E,0.25
592,rotateA,rotate,1,A,B,C,D,E,skip,A,B,C,D,E,skip,A,B,C,D,E,skip,A,B,0.55
592,rotateB,rotate,2,B,C,D,E,skip,A,B,C,D,E,skip,A,B,C,D,E,skip,A,B,C,0.2
592,equalizeC,equalize,3,C,D,E,C,C,B,B,A,B,B,D,D,D,A,A,A,E,C,E,B,0.7
592,rotateC,rotate,4,D,E,skip,A,B,C,D,E,skip,A,B,C,D,E,skip,A,B,C,D,E,0.15
592,equalizeA,equalize,5,E,skip,B,D,E,D,E,E,D,A,B,A,B,C,D,E,B,D,D,E,0.25
592,equalizeB,equalize,6,skip,A,C,A,B,A,D,C,A,E,C,C,E,E,C,B,C,A,B,C,0.3
593,equalizeA,equalize,1,A,B,D,D,A,A,A,A,B,D,E,E,E,A,E,E,E,A,C,D,0.7
593,random3C,random3,2,C,C,C,C,C,C,E,A,A,A,A,A,A,A,D,D,A,A,A,A,0.35
593,random3B,random3,3,A,A,A,C,C,C,C,C,C,C,C,C,C,C,C,C,C,C,C,E,0.65
593,equalizeB,equalize,4,D,D,A,E,B,B,B,B,D,E,D,B,B,B,D,B,B,B,B,B,0.6
593,random3A,random3,5,E,E,E,E,E,E,E,E,E,E,D,B,B,B,D,D,D,D,D,D,0.5
593,equalizeC,equalize,6,skip,C,B,B,D,D,D,D,A,B,A,D,D,E,B,D,A,E,E,E,0.65
594,equalizeA,equalize,1,A,B,A,C,D,skip,A,C,D,B,E,skip,D,C,B,E,A,skip,D,B,0.85
594,equalizeA,equalize,2,B,C,D,E,skip,A,C,D,B,E,skip,D,C,B,E,A,skip,D,B,C,0.85
594,equalizeB,equalize,3,C,D,E,skip,A,C,D,B,E,skip,D,C,B,E,A,skip,D,B,C,E,0.85
594,equalizeC,equalize,4,D,E,skip,A,C,D,B,E,skip,D,C,B,E,A,skip,D,B,C,E,A,0.85
594,equalizeB,equalize,5,E,skip,B,B,B,B,E,skip,C,C,B,E,A,skip,D,B,C,E,A,skip,0.8
594,equalizeC,equalize,6,skip,A,C,D,E,E,skip,A,A,A,A,A,skip,D,C,C,E,A,skip,D,0.8
595,radicaleqA,radicaleq,1,A,B,A,C,D,skip,A,C,D,B,E,skip,D,C,B,E,A,skip,D,B,0.85
595,radicaleqA,radicaleq,2,B,C,D,E,skip,A,C,D,B,E,skip,D,C,B,E,A,skip,D,B,C,0.85
595,radicaleqB,radicaleq,3,C,D,E,skip,A,C,D,B,E,skip,D,C,B,E,A,skip,D,B,C,E,0.85
595,radicaleqC,radicaleq,4,D,E,skip,A,C,D,B,E,skip,D,C,B,E,A,skip,D,B,C,E,A,0.85
595,radicaleqB,radicaleq,5,E,skip,B,B,B,B,E,skip,C,C,B,E,A,skip,D,B,C,E,A,skip,0.8
595,radicaleqC,radicaleq,6,skip,A,C,D,E,E,skip,A,A,A,A,A,skip,D,C,C,E,A,skip,D,0.8
596,rotateB,rotate,1,A,B,C,D,E,skip,A,B,C,D,E,skip,A,B,C,D,E,skip,A,B,0.4
596,turntakingA,turntaking,2,A,A,A,B,D,D,D,D,A,A,B,D,D,D,D,D,D,D,D,D,0.6
596,rotateA,rotate,3,C,D,E,skip,A,B,C,D,E,skip,A,B,C,D,E,skip,A,B,C,D,0.3
596,turntakingC,turntaking,4,C,C,C,C,C,C,C,C,D,D,D,A,A,A,C,C,C,C,C,C,0.45
596,turntakingB,turntaking,5,D,D,D,E,A,A,A,A,C,C,A,C,C,C,A,A,A,A,A,A,0.45
596,rotateC,rotate,6,skip,A,B,C,D,E,skip,A,B,C,D,E,skip,A,B,C,D,E,skip,A,0.3
597,random3A,random3,1,C,C,C,C,C,C,C,C,C,C,C,C,A,A,A,A,E,E,E,B,0.5
597,random3C,random3,2,D,D,D,D,D,D,D,A,A,A,A,D,D,B,B,B,D,D,A,B,0.35
597,rotateC,rotate,3,C,D,E,skip,A,B,C,D,E,skip,A,B,C,D,E,skip,A,B,C,D,0.6
597,rotateA,rotate,4,D,E,skip,A,B,C,D,E,skip,A,B,C,D,E,skip,A,B,C,D,E,0.35
597,rotateB,rotate,5,E,skip,A,B,C,D,E,skip,A,B,C,D,E,skip,A,B,C,D,E,skip,0.15
597,random3B,random3,6,D,B,B,B,E,E,E,E,E,E,E,E,E,E,C,C,C,C,A,A,0.5
598,random3B,random3,1,E,E,B,B,B,B,D,E,E,E,E,E,E,E,E,E,E,E,E,E,0.5
598,random3C,random3,2,E,E,E,E,E,E,E,E,A,A,A,A,A,A,A,A,A,A,A,A,0.5
598,casteC,caste,3,C,A,B,A,A,A,A,A,A,A,A,A,D,E,A,D,E,D,A,D,0.35
598,random3A,random3,4,D,D,D,D,D,D,D,D,D,D,D,D,D,D,D,D,E,D,D,D,0.6
598,casteB,caste,5,E,C,A,B,C,C,C,C,C,C,C,C,C,C,C,C,C,C,C,C,0.9
598,casteA,caste,6,skip,D,D,C,B,B,B,B,B,B,B,B,A,B,B,B,B,B,B,B,0.7
599,rotateC,rotate,1,A,B,C,D,E,skip,A,B,C,D,E,skip,A,B,C,D,E,skip,A,B,0.15
599,casteA,caste,2,B,B,A,A,A,E,E,E,A,A,B,C,A,C,B,A,C,D,D,B,0.45
599,rotateA,rotate,3,C,D,E,skip,A,B,C,D,E,skip,A,B,C,D,E,skip,A,B,C,D,0.65
599,rotateB,rotate,4,D,E,skip,A,B,C,D,E,skip,A,B,C,D,E,skip,A,B,C,D,E,0.05
599,casteB,caste,5,E,E,C,D,B,D,D,C,C,B,C,D,D,B,A,D,B,C,A,E,0.35
599,casteC,caste,6,skip,skip,D,B,C,C,A,B,E,D,A,E,E,E,C,B,E,A,E,D,0.4
600,radicaleqA,radicaleq,1,A,B,skip,E,C,skip,skip,skip,skip,skip,E,B,skip,E,skip,E,E,skip,C,skip,0.45
600,radicaleqB,radicaleq,2,B,E,D,B,B,A,A,A,B,D,B,E,C,B,C,C,C,C,E,C,0.45
600,randomC,random,3,E,C,E,B,B,C,E,D,B,skip,skip,E,D,C,D,E,D,A,B,B,0.25
600,radicaleqC,radicaleq,4,D,C,E,C,E,B,B,C,C,B,C,skip,E,skip,E,skip,skip,E,skip,E,0.45
600,randomA,random,5,C,skip,C,D,E,A,E,D,C,skip,B,E,C,A,D,skip,D,A,A,A,0.25
600,randomB,random,6,skip,E,D,C,D,E,B,skip,A,C,skip,E,D,A,C,A,skip,A,E,skip,0.25
601,radicaleqC,radicaleq,1,A,B,A,C,D,skip,A,C,D,B,E,skip,D,C,B,E,A,skip,D,B,0.85
601,radicaleqA,radicaleq,2,B,C,D,E,skip,A,C,D,B,E,skip,D,C,B,E,A,skip,D,B,C,0.85
601,radicaleqA,radicaleq,3,C,D,E,skip,A,C,D,B,E,skip,D,C,B,E,A,skip,D,B,C,E,0.85
601,radicaleqB,radicaleq,4,D,E,skip,A,C,D,B,E,skip,D,C,B,E,A,skip,D,B,C,E,A,0.85
601,radicaleqC,radicaleq,5,E,skip,B,B,B,B,E,skip,C,C,B,E,A,skip,D,B,C,E,A,skip,0.8
601,radicaleqB,radicaleq,6,skip,A,C,D,E,E,skip,A,A,A,A,A,skip,D,C,C,E,A,skip,D,0.8
602,radicaleqB,radicaleq,1,A,B,A,C,D,skip,A,C,D,B,E,skip,D,C,B,E,A,skip,D,B,0.85
602,radicaleqC,radicaleq,2,B,C,D,E,skip,A,C,D,B,E,skip,D,C,B,E,A,skip,D,B,C,0.85
602,radicaleqB,radicaleq,3,C,D,E,skip,A,C,D,B,E,skip,D,C,B,E,A,skip,D,B,C,E,0.85
602,radicaleqC,radicaleq,4,D,E,skip,A,C,D,B,E,skip,D,C,B,E,A,skip,D,B,C,E,A,0.85
602,radicaleqA,radicaleq,5,E,skip,B,B,B,B,E,skip,C,C,B,E,A,skip,D,B,C,E,A,skip,0.8
602,radicaleqA,radicaleq,6,skip,A,C,D,E,E,skip,A,A,A,A,A,skip,D,C,C,E,A,skip,D,0.8
603,rotate0C,rotate0,1,A,A,A,A,A,A,A,A,A,A,A,A,A,A,A,A,A,A,A,A,0.0
603,challengerA,challenger,2,A,A,A,A,A,A,A,A,A,A,A,A,A,A,A,A,A,A,A,A,0.0
603,challengerB,challenger,3,A,A,A,A,A,A,A,A,A,A,A,A,A,A,A,A,A,A,A,A,0.0
603,challengerC,challenger,4,A,A,A,A,A,A,A,A,A,A,A,A,A,A,A,A,A,A,A,A,0.0
603,rotate0A,rotate0,5,E,E,E,E,E,E,E,E,E,E,E,E,E,E,E,E,E,E,E,E,1.0
603,rotate0B,rotate0,6,skip,skip,skip,skip,skip,skip,skip,skip,skip,skip,skip,skip,skip,skip,skip,skip,skip,skip,skip,skip,0.0
604,challengerC,challenger,1,A,A,A,A,A,A,A,A,A,A,A,A,A,A,A,A,A,A,A,A,0.0
604,radicaleqA,radicaleq,2,B,A,C,skip,A,C,skip,A,C,skip,A,C,skip,A,C,skip,A,C,skip,A,0.35
604,radicaleqC,radicaleq,3,C,skip,A,C,skip,A,C,skip,A,C,skip,A,C,skip,A,C,skip,A,C,skip,0.35
604,challengerA,challenger,4,A,A,A,A,A,A,A,A,A,A,A,A,A,A,A,A,A,A,A,A,0.0
604,challengerB,challenger,5,A,A,A,A,A,A,A,A,A,A,A,A,A,A,A,A,A,A,A,A,0.0
604,radicaleqB,radicaleq,6,skip,C,skip,A,C,skip,A,C,skip,A,C,skip,A,C,skip,A,C,skip,A,C,0.35
605,radicaleqC,radicaleq,1,A,B,A,C,D,skip,A,C,D,B,E,skip,D,C,B,E,A,skip,D,B,0.85
605,equalizeA,equalize,2,B,C,D,E,skip,A,C,D,B,E,skip,D,C,B,E,A,skip,D,B,C,0.85
605,equalizeB,equalize,3,C,D,E,skip,A,C,D,B,E,skip,D,C,B,E,A,skip,D,B,C,E,0.85
605,equalizeC,equalize,4,D,E,skip,A,C,D,B,E,skip,D,C,B,E,A,skip,D,B,C,E,A,0.85
605,radicaleqA,radicaleq,5,E,skip,B,B,B,B,E,skip,C,C,B,E,A,skip,D,B,C,E,A,skip,0.8
605,radicaleqB,radicaleq,6,skip,A,C,D,E,E,skip,A,A,A,A,A,skip,D,C,C,E,A,skip,D,0.8
606,radicaleqC,radicaleq,1,A,C,B,E,A,C,B,C,A,skip,A,E,D,E,B,E,D,E,B,E,0.5
606,turntakingB,turntaking,2,A,A,A,B,A,B,B,D,D,A,A,D,D,B,B,D,D,B,B,A,0.5
606,turntakingA,turntaking,3,B,B,B,D,D,D,D,A,B,D,D,B,B,D,D,A,A,A,A,D,0.5
606,radicaleqB,radicaleq,4,D,B,E,D,C,D,C,D,C,E,E,A,E,A,E,B,E,D,E,B,0.45
606,turntakingC,turntaking,5,D,D,D,A,B,A,A,B,C,B,B,A,A,A,A,B,B,D,D,B,0.5
606,radicaleqA,radicaleq,6,skip,D,A,C,B,E,A,E,B,C,C,B,C,D,C,A,C,A,C,D,0.45
607,randomA,random,1,D,C,B,skip,B,B,C,E,skip,B,E,skip,B,A,C,C,D,E,E,A,0.25
607,randomB,random,2,skip,E,C,B,skip,B,A,B,skip,A,D,C,skip,B,D,A,C,A,D,D,0.3
607,randomC,random,3,B,A,skip,D,skip,B,skip,A,B,skip,C,A,B,D,C,A,skip,skip,D,C,0.2
607,equalizeB,equalize,4,D,A,D,E,A,E,A,C,A,E,D,D,C,C,D,B,B,A,B,A,0.65
607,equalizeC,equalize,5,E,B,C,D,C,D,D,D,D,A,E,E,D,A,C,A,E,B,E,B,0.6
607,equalizeA,equalize,6,skip,C,A,B,E,A,E,E,C,C,C,A,B,E,E,E,D,E,D,C,0.45
608,casteB,caste,1,A,C,C,C,C,C,C,C,C,C,C,C,C,C,C,C,C,C,C,C,1.0
608,casteC,caste,2,B,A,A,A,A,A,A,A,A,A,A,A,A,A,A,A,A,A,A,A,0.95
608,turntakingC,turntaking,3,B,B,B,B,B,B,B,B,B,B,B,B,B,B,B,B,B,B,B,B,0.65
608,casteA,caste,4,D,E,B,D,E,B,D,E,B,D,E,B,D,E,B,D,E,B,D,E,0.0
608,turntakingB,turntaking,5,D,D,D,D,D,D,D,D,D,D,D,D,D,D,D,D,D,D,D,D,0.65
608,turntakingA,turntaking,6,E,E,E,E,E,E,E,E,E,E,E,E,E,E,E,E,E,E,E,E,0.65
609,radicaleqC,radicaleq,1,A,skip,B,B,D,B,A,D,D,C,A,D,C,B,C,B,C,C,A,C,0.4
609,radicaleqB,radicaleq,2,B,D,A,D,A,E,E,A,B,D,B,A,B,A,A,A,A,A,C,D,0.35
609,radicaleqA,radicaleq,3,C,E,C,E,C,D,C,C,A,B,D,C,D,C,B,C,B,B,B,B,0.5
609,random3B,random3,4,B,B,B,B,B,B,A,A,A,E,E,E,E,E,E,E,E,C,C,C,0.45
609,random3C,random3,5,C,E,A,D,A,A,A,D,B,B,B,B,B,B,B,B,E,E,E,E,0.25
609,random3A,random3,6,B,D,C,C,C,C,C,C,C,C,A,C,B,A,A,D,D,D,D,D,0.35
610,casteC,caste,1,A,A,A,A,A,A,A,A,A,A,A,A,A,A,B,C,D,D,D,E,1.0
610,casteA,caste,2,B,B,B,B,B,B,B,B,B,B,B,B,B,C,D,E,E,E,E,D,1.0
610,casteB,caste,3,C,C,C,C,C,C,C,C,C,C,C,C,C,E,E,D,C,C,C,C,1.0
610,casteC,caste,4,D,D,D,D,D,D,D,D,D,D,D,D,D,D,C,B,B,B,B,B,1.0
610,casteB,caste,5,E,E,E,E,E,E,E,E,E,E,E,E,E,B,A,A,A,A,A,A,1.0
610,casteA,caste,6,skip,skip,skip,skip,skip,skip,skip,skip,skip,skip,skip,skip,skip,skip,skip,skip,skip,skip,skip,skip,0.0
611,radicaleqB,radicaleq,1,A,B,skip,E,skip,E,skip,B,skip,A,skip,B,skip,E,skip,D,skip,C,skip,B,0.55
611,radicaleqC,radicaleq,2,B,C,D,A,A,B,D,A,D,B,D,E,A,D,B,C,E,B,D,E,0.05
611,casteC,caste,3,C,C,A,A,E,C,B,C,A,E,B,D,E,A,D,B,C,E,B,D,0.1
611,radicaleqA,radicaleq,4,D,E,C,skip,E,C,B,C,A,E,B,D,E,A,D,B,C,E,B,D,0.1
611,casteB,caste,5,E,E,D,D,C,B,A,A,E,B,C,E,C,D,C,C,A,B,A,E,0.5
611,casteA,caste,6,skip,skip,B,B,A,D,D,E,D,C,D,C,A,C,B,A,E,A,D,A,0.5
612,equalizeA,equalize,1,A,B,B,C,D,E,A,B,C,D,E,A,B,C,D,E,C,B,A,D,0.1
612,equalizeB,equalize,2,B,C,A,D,E,A,B,C,D,E,A,B,C,D,E,C,B,A,D,E,0.05
612,casteB,caste,3,C,C,E,A,B,C,D,E,A,B,C,D,E,A,B,A,D,E,C,B,0.05
612,casteC,caste,4,D,D,A,D,E,A,B,C,D,E,A,B,C,D,E,C,B,A,D,E,0.1
612,equalizeC,equalize,5,E,skip,E,A,B,C,D,E,A,B,C,D,E,A,B,A,D,E,C,B,0.05
612,casteA,caste,6,skip,skip,B,C,D,E,A,B,C,D,E,A,B,C,D,E,C,B,A,D,0.0
613,random3B,random3,1,E,E,E,E,C,C,C,C,C,C,C,C,C,C,C,C,C,C,E,E,0.55
613,radicaleqA,radicaleq,2,B,A,C,B,C,D,B,B,B,C,B,D,C,D,D,D,D,D,D,D,0.4
613,random3A,random3,3,A,A,A,A,A,A,B,B,B,B,B,B,B,B,B,B,B,B,B,B,0.5
613,radicaleqC,radicaleq,4,D,skip,E,E,E,A,E,E,E,E,E,E,E,skip,E,skip,skip,A,A,A,0.5
613,radicaleqB,radicaleq,5,E,D,A,A,A,E,A,A,A,A,A,A,A,E,A,E,C,C,E,B,0.45
613,random3C,random3,6,B,C,C,D,D,D,D,D,D,D,D,D,A,A,A,E,A,A,A,A,0.5
614,turntakingC,turntaking,1,skip,D,D,A,D,D,D,A,A,A,D,C,A,D,A,A,A,A,D,A,0.85
614,randomA,random,2,A,D,A,E,E,A,E,C,B,C,E,D,C,skip,skip,E,C,C,A,skip,0.35
614,turntakingA,turntaking,3,B,B,A,E,E,B,E,D,E,E,B,D,E,A,E,E,E,E,A,B,0.45
614,randomC,random,4,D,skip,A,B,B,E,B,A,E,E,A,skip,B,C,skip,B,D,skip,E,B,0.1
614,randomB,random,5,E,D,C,C,B,C,E,A,C,D,E,A,skip,C,C,E,B,E,skip,C,0.4
614,turntakingB,turntaking,6,E,E,B,B,B,E,B,B,B,B,A,B,B,B,B,B,B,B,E,E,0.45
615,challengerB,challenger,1,A,A,A,A,A,A,A,A,A,A,A,A,A,A,A,A,A,A,A,A,0.0
615,rotateA,rotate,2,B,C,D,E,skip,A,B,C,D,E,skip,A,B,C,D,E,skip,A,B,C,0.7
615,challengerC,challenger,3,A,A,A,A,A,A,A,A,A,A,A,A,A,A,A,A,A,A,A,A,0.0
615,rotateB,rotate,4,D,E,skip,A,B,C,D,E,skip,A,B,C,D,E,skip,A,B,C,D,E,0.7
615,challengerA,challenger,5,A,A,A,A,A,A,A,A,A,A,A,A,A,A,A,A,A,A,A,A,0.0
615,rotateC,rotate,6,skip,A,B,C,D,E,skip,A,B,C,D,E,skip,A,B,C,D,E,skip,A,0.6
616,randomB,random,1,B,B,skip,E,B,E,C,B,D,A,A,C,E,C,B,D,A,C,C,C,0.4
616,randomC,random,2,B,E,E,D,skip,C,D,skip,B,C,skip,E,A,skip,A,E,B,E,skip,D,0.35
616,randomC,random,3,B,D,C,C,C,C,C,skip,B,B,C,B,D,C,skip,B,skip,C,skip,A,0.3
616,randomA,random,4,B,A,skip,skip,B,skip,B,skip,C,A,C,skip,A,skip,D,D,D,E,D,B,0.25
616,randomB,random,5,skip,skip,A,C,D,C,C,D,E,E,A,C,skip,E,skip,A,D,A,D,E,0.4
616,randomA,random,6,E,E,E,A,D,C,E,A,skip,skip,D,B,E,skip,A,B,A,E,D,skip,0.25
617,rotate0C,rotate0,1,A,A,A,A,A,A,A,A,A,A,A,A,A,A,A,A,A,A,A,A,0.0
617,challengerB,challenger,2,A,A,A,A,A,A,A,A,A,A,A,A,A,A,A,A,A,A,A,A,0.0
617,rotate0B,rotate0,3,C,C,C,C,C,C,C,C,C,C,C,C,C,C,C,C,C,C,C,C,1.0
617,challengerA,challenger,4,A,A,A,A,A,A,A,A,A,A,A,A,A,A,A,A,A,A,A,A,0.0
617,rotate0A,rotate0,5,E,E,E,E,E,E,E,E,E,E,E,E,E,E,E,E,E,E,E,E,1.0
617,challengerC,challenger,6,A,A,A,A,A,A,A,A,A,A,A,A,A,A,A,A,A,A,A,A,0.0
618,casteA,caste,1,A,A,A,A,A,A,A,A,A,A,A,A,A,A,B,A,A,A,A,D,1.0
618,casteB,caste,2,B,B,B,B,B,B,B,B,B,B,B,B,B,C,D,D,D,D,D,C,0.9
618,rotate0C,rotate0,3,C,C,C,C,C,C,C,C,C,C,C,C,C,C,C,C,C,C,C,C,0.9
618,casteC,caste,4,D,D,D,D,D,D,D,D,D,D,D,D,D,D,A,B,B,B,B,A,1.0
618,rotate0A,rotate0,5,E,E,E,E,E,E,E,E,E,E,E,E,E,E,E,E,E,E,E,E,1.0
618,rotate0B,rotate0,6,skip,skip,skip,skip,skip,skip,skip,skip,skip,skip,skip,skip,skip,skip,skip,skip,skip,skip,skip,skip,0.0
619,randomB,random,1,skip,C,A,E,C,B,skip,skip,B,C,D,C,E,C,E,D,B,C,E,D,0.3
619,randomC,random,2,E,E,E,C,E,A,C,B,B,skip,D,C,E,B,E,D,C,E,C,B,0.2
619,equalizeC,equalize,3,C,A,B,B,A,D,D,A,B,D,A,A,B,D,E,B,B,B,B,B,0.55
619,randomA,random,4,C,A,D,D,E,E,D,E,C,D,C,E,A,D,C,E,D,E,E,C,0.4
619,equalizeB,equalize,5,E,B,C,A,D,C,C,D,C,E,B,B,D,C,D,D,C,C,A,A,0.65
619,equalizeA,equalize,6,skip,D,E,D,B,A,B,B,A,A,E,E,A,A,A,A,A,A,D,D,0.6
620,rotateC,rotate,1,A,B,C,D,E,skip,A,B,C,D,E,skip,A,B,C,D,E,skip,A,B,0.65
620,challengerB,challenger,2,A,A,A,A,A,A,A,A,A,A,A,A,A,A,A,A,A,A,A,A,0.0
620,rotateB,rotate,3,C,D,E,skip,A,B,C,D,E,skip,A,B,C,D,E,skip,A,B,C,D,0.7
620,challengerA,challenger,4,A,A,A,A,A,A,A,A,A,A,A,A,A,A,A,A,A,A,A,A,0.0
620,rotateA,rotate,5,E,skip,A,B,C,D,E,skip,A,B,C,D,E,skip,A,B,C,D,E,skip,0.65
620,challengerC,challenger,6,A,A,A,A,A,A,A,A,A,A,A,A,A,A,A,A,A,A,A,A,0.0
621,rotateA,rotate,1,A,B,C,D,E,skip,A,B,C,D,E,skip,A,B,C,D,E,skip,A,B,0.55
621,rotateB,rotate,2,B,C,D,E,skip,A,B,C,D,E,skip,A,B,C,D,E,skip,A,B,C,0.5
621,rotate0C,rotate0,3,C,C,C,C,C,C,C,C,C,C,C,C,C,C,C,C,C,C,C,C,0.5
621,rotateC,rotate,4,D,E,skip,A,B,C,D,E,skip,A,B,C,D,E,skip,A,B,C,D,E,0.5
621,rotate0A,rotate0,5,E,E,E,E,E,E,E,E,E,E,E,E,E,E,E,E,E,E,E,E,0.5
621,rotate0B,rotate0,6,skip,skip,skip,skip,skip,skip,skip,skip,skip,skip,skip,skip,skip,skip,skip,skip,skip,skip,skip,skip,0.0
622,casteA,caste,1,A,D,D,E,A,A,D,E,E,A,C,C,A,A,C,A,B,E,B,B,0.6
622,casteC,caste,2,B,E,E,C,C,E,A,D,D,D,D,D,D,D,D,C,C,C,C,A,0.75
622,randomB,random,3,A,B,D,skip,C,C,C,A,E,B,E,C,B,skip,E,A,A,skip,C,B,0.3
622,randomA,random,4,B,C,D,B,C,B,B,skip,C,E,E,E,C,B,D,A,D,E,C,skip,0.25
622,randomC,random,5,E,C,B,E,C,B,skip,skip,E,B,B,D,E,B,D,skip,skip,E,D,B,0.15
622,casteB,caste,6,skip,A,B,A,D,D,E,A,A,B,A,A,C,B,A,E,D,B,D,E,0.6
623,random3B,random3,1,A,A,A,A,A,A,A,A,A,A,C,A,A,A,A,D,D,D,D,D,0.4
623,equalizeA,equalize,2,B,C,E,A,E,E,B,D,E,B,C,E,B,C,A,B,C,D,B,C,0.65
623,random3A,random3,3,B,B,D,D,D,D,D,D,D,D,D,D,D,A,A,A,A,A,A,A,0.4
623,equalizeC,equalize,4,D,A,C,E,B,B,A,E,B,A,E,B,C,A,B,C,D,B,C,D,0.6
623,equalizeB,equalize,5,E,B,D,B,D,C,E,B,C,E,B,A,E,B,C,D,B,C,A,B,0.6
623,random3C,random3,6,D,C,C,C,C,C,C,C,C,D,D,D,D,E,E,E,E,E,E,E,0.55
624,challengerC,challenger,1,A,A,A,A,A,A,A,A,A,A,A,A,A,A,A,A,A,A,A,A,0.0
624,rotate0A,rotate0,2,B,B,B,B,B,B,B,B,B,B,B,B,B,B,B,B,B,B,B,B,1.0
624,challengerA,challenger,3,A,A,A,A,A,A,A,A,A,A,A,A,A,A,A,A,A,A,A,A,0.0
624,rotate0C,rotate0,4,D,D,D,D,D,D,D,D,D,D,D,D,D,D,D,D,D,D,D,D,1.0
624,rotate0B,rotate0,5,E,E,E,E,E,E,E,E,E,E,E,E,E,E,E,E,E,E,E,E,1.0
624,challengerB,challenger,6,A,A,A,A,A,A,A,A,A,A,A,A,A,A,A,A,A,A,A,A,0.0
625,casteB,caste,1,A,A,B,B,B,D,B,A,B,C,A,E,D,B,E,A,C,D,B,E,0.05
625,radicaleqA,radicaleq,2,B,C,A,B,B,D,B,A,B,C,A,E,D,B,E,A,C,D,B,E,0.05
625,casteC,caste,3,C,C,D,D,D,A,E,D,E,D,B,D,A,C,D,C,E,B,C,A,0.5
625,radicaleqB,radicaleq,4,D,E,E,skip,E,skip,A,skip,A,skip,C,skip,E,skip,B,skip,A,skip,D,skip,0.5
625,casteA,caste,5,E,E,A,E,C,C,C,E,C,E,E,B,B,A,A,D,D,E,E,C,0.5
625,radicaleqC,radicaleq,6,skip,A,B,D,C,A,C,D,C,D,E,D,B,C,A,C,D,B,E,A,0.0
626,radicaleqC,radicaleq,1,A,B,E,B,E,C,E,C,A,E,E,E,B,B,B,B,B,B,E,E,0.45
626,random3B,random3,2,A,A,A,C,C,C,B,B,B,B,B,B,B,E,E,E,E,E,E,C,0.55
626,radicaleqB,radicaleq,3,C,skip,A,A,skip,B,A,skip,C,C,D,D,D,C,D,C,C,C,skip,C,0.55
626,radicaleqA,radicaleq,4,D,C,D,D,B,A,D,E,D,D,C,C,C,D,C,D,D,D,D,skip,0.55
626,random3C,random3,5,D,B,E,B,E,E,E,C,C,C,C,C,A,A,A,A,A,A,A,A,0.45
626,random3A,random3,6,D,D,D,D,D,D,D,C,C,C,C,C,C,C,C,E,E,E,E,E,0.15
627,equalizeB,equalize,1,A,B,A,E,D,A,E,B,C,D,A,E,D,C,B,A,E,D,C,B,0.05
627,casteA,caste,2,B,B,D,A,E,B,C,D,A,E,D,C,B,A,E,D,C,B,A,E,0.05
627,casteC,caste,3,C,C,A,E,D,A,E,B,C,D,A,E,D,C,B,A,E,D,C,B,0.1
627,equalizeA,equalize,4,D,E,C,B,C,D,A,E,B,C,B,A,E,D,C,B,A,E,D,C,0.1
627,equalizeC,equalize,5,E,skip,D,A,E,B,C,D,A,E,D,C,B,A,E,D,C,B,A,E,0.05
627,casteB,caste,6,skip,skip,C,B,C,D,A,E,B,C,B,A,E,D,C,B,A,E,D,C,0.0
628,casteB,caste,1,A,A,B,C,E,A,D,C,B,E,C,B,E,C,A,D,C,E,B,A,0.05
628,equalizeA,equalize,2,B,C,D,D,D,B,B,E,C,B,E,C,A,D,C,E,B,A,D,C,0.05
628,casteC,caste,3,C,C,D,D,D,B,B,E,C,B,E,C,A,D,C,E,B,A,D,C,0.05
628,equalizeB,equalize,4,D,E,A,B,C,E,A,D,A,D,A,D,B,E,B,A,D,C,E,B,0.05
628,casteA,caste,5,E,E,A,B,C,E,A,D,A,D,A,D,B,E,B,A,D,C,E,B,0.05
628,equalizeC,equalize,6,skip,A,B,C,E,A,D,C,B,E,C,B,E,C,A,D,C,E,B,A,0.0
629,turntakingB,turntaking,1,skip,E,D,E,E,B,E,E,B,E,E,B,E,E,B,E,E,B,E,E,0.6
629,equalizeA,equalize,2,B,A,C,B,C,A,B,C,A,B,C,A,B,C,A,B,C,A,B,C,0.65
629,turntakingC,turntaking,3,B,B,E,D,D,D,D,D,D,D,D,D,D,D,D,D,D,D,D,D,0.65
629,equalizeB,equalize,4,D,C,E,C,A,D,C,A,D,C,A,D,C,A,D,C,A,D,C,A,0.65
629,turntakingA,turntaking,5,D,D,B,B,B,E,B,B,E,B,B,E,B,B,E,B,B,E,B,B,0.65
629,equalizeC,equalize,6,skip,E,A,A,E,C,A,E,C,A,E,C,A,E,C,A,E,C,A,E,0.6
630,casteA,caste,1,A,A,A,A,A,A,A,A,A,A,A,A,A,A,B,C,D,D,D,E,1.0
630,casteB,caste,2,B,B,B,B,B,B,B,B,B,B,B,B,B,C,D,E,E,E,E,D,1.0
630,casteC,caste,3,C,C,C,C,C,C,C,C,C,C,C,C,C,E,E,D,C,C,C,C,1.0
630,casteB,caste,4,D,D,D,D,D,D,D,D,D,D,D,D,D,D,C,B,B,B,B,B,1.0
630,casteA,caste,5,E,E,E,E,E,E,E,E,E,E,E,E,E,B,A,A,A,A,A,A,1.0
630,casteC,caste,6,skip,skip,skip,skip,skip,skip,skip,skip,skip,skip,skip,skip,skip,skip,skip,skip,skip,skip,skip,skip,0.0
631,randomC,random,1,skip,D,C,D,A,A,skip,C,C,B,B,C,skip,B,E,A,A,B,A,skip,0.55
631,rotateA,rotate,2,B,C,D,E,skip,A,B,C,D,E,skip,A,B,C,D,E,skip,A,B,C,0.45
631,randomA,random,3,D,skip,B,skip,C,skip,C,A,D,A,skip,E,B,D,E,C,B,skip,D,D,0.3
631,randomB,random,4,skip,A,skip,E,D,B,C,skip,skip,skip,A,B,B,E,C,A,skip,A,B,C,0.25
631,rotateB,rotate,5,E,skip,A,B,C,D,E,skip,A,B,C,D,E,skip,A,B,C,D,E,skip,0.7
631,rotateC,rotate,6,skip,A,B,C,D,E,skip,A,B,C,D,E,skip,A,B,C,D,E,skip,A,0.5
632,challengerC,challenger,1,A,A,A,A,A,A,A,A,A,A,A,A,A,A,A,A,A,A,A,A,0.0
632,turntakingA,turntaking,2,A,D,D,E,E,E,C,B,D,E,D,E,E,E,B,B,B,E,D,B,0.95
632,challengerA,challenger,3,A,A,A,A,A,A,A,A,A,A,A,A,A,A,A,A,A,A,A,A,0.0
632,turntakingC,turntaking,4,C,E,B,B,B,B,B,D,B,D,E,D,B,B,D,D,E,D,B,E,1.0
632,turntakingB,turntaking,5,D,C,E,C,D,C,D,E,E,C,B,B,C,D,C,E,C,C,C,C,1.0
632,challengerB,challenger,6,A,A,A,A,A,A,A,A,A,A,A,A,A,A,A,A,A,A,A,A,0.0
633,turntakingC,turntaking,1,skip,D,D,A,B,E,D,C,D,C,C,C,A,C,E,C,E,E,E,C,0.45
633,rotate0A,rotate0,2,B,B,B,B,B,B,B,B,B,B,B,B,B,B,B,B,B,B,B,B,0.5
633,turntakingA,turntaking,3,B,B,B,C,D,A,C,E,C,E,D,B,C,D,C,D,C,D,C,A,0.45
633,rotate0C,rotate0,4,D,D,D,D,D,D,D,D,D,D,D,D,D,D,D,D,D,D,D,D,0.5
633,rotate0B,rotate0,5,E,E,E,E,E,E,E,E,E,E,E,E,E,E,E,E,E,E,E,E,0.35
633,turntakingB,turntaking,6,E,E,E,D,E,C,B,A,B,A,A,A,E,B,A,B,A,B,A,E,0.4
634,turntakingC,turntaking,1,skip,E,E,D,E,B,E,B,E,B,B,E,B,E,B,E,B,E,B,B,0.45
634,turntakingB,turntaking,2,A,B,B,B,B,C,B,C,B,C,C,B,C,B,C,B,C,B,C,C,1.0
634,turntakingA,turntaking,3,B,D,D,E,D,A,D,A,D,A,A,D,A,D,A,D,A,D,A,A,0.5
634,rotate0B,rotate0,4,D,D,D,D,D,D,D,D,D,D,D,D,D,D,D,D,D,D,D,D,0.5
634,rotate0C,rotate0,5,E,E,E,E,E,E,E,E,E,E,E,E,E,E,E,E,E,E,E,E,0.5
634,rotate0A,rotate0,6,skip,skip,skip,skip,skip,skip,skip,skip,skip,skip,skip,skip,skip,skip,skip,skip,skip,skip,skip,skip,0.0
635,random3A,random3,1,E,E,E,B,B,A,A,A,A,C,C,D,E,E,E,E,E,E,E,E,0.35
635,random3B,random3,2,B,B,E,E,E,E,E,E,E,E,E,E,E,E,C,C,C,C,C,E,0.5
635,random3C,random3,3,D,D,D,D,D,D,E,E,D,C,C,C,C,C,C,C,D,D,D,D,0.4
635,equalizeB,equalize,4,D,A,C,B,C,D,A,C,D,C,C,D,A,A,A,A,A,A,A,A,0.6
635,equalizeC,equalize,5,E,C,E,C,A,B,D,B,A,D,B,B,D,D,D,D,D,B,C,B,0.75
635,equalizeA,equalize,6,skip,B,A,A,B,C,C,A,B,B,A,A,B,B,B,B,B,D,B,D,0.7
636,radicaleqC,radicaleq,1,A,C,B,D,C,A,C,D,B,A,B,D,C,B,A,B,A,C,B,B,0.35
636,random3C,random3,2,E,D,D,D,D,D,D,D,B,A,D,D,E,E,E,E,E,B,B,C,0.45
636,random3A,random3,3,B,B,B,B,B,A,A,C,C,C,C,C,C,C,C,C,C,C,D,D,0.45
636,random3B,random3,4,A,A,E,E,E,E,E,E,E,A,A,A,A,D,A,A,A,A,A,A,0.35
636,radicaleqA,radicaleq,5,E,A,D,C,B,C,B,E,E,E,skip,skip,A,D,B,A,D,E,A,C,0.35
636,radicaleqB,radicaleq,6,skip,E,A,skip,E,E,A,C,C,C,D,B,B,C,D,C,E,D,E,E,0.4
637,turntakingA,turntaking,1,skip,E,E,E,C,C,C,E,E,E,E,E,D,D,C,C,E,D,C,E,0.95
637,turntakingB,turntaking,2,A,B,D,B,E,D,B,C,C,D,D,D,C,C,E,E,D,C,E,D,0.95
637,turntakingC,turntaking,3,B,D,C,C,D,B,E,D,D,B,C,C,B,E,B,D,B,B,B,B,1.0
637,challengerB,challenger,4,A,A,A,A,A,A,A,A,A,A,A,A,A,A,A,A,A,A,A,A,0.0
637,challengerC,challenger,5,A,A,A,A,A,A,A,A,A,A,A,A,A,A,A,A,A,A,A,A,0.0
637,challengerA,challenger,6,A,A,A,A,A,A,A,A,A,A,A,A,A,A,A,A,A,A,A,A,0.0
638,randomB,random,1,B,D,D,skip,D,A,A,skip,A,C,E,E,E,A,A,A,skip,skip,E,C,0.45
638,randomA,random,2,A,D,skip,B,A,D,C,A,A,skip,C,C,B,D,C,skip,D,skip,C,skip,0.15
638,rotate0C,rotate0,3,C,C,C,C,C,C,C,C,C,C,C,C,C,C,C,C,C,C,C,C,0.45
638,rotate0B,rotate0,4,D,D,D,D,D,D,D,D,D,D,D,D,D,D,D,D,D,D,D,D,0.35
638,randomC,random,5,A,C,D,C,A,A,D,C,D,C,C,D,D,skip,D,D,C,skip,C,D,0.0
638,rotate0A,rotate0,6,skip,skip,skip,skip,skip,skip,skip,skip,skip,skip,skip,skip,skip,skip,skip,skip,skip,skip,skip,skip,0.0
639,equalizeB,equalize,1,A,B,B,D,A,D,C,B,D,A,E,C,B,D,A,E,C,B,D,A,0.1
639,equalizeC,equalize,2,B,C,A,A,E,C,B,D,A,E,C,B,D,A,E,C,B,D,A,E,0.05
639,casteC,caste,3,C,C,A,A,E,C,B,D,A,E,C,B,D,A,E,C,B,D,A,E,0.05
639,equalizeA,equalize,4,D,E,D,C,B,E,A,E,C,B,D,A,E,C,B,D,A,E,C,B,0.05
639,casteB,caste,5,E,E,D,C,B,E,A,E,C,B,D,A,E,C,B,D,A,E,C,B,0.05
639,casteA,caste,6,skip,skip,B,D,A,D,C,B,D,A,E,C,B,D,A,E,C,B,D,A,0.0
640,turntakingA,turntaking,1,skip,E,B,D,C,C,C,C,B,B,B,C,E,C,D,D,C,E,D,E,0.5
640,randomC,random,2,A,D,E,B,D,D,E,D,C,A,D,C,E,C,skip,E,A,C,D,E,0.2
640,randomB,random,3,D,C,D,B,skip,skip,E,A,D,skip,A,B,D,E,A,E,C,A,B,skip,0.35
640,turntakingB,turntaking,4,C,C,C,E,E,E,E,D,E,C,C,E,D,E,E,E,D,D,E,B,0.55
640,randomA,random,5,B,C,D,D,skip,E,B,D,D,A,B,E,D,C,C,D,E,D,C,D,0.2
640,turntakingC,turntaking,6,E,B,E,C,D,D,D,E,C,E,E,D,C,B,C,C,B,C,C,A,0.65
641,turntakingA,turntaking,1,skip,B,B,B,C,E,E,E,E,E,C,C,B,E,C,E,E,C,C,E,0.5
641,rotateC,rotate,2,B,C,D,E,skip,A,B,C,D,E,skip,A,B,C,D,E,skip,A,B,C,0.35
641,rotateB,rotate,3,C,D,E,skip,A,B,C,D,E,skip,A,B,C,D,E,skip,A,B,C,D,0.4
641,turntakingB,turntaking,4,C,C,C,C,B,B,C,C,C,C,D,B,E,B,B,B,B,B,B,B,0.5
641,rotateA,rotate,5,E,skip,A,B,C,D,E,skip,A,B,C,D,E,skip,A,B,C,D,E,skip,0.3
641,turntakingC,turntaking,6,E,E,E,E,E,C,B,B,B,B,B,E,D,C,E,C,C,E,E,C,0.5
642,rotate0C,rotate0,1,A,A,A,A,A,A,A,A,A,A,A,A,A,A,A,A,A,A,A,A,0.95
642,casteA,caste,2,B,B,B,B,B,B,B,B,B,B,B,B,B,C,C,B,B,B,B,B,1.0
642,casteB,caste,3,C,C,C,C,C,C,C,C,C,C,C,C,C,E,D,C,C,C,C,C,0.95
642,casteC,caste,4,D,D,D,D,D,D,D,D,D,D,D,D,D,D,A,D,D,D,D,D,0.95
642,rotate0A,rotate0,5,E,E,E,E,E,E,E,E,E,E,E,E,E,E,E,E,E,E,E,E,0.95
642,rotate0B,rotate0,6,skip,skip,skip,skip,skip,skip,skip,skip,skip,skip,skip,skip,skip,skip,skip,skip,skip,skip,skip,skip,0.0
643,casteC,caste,1,A,B,B,B,B,B,B,B,E,B,D,E,E,E,E,E,E,E,E,E,0.7
643,random3A,random3,2,C,C,C,C,C,C,C,C,C,C,C,C,C,C,C,B,B,B,B,B,0.65
643,casteA,caste,3,C,D,D,D,D,D,D,D,D,D,E,D,D,D,D,D,D,D,D,D,0.8
643,random3C,random3,4,C,D,D,C,A,A,E,B,B,B,B,B,B,B,C,B,B,B,E,E,0.1
643,random3B,random3,5,A,A,A,A,A,A,A,A,A,A,E,E,A,A,A,B,A,A,A,A,0.5
643,casteB,caste,6,skip,E,E,E,E,E,E,E,B,A,B,C,A,B,A,B,A,C,C,C,0.45
644,random3A,random3,1,B,B,D,D,A,A,A,A,D,C,C,C,C,C,C,C,B,B,E,B,0.2
644,random3C,random3,2,E,E,E,E,E,E,E,E,E,E,E,B,E,E,E,E,E,E,E,B,0.6
644,equalizeC,equalize,3,C,B,A,D,A,C,A,A,C,C,A,A,A,A,A,A,A,A,B,B,0.65
644,equalizeA,equalize,4,D,C,B,B,B,D,C,C,A,A,B,B,B,C,E,C,B,B,A,A,0.65
644,equalizeB,equalize,5,E,A,C,C,C,B,B,B,B,B,E,C,C,E,B,B,D,C,C,C,0.7
644,random3B,random3,6,E,E,D,D,D,D,D,D,D,D,D,D,D,D,D,D,D,D,D,D,0.65
645,randomA,random,1,A,A,B,C,E,skip,skip,E,skip,skip,skip,E,D,E,D,E,E,A,A,D,0.25
645,randomB,random,2,B,A,C,E,A,skip,A,D,skip,D,D,E,E,E,C,C,A,D,C,E,0.2
645,casteB,caste,3,C,B,E,E,E,B,B,B,C,C,C,C,C,C,C,A,A,D,C,D,0.65
645,casteC,caste,4,D,C,B,A,D,D,C,E,D,B,B,B,A,B,A,B,E,A,D,E,0.6
645,randomC,random,5,D,skip,C,A,A,A,skip,A,D,D,E,skip,skip,D,D,C,B,E,E,skip,0.3
645,casteA,caste,6,skip,D,C,D,B,E,E,D,B,E,A,A,B,A,B,C,B,C,B,B,0.75
646,radicaleqB,radicaleq,1,A,B,A,C,D,skip,A,C,D,B,E,skip,D,C,B,E,A,skip,D,B,0.85
646,radicaleqC,radicaleq,2,B,C,D,E,skip,A,C,D,B,E,skip,D,C,B,E,A,skip,D,B,C,0.85
646,radicaleqA,radicaleq,3,C,D,E,skip,A,C,D,B,E,skip,D,C,B,E,A,skip,D,B,C,E,0.85
646,radicaleqA,radicaleq,4,D,E,skip,A,C,D,B,E,skip,D,C,B,E,A,skip,D,B,C,E,A,0.85
646,radicaleqB,radicaleq,5,E,skip,B,B,B,B,E,skip,C,C,B,E,A,skip,D,B,C,E,A,skip,0.8
646,radicaleqC,radicaleq,6,skip,A,C,D,E,E,skip,A,A,A,A,A,skip,D,C,C,E,A,skip,D,0.8
647,randomC,random,1,skip,D,E,A,skip,A,D,skip,D,A,C,E,A,B,E,D,skip,E,E,C,0.3
647,randomC,random,2,skip,B,A,E,E,skip,C,B,skip,A,C,D,A,B,A,C,skip,C,E,E,0.2
647,randomA,random,3,D,skip,E,B,E,B,E,skip,A,skip,C,C,A,C,E,C,skip,C,E,A,0.35
647,randomA,random,4,B,A,skip,A,A,B,D,A,B,D,E,E,skip,E,C,C,skip,D,A,skip,0.3
647,randomB,random,5,A,B,E,E,C,B,A,B,C,E,skip,E,B,E,C,B,D,B,skip,skip,0.4
647,randomB,random,6,C,E,skip,A,C,skip,B,A,B,D,A,skip,skip,A,skip,skip,E,C,skip,E,0.3
648,turntakingC,turntaking,1,skip,D,A,B,A,D,B,C,C,C,B,D,D,C,B,B,C,D,D,C,0.65
648,equalizeA,equalize,2,B,B,E,D,A,E,E,E,A,C,E,A,D,E,A,B,E,A,D,E,0.65
648,equalizeC,equalize,3,C,A,D,A,E,A,B,A,B,E,A,B,E,A,C,E,A,C,E,A,0.65
648,turntakingA,turntaking,4,C,C,D,D,C,C,D,D,D,D,C,C,B,D,D,D,B,B,B,D,0.6
648,turntakingB,turntaking,5,D,B,C,C,D,B,C,B,B,B,D,B,C,B,C,C,D,C,C,B,0.65
648,equalizeB,equalize,6,skip,E,C,E,B,B,A,D,E,A,C,E,A,D,E,A,B,E,A,D,0.6
649,equalizeA,equalize,1,A,B,A,C,D,skip,A,C,D,B,E,skip,D,C,B,E,A,skip,D,B,0.85
649,equalizeC,equalize,2,B,C,D,E,skip,A,C,D,B,E,skip,D,C,B,E,A,skip,D,B,C,0.85
649,equalizeA,equalize,3,C,D,E,skip,A,C,D,B,E,skip,D,C,B,E,A,skip,D,B,C,E,0.85
649,equalizeB,equalize,4,D,E,skip,A,C,D,B,E,skip,D,C,B,E,A,skip,D,B,C,E,A,0.85
649,equalizeB,equalize,5,E,skip,B,B,B,B,E,skip,C,C,B,E,A,skip,D,B,C,E,A,skip,0.8
649,equalizeC,equalize,6,skip,A,C,D,E,E,skip,A,A,A,A,A,skip,D,C,C,E,A,skip,D,0.8
650,turntakingA,turntaking,1,skip,B,E,C,D,B,D,D,D,D,D,D,D,D,D,D,D,D,D,D,0.6
650,equalizeC,equalize,2,B,B,A,D,C,D,C,D,A,C,D,A,C,D,A,C,D,A,C,D,0.65
650,equalizeB,equalize,3,C,A,D,A,A,C,E,A,C,E,A,C,E,A,C,E,A,C,E,A,0.65
650,turntakingB,turntaking,4,C,C,D,E,E,D,B,B,B,B,B,B,B,B,B,B,B,B,B,B,0.65
650,equalizeA,equalize,5,E,D,B,B,D,A,A,C,B,A,C,B,A,C,B,A,C,B,A,C,0.65
650,turntakingC,turntaking,6,E,E,C,B,B,E,E,E,E,E,E,E,E,E,E,E,E,E,E,E,0.65
651,turntakingB,turntaking,1,skip,C,D,C,C,C,C,C,C,C,C,C,C,A,A,C,C,A,A,C,0.55
651,turntakingA,turntaking,2,A,A,E,A,A,A,A,A,A,A,D,D,A,C,C,A,A,C,C,A,0.5
651,radicaleqC,radicaleq,3,C,skip,A,A,B,E,A,E,A,E,A,B,C,B,C,B,C,B,C,B,0.5
651,radicaleqB,radicaleq,4,D,E,C,skip,A,C,B,C,B,C,B,E,D,E,D,E,D,E,D,E,0.5
651,turntakingC,turntaking,5,D,D,A,D,D,D,D,D,D,D,A,A,D,D,D,D,D,D,D,D,0.5
651,radicaleqA,radicaleq,6,skip,C,E,B,E,D,E,D,E,D,E,D,B,A,B,A,B,A,B,A,0.45
652,equalizeA,equalize,1,A,B,A,C,D,skip,A,C,D,B,E,skip,D,C,B,E,A,skip,D,B,0.85
652,equalizeB,equalize,2,B,C,D,E,skip,A,C,D,B,E,skip,D,C,B,E,A,skip,D,B,C,0.85
652,equalizeA,equalize,3,C,D,E,skip,A,C,D,B,E,skip,D,C,B,E,A,skip,D,B,C,E,0.85
652,equalizeC,equalize,4,D,E,skip,A,C,D,B,E,skip,D,C,B,E,A,skip,D,B,C,E,A,0.85
652,equalizeC,equalize,5,E,skip,B,B,B,B,E,skip,C,C,B,E,A,skip,D,B,C,E,A,skip,0.8
652,equalizeB,equalize,6,skip,A,C,D,E,E,skip,A,A,A,A,A,skip,D,C,C,E,A,skip,D,0.8
653,challengerC,challenger,1,A,A,A,A,A,A,A,A,A,A,A,A,A,A,A,A,A,A,A,A,0.0
653,casteC,caste,2,B,E,E,E,E,D,D,B,D,B,E,C,D,B,E,C,D,B,E,C,1.0
653,casteA,caste,3,C,B,D,C,B,E,E,C,B,E,C,D,B,E,C,D,B,E,C,D,1.0
653,casteB,caste,4,D,C,B,D,C,B,C,D,E,C,D,B,E,C,D,B,E,C,D,B,1.0
653,challengerA,challenger,5,A,A,A,A,A,A,A,A,A,A,A,A,A,A,A,A,A,A,A,A,0.0
653,challengerB,challenger,6,A,A,A,A,A,A,A,A,A,A,A,A,A,A,A,A,A,A,A,A,0.0
654,rotateC,rotate,1,A,B,C,D,E,skip,A,B,C,D,E,skip,A,B,C,D,E,skip,A,B,0.65
654,challengerA,challenger,2,A,A,A,A,A,A,A,A,A,A,A,A,A,A,A,A,A,A,A,A,0.0
654,challengerB,challenger,3,A,A,A,A,A,A,A,A,A,A,A,A,A,A,A,A,A,A,A,A,0.0
654,challengerC,challenger,4,A,A,A,A,A,A,A,A,A,A,A,A,A,A,A,A,A,A,A,A,0.0
654,rotateA,rotate,5,E,skip,A,B,C,D,E,skip,A,B,C,D,E,skip,A,B,C,D,E,skip,0.65
654,rotateB,rotate,6,skip,A,B,C,D,E,skip,A,B,C,D,E,skip,A,B,C,D,E,skip,A,0.6
655,rotateC,rotate,1,A,B,C,D,E,skip,A,B,C,D,E,skip,A,B,C,D,E,skip,A,B,0.65
655,challengerA,challenger,2,A,A,A,A,A,A,A,A,A,A,A,A,A,A,A,A,A,A,A,A,0.0
655,rotateA,rotate,3,C,D,E,skip,A,B,C,D,E,skip,A,B,C,D,E,skip,A,B,C,D,0.7
655,rotateB,rotate,4,D,E,skip,A,B,C,D,E,skip,A,B,C,D,E,skip,A,B,C,D,E,0.7
655,challengerB,challenger,5,A,A,A,A,A,A,A,A,A,A,A,A,A,A,A,A,A,A,A,A,0.0
655,challengerC,challenger,6,A,A,A,A,A,A,A,A,A,A,A,A,A,A,A,A,A,A,A,A,0.0
656,turntakingC,turntaking,1,skip,E,C,B,A,A,skip,E,E,E,E,E,skip,B,C,C,A,E,skip,B,0.8
656,turntakingC,turntaking,2,A,skip,D,D,D,D,A,skip,C,C,D,A,E,skip,B,D,C,A,E,skip,0.8
656,turntakingB,turntaking,3,B,A,skip,E,C,B,D,A,skip,B,C,D,A,E,skip,B,D,C,A,E,0.85
656,turntakingA,turntaking,4,C,B,A,skip,E,C,B,D,A,skip,B,C,D,A,E,skip,B,D,C,A,0.85
656,turntakingA,turntaking,5,D,C,B,A,skip,E,C,B,D,A,skip,B,C,D,A,E,skip,B,D,C,0.85
656,turntakingB,turntaking,6,E,D,E,C,B,skip,E,C,B,D,A,skip,B,C,D,A,E,skip,B,D,0.85
657,turntakingB,turntaking,1,skip,C,E,B,C,C,D,D,E,D,D,D,D,B,E,E,E,D,B,E,0.95
657,challengerA,challenger,2,A,A,A,A,A,A,A,A,A,A,A,A,A,A,A,A,A,A,A,A,0.0
657,challengerC,challenger,3,A,A,A,A,A,A,A,A,A,A,A,A,A,A,A,A,A,A,A,A,0.0
657,turntakingA,turntaking,4,C,B,B,C,D,E,E,E,D,E,B,B,B,E,B,D,D,B,E,D,1.0
657,turntakingC,turntaking,5,D,E,D,E,B,D,B,B,C,B,C,E,E,C,D,C,B,C,C,C,1.0
657,challengerB,challenger,6,A,A,A,A,A,A,A,A,A,A,A,A,A,A,A,A,A,A,A,A,0.0
658,casteC,caste,1,A,A,A,A,A,A,A,A,A,A,A,A,A,A,E,E,E,E,E,D,1.0
658,rotate0A,rotate0,2,B,B,B,B,B,B,B,B,B,B,B,B,B,B,B,B,B,B,B,B,0.95
658,rotate0C,rotate0,3,C,C,C,C,C,C,C,C,C,C,C,C,C,C,C,C,C,C,C,C,0.9
658,casteA,caste,4,D,D,D,D,D,D,D,D,D,D,D,D,D,D,A,D,D,D,D,E,1.0
658,casteB,caste,5,E,E,E,E,E,E,E,E,E,E,E,E,E,B,C,A,A,A,A,C,0.85
658,rotate0B,rotate0,6,skip,skip,skip,skip,skip,skip,skip,skip,skip,skip,skip,skip,skip,skip,skip,skip,skip,skip,skip,skip,0.0
659,rotate0C,rotate0,1,A,A,A,A,A,A,A,A,A,A,A,A,A,A,A,A,A,A,A,A,0.55
659,randomB,random,2,A,D,E,D,A,E,C,D,E,D,D,B,D,A,C,D,A,A,A,C,0.3
659,rotate0B,rotate0,3,C,C,C,C,C,C,C,C,C,C,C,C,C,C,C,C,C,C,C,C,0.6
659,randomA,random,4,B,B,C,skip,C,D,E,E,D,B,A,E,C,E,D,E,A,skip,A,A,0.25
659,rotate0A,rotate0,5,E,E,E,E,E,E,E,E,E,E,E,E,E,E,E,E,E,E,E,E,0.45
659,randomC,random,6,A,B,C,E,A,C,A,D,C,skip,A,skip,D,D,C,B,E,D,E,D,0.2
660,random3C,random3,1,D,D,A,C,C,B,B,B,B,B,B,B,B,B,B,B,B,C,C,A,0.2
660,turntakingA,turntaking,2,A,B,A,A,D,A,D,A,A,A,A,A,C,A,C,A,A,A,C,C,0.7
660,random3A,random3,3,D,D,D,D,D,D,D,D,D,B,B,B,B,B,B,D,D,D,D,D,0.3
660,random3B,random3,4,C,C,A,A,A,B,A,A,E,E,D,D,D,D,E,E,E,E,E,E,0.45
660,turntakingB,turntaking,5,D,E,B,C,A,C,A,C,D,C,D,D,A,D,A,D,D,D,B,B,0.45
660,turntakingC,turntaking,6,E,C,E,E,C,E,C,E,C,E,C,C,B,B,B,B,B,B,A,A,0.55
661,random3A,random3,1,D,D,B,B,B,B,B,A,E,E,C,C,C,C,C,C,C,C,C,C,0.5
661,randomC,random,2,B,D,C,C,E,skip,B,B,skip,D,B,skip,E,B,E,E,E,D,B,skip,0.25
661,randomB,random,3,skip,A,B,D,A,E,skip,A,skip,D,skip,E,B,C,D,D,A,E,E,B,0.25
661,random3B,random3,4,E,E,E,E,E,E,D,D,D,D,D,D,D,D,D,D,D,D,D,D,0.65
661,randomA,random,5,E,skip,B,C,A,A,C,C,C,D,C,E,skip,skip,B,C,skip,A,B,C,0.15
661,random3C,random3,6,C,C,C,C,C,C,C,C,E,E,E,E,E,E,E,E,A,A,B,B,0.3
662,rotate0B,rotate0,1,A,A,A,A,A,A,A,A,A,A,A,A,A,A,A,A,A,A,A,A,0.45
662,randomA,random,2,E,C,E,B,A,D,B,skip,D,D,C,E,B,A,E,A,skip,A,C,A,0.15
662,randomC,random,3,D,A,skip,D,E,C,B,skip,D,A,E,A,B,skip,skip,C,C,A,D,E,0.15
662,rotate0A,rotate0,4,D,D,D,D,D,D,D,D,D,D,D,D,D,D,D,D,D,D,D,D,0.55
662,rotate0C,rotate0,5,E,E,E,E,E,E,E,E,E,E,E,E,E,E,E,E,E,E,E,E,0.6
662,randomB,random,6,A,skip,A,D,E,skip,B,skip,B,skip,C,D,B,E,B,D,skip,A,A,D,0.1
663,rotate0B,rotate0,1,A,A,A,A,A,A,A,A,A,A,A,A,A,A,A,A,A,A,A,A,0.0
663,challengerA,challenger,2,A,A,A,A,A,A,A,A,A,A,A,A,A,A,A,A,A,A,A,A,0.0
663,rotate0A,rotate0,3,C,C,C,C,C,C,C,C,C,C,C,C,C,C,C,C,C,C,C,C,1.0
663,challengerC,challenger,4,A,A,A,A,A,A,A,A,A,A,A,A,A,A,A,A,A,A,A,A,0.0
663,challengerB,challenger,5,A,A,A,A,A,A,A,A,A,A,A,A,A,A,A,A,A,A,A,A,0.0
663,rotate0C,rotate0,6,skip,skip,skip,skip,skip,skip,skip,skip,skip,skip,skip,skip,skip,skip,skip,skip,skip,skip,skip,skip,0.0
664,rotateA,rotate,1,A,B,C,D,E,skip,A,B,C,D,E,skip,A,B,C,D,E,skip,A,B,0.65
664,rotateC,rotate,2,B,C,D,E,skip,A,B,C,D,E,skip,A,B,C,D,E,skip,A,B,C,0.7
664,challengerC,challenger,3,A,A,A,A,A,A,A,A,A,A,A,A,A,A,A,A,A,A,A,A,0.0
664,challengerA,challenger,4,A,A,A,A,A,A,A,A,A,A,A,A,A,A,A,A,A,A,A,A,0.0
664,challengerB,challenger,5,A,A,A,A,A,A,A,A,A,A,A,A,A,A,A,A,A,A,A,A,0.0
664,rotateB,rotate,6,skip,A,B,C,D,E,skip,A,B,C,D,E,skip,A,B,C,D,E,skip,A,0.6
665,randomC,random,1,A,skip,skip,A,D,E,A,C,D,A,A,C,C,A,A,D,C,E,A,E,0.3
665,randomB,random,2,C,A,skip,A,E,D,E,C,B,skip,skip,A,A,A,C,E,C,E,B,skip,0.3
665,randomA,random,3,skip,E,C,B,E,skip,skip,C,E,D,B,C,C,D,B,E,skip,skip,B,E,0.2
665,rotate0B,rotate0,4,D,D,D,D,D,D,D,D,D,D,D,D,D,D,D,D,D,D,D,D,0.7
665,rotate0C,rotate0,5,E,E,E,E,E,E,E,E,E,E,E,E,E,E,E,E,E,E,E,E,0.6
665,rotate0A,rotate0,6,skip,skip,skip,skip,skip,skip,skip,skip,skip,skip,skip,skip,skip,skip,skip,skip,skip,skip,skip,skip,0.0
666,randomB,random,1,D,C,B,D,E,B,A,A,B,D,D,B,B,D,C,skip,C,skip,C,D,0.25
666,turntakingA,turntaking,2,A,A,B,A,A,B,B,A,A,B,D,B,A,B,B,A,A,B,B,C,0.55
666,turntakingC,turntaking,3,B,D,D,D,D,D,D,D,D,A,B,A,B,D,A,B,D,D,A,B,0.5
666,randomA,random,4,B,B,A,C,E,skip,D,E,E,A,C,A,D,E,skip,D,D,skip,skip,C,0.35
666,randomC,random,5,D,A,D,skip,C,skip,skip,C,B,C,D,D,C,A,B,A,B,A,A,skip,0.25
666,turntakingB,turntaking,6,E,E,A,B,B,A,A,B,B,D,A,E,E,A,E,D,B,A,D,E,0.6
667,random3A,random3,1,E,E,E,E,E,E,E,E,E,E,E,E,E,E,C,C,E,E,E,C,0.4
667,random3B,random3,2,A,A,A,A,D,D,D,B,B,B,B,A,A,A,D,D,D,A,A,A,0.4
667,random3C,random3,3,C,C,C,C,D,A,A,A,D,D,D,D,B,B,B,B,E,E,E,E,0.45
667,rotateB,rotate,4,D,E,skip,A,B,C,D,E,skip,A,B,C,D,E,skip,A,B,C,D,E,0.5
667,rotateC,rotate,5,E,skip,A,B,C,D,E,skip,A,B,C,D,E,skip,A,B,C,D,E,skip,0.35
667,rotateA,rotate,6,skip,A,B,C,D,E,skip,A,B,C,D,E,skip,A,B,C,D,E,skip,A,0.1
668,rotateC,rotate,1,A,B,C,D,E,skip,A,B,C,D,E,skip,A,B,C,D,E,skip,A,B,0.3
668,turntakingB,turntaking,2,A,A,A,A,A,A,A,A,A,A,A,A,A,A,A,A,A,A,A,E,0.5
668,rotateB,rotate,3,C,D,E,skip,A,B,C,D,E,skip,A,B,C,D,E,skip,A,B,C,D,0.3
668,turntakingA,turntaking,4,C,C,C,C,C,C,C,C,C,C,C,C,C,C,C,C,C,C,C,B,0.45
668,rotateA,rotate,5,E,skip,A,B,C,D,E,skip,A,B,C,D,E,skip,A,B,C,D,E,skip,0.3
668,turntakingC,turntaking,6,E,E,E,E,E,E,E,E,E,E,E,E,E,E,E,E,E,E,E,D,0.45
669,casteA,caste,1,A,A,A,A,A,A,A,A,A,A,A,A,A,A,B,A,A,A,A,A,1.0
669,casteC,caste,2,B,B,B,B,B,B,B,B,B,B,B,B,B,C,D,B,B,B,B,B,0.9
669,rotate0B,rotate0,3,C,C,C,C,C,C,C,C,C,C,C,C,C,C,C,C,C,C,C,C,0.85
669,rotate0A,rotate0,4,D,D,D,D,D,D,D,D,D,D,D,D,D,D,D,D,D,D,D,D,0.85
669,rotate0C,rotate0,5,E,E,E,E,E,E,E,E,E,E,E,E,E,E,E,E,E,E,E,E,0.9
669,casteB,caste,6,skip,skip,skip,skip,skip,skip,skip,skip,skip,skip,skip,skip,skip,skip,E,C,D,E,C,D,0.0
670,turntakingC,turntaking,1,skip,D,D,B,C,C,B,D,D,B,B,B,C,C,C,D,D,D,B,B,0.65
670,casteA,caste,2,B,A,A,A,A,A,A,A,A,A,A,A,A,A,A,A,A,A,A,A,1.0
670,casteC,caste,3,C,E,E,E,E,E,E,E,E,E,E,E,E,E,E,E,E,E,E,E,0.95
670,turntakingA,turntaking,4,C,C,C,D,D,D,C,C,C,D,D,D,B,B,B,C,C,C,D,D,0.65
670,turntakingB,turntaking,5,D,B,B,C,B,B,D,B,B,C,C,C,D,D,D,B,B,B,C,C,0.65
670,casteB,caste,6,skip,B,D,D,B,C,C,B,D,D,C,B,B,D,C,C,B,D,D,C,0.0
671,challengerC,challenger,1,A,A,A,A,A,A,A,A,A,A,A,A,A,A,A,A,A,A,A,A,0.0
671,equalizeB,equalize,2,B,B,B,B,D,E,E,B,B,D,E,E,B,D,D,E,B,B,D,E,1.0
671,challengerB,challenger,3,A,A,A,A,A,A,A,A,A,A,A,A,A,A,A,A,A,A,A,A,0.0
671,challengerA,challenger,4,A,A,A,A,A,A,A,A,A,A,A,A,A,A,A,A,A,A,A,A,0.0
671,equalizeC,equalize,5,E,E,E,E,B,B,D,E,E,B,D,D,E,B,B,D,E,E,B,D,1.0
671,equalizeA,equalize,6,skip,D,D,D,C,D,C,C,D,C,C,B,C,C,E,C,C,D,C,C,0.95
672,challengerA,challenger,1,A,A,A,A,A,A,A,A,A,A,A,A,A,A,A,A,A,A,A,A,0.0
672,challengerB,challenger,2,A,A,A,A,A,A,A,A,A,A,A,A,A,A,A,A,A,A,A,A,0.0
672,radicaleqC,radicaleq,3,C,A,E,skip,A,E,skip,A,E,skip,A,E,skip,A,E,skip,A,E,skip,A,0.35
672,challengerC,challenger,4,A,A,A,A,A,A,A,A,A,A,A,A,A,A,A,A,A,A,A,A,0.0
672,radicaleqA,radicaleq,5,E,skip,A,E,skip,A,E,skip,A,E,skip,A,E,skip,A,E,skip,A,E,skip,0.35
672,radicaleqB,radicaleq,6,skip,E,skip,A,E,skip,A,E,skip,A,E,skip,A,E,skip,A,E,skip,A,E,0.35
673,challengerC,challenger,1,A,A,A,A,A,A,A,A,A,A,A,A,A,A,A,A,A,A,A,A,0.0
673,challengerB,challenger,2,A,A,A,A,A,A,A,A,A,A,A,A,A,A,A,A,A,A,A,A,0.0
673,challengerA,challenger,3,A,A,A,A,A,A,A,A,A,A,A,A,A,A,A,A,A,A,A,A,0.0
673,challengerB,challenger,4,A,A,A,A,A,A,A,A,A,A,A,A,A,A,A,A,A,A,A,A,0.0
673,challengerA,challenger,5,A,A,A,A,A,A,A,A,A,A,A,A,A,A,A,A,A,A,A,A,0.0
673,challengerC,challenger,6,A,A,A,A,A,A,A,A,A,A,A,A,A,A,A,A,A,A,A,A,0.0
674,rotateA,rotate,1,A,B,C,D,E,skip,A,B,C,D,E,skip,A,B,C,D,E,skip,A,B,0.4
674,rotateC,rotate,2,B,C,D,E,skip,A,B,C,D,E,skip,A,B,C,D,E,skip,A,B,C,0.35
674,rotate0B,rotate0,3,C,C,C,C,C,C,C,C,C,C,C,C,C,C,C,C,C,C,C,C,0.5
674,rotate0A,rotate0,4,D,D,D,D,D,D,D,D,D,D,D,D,D,D,D,D,D,D,D,D,0.55
674,rotate0C,rotate0,5,E,E,E,E,E,E,E,E,E,E,E,E,E,E,E,E,E,E,E,E,0.55
674,rotateB,rotate,6,skip,A,B,C,D,E,skip,A,B,C,D,E,skip,A,B,C,D,E,skip,A,0.35
675,casteC,caste,1,A,C,C,C,C,C,C,C,C,C,C,C,C,C,C,E,E,E,E,E,0.95
675,turntakingB,turntaking,2,A,A,A,A,A,A,A,A,A,A,A,A,A,A,A,A,A,A,A,A,0.65
675,turntakingA,turntaking,3,B,B,D,D,D,B,B,B,D,D,D,B,B,B,D,D,D,B,B,B,0.65
675,casteB,caste,4,D,E,E,E,E,E,E,E,E,E,E,E,E,E,E,C,C,C,C,C,0.95
675,turntakingC,turntaking,5,D,D,B,B,B,D,D,D,B,B,B,D,D,D,B,B,B,D,D,D,0.65
675,casteA,caste,6,skip,B,A,B,D,A,D,B,A,B,D,A,D,B,A,B,D,A,D,B,0.0
676,challengerC,challenger,1,A,A,A,A,A,A,A,A,A,A,A,A,A,A,A,A,A,A,A,A,0.0
676,randomC,random,2,skip,C,D,A,skip,C,C,C,C,skip,E,D,skip,D,B,skip,B,E,B,D,0.55
676,randomA,random,3,A,A,B,E,skip,C,skip,B,A,C,D,skip,A,A,skip,D,C,D,E,skip,0.3
676,randomB,random,4,D,E,C,skip,C,B,A,B,B,skip,A,C,E,E,D,E,B,D,E,D,0.55
676,challengerA,challenger,5,A,A,A,A,A,A,A,A,A,A,A,A,A,A,A,A,A,A,A,A,0.0
676,challengerB,challenger,6,A,A,A,A,A,A,A,A,A,A,A,A,A,A,A,A,A,A,A,A,0.0
677,radicaleqC,radicaleq,1,A,B,C,E,D,skip,E,D,E,B,D,E,B,D,E,B,D,E,B,D,0.4
677,rotate0B,rotate0,2,B,B,B,B,B,B,B,B,B,B,B,B,B,B,B,B,B,B,B,B,0.4
677,radicaleqB,radicaleq,3,C,D,skip,B,E,D,skip,E,D,skip,E,D,skip,E,D,skip,E,D,skip,E,0.35
677,radicaleqA,radicaleq,4,D,E,B,D,B,E,D,skip,B,D,skip,B,D,skip,B,D,skip,B,D,skip,0.35
677,rotate0C,rotate0,5,E,E,E,E,E,E,E,E,E,E,E,E,E,E,E,E,E,E,E,E,0.3
677,rotate0A,rotate0,6,skip,skip,skip,skip,skip,skip,skip,skip,skip,skip,skip,skip,skip,skip,skip,skip,skip,skip,skip,skip,0.0
678,random3A,random3,1,E,E,C,C,C,C,D,B,B,B,B,C,C,C,C,C,B,B,B,B,0.4
678,random3B,random3,2,A,A,C,C,E,E,D,D,D,D,D,C,A,A,A,A,A,A,A,A,0.3
678,rotateB,rotate,3,C,D,E,skip,A,B,C,D,E,skip,A,B,C,D,E,skip,A,B,C,D,0.55
678,rotateC,rotate,4,D,E,skip,A,B,C,D,E,skip,A,B,C,D,E,skip,A,B,C,D,E,0.35
678,random3C,random3,5,B,B,B,B,B,B,A,A,A,A,E,E,A,A,A,D,D,D,D,D,0.4
678,rotateA,rotate,6,skip,A,B,C,D,E,skip,A,B,C,D,E,skip,A,B,C,D,E,skip,A,0.2
679,rotate0B,rotate0,1,A,A,A,A,A,A,A,A,A,A,A,A,A,A,A,A,A,A,A,A,1.0
679,rotate0A,rotate0,2,B,B,B,B,B,B,B,B,B,B,B,B,B,B,B,B,B,B,B,B,1.0
679,rotate0A,rotate0,3,C,C,C,C,C,C,C,C,C,C,C,C,C,C,C,C,C,C,C,C,1.0
679,rotate0C,rotate0,4,D,D,D,D,D,D,D,D,D,D,D,D,D,D,D,D,D,D,D,D,1.0
679,rotate0C,rotate0,5,E,E,E,E,E,E,E,E,E,E,E,E,E,E,E,E,E,E,E,E,1.0
679,rotate0B,rotate0,6,skip,skip,skip,skip,skip,skip,skip,skip,skip,skip,skip,skip,skip,skip,skip,skip,skip,skip,skip,skip,0.0
680,equalizeA,equalize,1,A,B,A,C,D,skip,A,C,D,B,E,skip,D,C,B,E,A,skip,D,B,0.85
680,equalizeB,equalize,2,B,C,D,E,skip,A,C,D,B,E,skip,D,C,B,E,A,skip,D,B,C,0.85
680,equalizeC,equalize,3,C,D,E,skip,A,C,D,B,E,skip,D,C,B,E,A,skip,D,B,C,E,0.85
680,equalizeB,equalize,4,D,E,skip,A,C,D,B,E,skip,D,C,B,E,A,skip,D,B,C,E,A,0.85
680,equalizeC,equalize,5,E,skip,B,B,B,B,E,skip,C,C,B,E,A,skip,D,B,C,E,A,skip,0.8
680,equalizeA,equalize,6,skip,A,C,D,E,E,skip,A,A,A,A,A,skip,D,C,C,E,A,skip,D,0.8
681,challengerC,challenger,1,A,A,A,A,A,A,A,A,A,A,A,A,A,A,A,A,A,A,A,A,0.0
681,rotateA,rotate,2,B,C,D,E,skip,A,B,C,D,E,skip,A,B,C,D,E,skip,A,B,C,0.7
681,challengerA,challenger,3,A,A,A,A,A,A,A,A,A,A,A,A,A,A,A,A,A,A,A,A,0.0
681,rotateC,rotate,4,D,E,skip,A,B,C,D,E,skip,A,B,C,D,E,skip,A,B,C,D,E,0.7
681,rotateB,rotate,5,E,skip,A,B,C,D,E,skip,A,B,C,D,E,skip,A,B,C,D,E,skip,0.65
681,challengerB,challenger,6,A,A,A,A,A,A,A,A,A,A,A,A,A,A,A,A,A,A,A,A,0.0
682,radicaleqA,radicaleq,1,A,C,E,skip,A,E,skip,A,E,skip,A,E,skip,A,E,skip,A,E,skip,A,0.35
682,radicaleqB,radicaleq,2,B,A,A,E,skip,A,E,skip,A,E,skip,A,E,skip,A,E,skip,A,E,skip,0.35
682,challengerB,challenger,3,A,A,A,A,A,A,A,A,A,A,A,A,A,A,A,A,A,A,A,A,0.0
682,challengerC,challenger,4,A,A,A,A,A,A,A,A,A,A,A,A,A,A,A,A,A,A,A,A,0.0
682,radicaleqC,radicaleq,5,E,skip,skip,A,E,skip,A,E,skip,A,E,skip,A,E,skip,A,E,skip,A,E,0.35
682,challengerA,challenger,6,A,A,A,A,A,A,A,A,A,A,A,A,A,A,A,A,A,A,A,A,0.0
683,challengerC,challenger,1,A,A,A,A,A,A,A,A,A,A,A,A,A,A,A,A,A,A,A,A,0.0
683,challengerC,challenger,2,A,A,A,A,A,A,A,A,A,A,A,A,A,A,A,A,A,A,A,A,0.0
683,challengerA,challenger,3,A,A,A,A,A,A,A,A,A,A,A,A,A,A,A,A,A,A,A,A,0.0
683,challengerB,challenger,4,A,A,A,A,A,A,A,A,A,A,A,A,A,A,A,A,A,A,A,A,0.0
683,challengerA,challenger,5,A,A,A,A,A,A,A,A,A,A,A,A,A,A,A,A,A,A,A,A,0.0
683,challengerB,challenger,6,A,A,A,A,A,A,A,A,A,A,A,A,A,A,A,A,A,A,A,A,0.0
684,randomA,random,1,D,skip,E,A,A,skip,E,B,skip,A,skip,C,E,E,E,E,B,skip,C,B,0.2
684,randomB,random,2,E,A,D,B,A,B,D,C,A,B,A,E,A,skip,A,E,E,D,A,skip,0.45
684,equalizeB,equalize,3,C,C,D,B,D,D,E,B,D,D,D,D,A,C,C,C,C,B,D,E,0.7
684,equalizeC,equalize,4,D,A,B,E,E,B,D,A,E,E,E,C,D,B,B,B,B,C,C,B,0.45
684,randomC,random,5,B,C,A,B,E,skip,D,A,C,C,E,skip,E,A,D,D,D,A,skip,C,0.3
684,equalizeA,equalize,6,skip,E,A,C,C,C,C,C,B,A,B,B,E,D,D,A,A,A,B,C,0.6
685,radicaleqC,radicaleq,1,A,B,E,B,E,E,B,E,B,C,E,C,D,C,D,A,D,A,B,A,0.05
685,casteA,caste,2,B,B,A,D,D,A,B,C,E,C,D,E,D,E,C,A,B,D,B,C,0.35
685,casteB,caste,3,C,C,E,C,B,E,A,D,B,A,B,C,A,B,D,E,C,A,E,D,0.4
685,casteC,caste,4,D,D,C,B,E,C,D,E,D,B,E,B,E,C,B,C,D,C,D,A,0.4
685,radicaleqA,radicaleq,5,E,skip,A,C,D,C,A,C,D,A,D,B,A,E,B,E,B,C,E,C,0.05
685,radicaleqB,radicaleq,6,skip,A,D,A,skip,skip,skip,A,skip,skip,A,skip,skip,A,skip,skip,E,skip,skip,E,0.4
686,equalizeA,equalize,1,A,B,A,B,D,D,D,A,B,B,E,E,A,B,B,D,E,A,B,D,0.7
686,equalizeC,equalize,2,B,C,D,E,E,B,E,C,C,D,D,D,C,E,C,C,C,E,A,B,0.7
686,rotateC,rotate,3,C,D,E,skip,A,B,C,D,E,skip,A,B,C,D,E,skip,A,B,C,D,0.65
686,rotateA,rotate,4,D,E,skip,A,B,C,D,E,skip,A,B,C,D,E,skip,A,B,C,D,E,0.6
686,rotateB,rotate,5,E,skip,A,B,C,D,E,skip,A,B,C,D,E,skip,A,B,C,D,E,skip,0.15
686,equalizeB,equalize,6,skip,A,C,C,B,E,A,D,A,C,B,C,E,A,A,B,D,D,E,A,0.45
687,randomA,random,1,skip,D,D,C,E,E,C,C,D,C,C,C,A,skip,E,D,D,C,C,skip,0.3
687,randomA,random,2,E,E,D,E,E,E,skip,D,D,E,skip,B,E,B,B,skip,C,E,E,skip,0.4
687,randomB,random,3,D,C,A,A,A,skip,skip,skip,E,C,A,skip,skip,E,skip,B,E,A,B,E,0.4
687,randomB,random,4,E,B,skip,E,E,skip,E,skip,B,A,D,A,C,D,A,C,E,C,A,C,0.45
687,randomC,random,5,A,E,B,C,E,E,C,B,B,B,D,D,B,A,D,D,B,C,A,B,0.4
687,randomC,random,6,C,C,skip,A,skip,A,D,D,D,B,A,skip,A,E,skip,skip,D,D,D,B,0.25
688,random3C,random3,1,B,B,B,B,B,B,B,B,B,B,B,B,B,B,B,B,B,B,B,B,1.0
688,random3B,random3,2,D,D,D,D,D,D,C,C,C,C,C,C,C,C,C,C,C,C,C,C,0.7
688,random3A,random3,3,A,A,A,A,A,A,A,A,A,A,A,A,A,A,A,A,A,A,A,A,1.0
688,rotate0B,rotate0,4,D,D,D,D,D,D,D,D,D,D,D,D,D,D,D,D,D,D,D,D,0.7
688,rotate0C,rotate0,5,E,E,E,E,E,E,E,E,E,E,E,E,E,E,E,E,E,E,E,E,1.0
688,rotate0A,rotate0,6,skip,skip,skip,skip,skip,skip,skip,skip,skip,skip,skip,skip,skip,skip,skip,skip,skip,skip,skip,skip,0.0
689,challengerC,challenger,1,A,A,A,A,A,A,A,A,A,A,A,A,A,A,A,A,A,A,A,A,0.0
689,challengerB,challenger,2,A,A,A,A,A,A,A,A,A,A,A,A,A,A,A,A,A,A,A,A,0.0
689,challengerA,challenger,3,A,A,A,A,A,A,A,A,A,A,A,A,A,A,A,A,A,A,A,A,0.0
689,challengerB,challenger,4,A,A,A,A,A,A,A,A,A,A,A,A,A,A,A,A,A,A,A,A,0.0
689,challengerC,challenger,5,A,A,A,A,A,A,A,A,A,A,A,A,A,A,A,A,A,A,A,A,0.0
689,challengerA,challenger,6,A,A,A,A,A,A,A,A,A,A,A,A,A,A,A,A,A,A,A,A,0.0
690,rotate0C,rotate0,1,A,A,A,A,A,A,A,A,A,A,A,A,A,A,A,A,A,A,A,A,0.85
690,casteB,caste,2,B,B,B,B,B,B,B,B,B,B,B,B,B,C,D,B,B,B,B,B,0.95
690,rotate0B,rotate0,3,C,C,C,C,C,C,C,C,C,C,C,C,C,C,C,C,C,C,C,C,0.85
690,casteA,caste,4,D,D,D,D,D,D,D,D,D,D,D,D,D,D,A,D,D,D,D,D,0.95
690,rotate0A,rotate0,5,E,E,E,E,E,E,E,E,E,E,E,E,E,E,E,E,E,E,E,E,0.9
690,casteC,caste,6,skip,skip,skip,skip,skip,skip,skip,skip,skip,skip,skip,skip,skip,skip,E,A,C,E,A,C,0.0
691,rotateC,rotate,1,A,B,C,D,E,skip,A,B,C,D,E,skip,A,B,C,D,E,skip,A,B,0.35
691,radicaleqC,radicaleq,2,B,C,D,E,skip,D,A,C,C,E,C,E,A,D,B,C,A,A,C,A,0.5
691,radicaleqA,radicaleq,3,C,D,E,skip,B,B,skip,B,A,C,D,D,B,B,C,D,E,D,A,D,0.35
691,radicaleqB,radicaleq,4,D,E,skip,C,A,A,B,E,skip,A,skip,skip,skip,E,skip,B,B,B,skip,B,0.5
691,rotateA,rotate,5,E,skip,A,B,C,D,E,skip,A,B,C,D,E,skip,A,B,C,D,E,skip,0.5
691,rotateB,rotate,6,skip,A,B,C,D,E,skip,A,B,C,D,E,skip,A,B,C,D,E,skip,A,0.45
692,challengerC,challenger,1,A,A,A,A,A,A,A,A,A,A,A,A,A,A,A,A,A,A,A,A,0.0
692,casteA,caste,2,B,D,B,B,E,E,E,B,B,C,D,E,B,C,D,E,B,C,D,E,1.0
692,casteC,caste,3,C,E,D,D,B,C,D,E,C,D,E,B,C,D,E,B,C,D,E,B,1.0
692,challengerA,challenger,4,A,A,A,A,A,A,A,A,A,A,A,A,A,A,A,A,A,A,A,A,0.0
692,challengerB,challenger,5,A,A,A,A,A,A,A,A,A,A,A,A,A,A,A,A,A,A,A,A,0.0
692,casteB,caste,6,skip,C,E,C,D,B,C,D,E,B,C,D,E,B,C,D,E,B,C,D,0.95
693,radicaleqA,radicaleq,1,A,B,A,C,D,skip,A,C,D,B,E,skip,D,C,B,E,A,skip,D,B,0.85
693,radicaleqC,radicaleq,2,B,C,D,E,skip,A,C,D,B,E,skip,D,C,B,E,A,skip,D,B,C,0.85
693,equalizeC,equalize,3,C,D,E,skip,A,C,D,B,E,skip,D,C,B,E,A,skip,D,B,C,E,0.85
693,equalizeA,equalize,4,D,E,skip,A,C,D,B,E,skip,D,C,B,E,A,skip,D,B,C,E,A,0.85
693,equalizeB,equalize,5,E,skip,B,B,B,B,E,skip,C,C,B,E,A,skip,D,B,C,E,A,skip,0.8
693,radicaleqB,radicaleq,6,skip,A,C,D,E,E,skip,A,A,A,A,A,skip,D,C,C,E,A,skip,D,0.8
694,rotate0C,rotate0,1,A,A,A,A,A,A,A,A,A,A,A,A,A,A,A,A,A,A,A,A,0.0
694,challengerB,challenger,2,A,A,A,A,A,A,A,A,A,A,A,A,A,A,A,A,A,A,A,A,0.0
694,challengerA,challenger,3,A,A,A,A,A,A,A,A,A,A,A,A,A,A,A,A,A,A,A,A,0.0
694,rotate0B,rotate0,4,D,D,D,D,D,D,D,D,D,D,D,D,D,D,D,D,D,D,D,D,1.0
694,challengerC,challenger,5,A,A,A,A,A,A,A,A,A,A,A,A,A,A,A,A,A,A,A,A,0.0
694,rotate0A,rotate0,6,skip,skip,skip,skip,skip,skip,skip,skip,skip,skip,skip,skip,skip,skip,skip,skip,skip,skip,skip,skip,0.0
695,rotate0A,rotate0,1,A,A,A,A,A,A,A,A,A,A,A,A,A,A,A,A,A,A,A,A,0.55
695,rotate0B,rotate0,2,B,B,B,B,B,B,B,B,B,B,B,B,B,B,B,B,B,B,B,B,0.5
695,radicaleqB,radicaleq,3,C,D,skip,D,E,B,C,A,C,E,D,A,C,E,D,A,C,E,D,A,0.5
695,radicaleqC,radicaleq,4,D,E,D,A,B,C,D,B,A,D,C,B,A,D,C,B,A,D,C,B,0.5
695,rotate0C,rotate0,5,E,E,E,E,E,E,E,E,E,E,E,E,E,E,E,E,E,E,E,E,0.55
695,radicaleqA,radicaleq,6,skip,A,C,C,D,E,B,C,E,C,B,D,E,C,B,D,E,C,B,D,0.5
696,rotate0B,rotate0,1,A,A,A,A,A,A,A,A,A,A,A,A,A,A,A,A,A,A,A,A,1.0
696,rotate0B,rotate0,2,B,B,B,B,B,B,B,B,B,B,B,B,B,B,B,B,B,B,B,B,1.0
696,rotate0C,rotate0,3,C,C,C,C,C,C,C,C,C,C,C,C,C,C,C,C,C,C,C,C,1.0
696,rotate0A,rotate0,4,D,D,D,D,D,D,D,D,D,D,D,D,D,D,D,D,D,D,D,D,1.0
696,rotate0C,rotate0,5,E,E,E,E,E,E,E,E,E,E,E,E,E,E,E,E,E,E,E,E,1.0
696,rotate0A,rotate0,6,skip,skip,skip,skip,skip,skip,skip,skip,skip,skip,skip,skip,skip,skip,skip,skip,skip,skip,skip,skip,0.0
697,casteC,caste,1,A,B,E,B,E,E,B,D,B,D,B,A,B,D,E,A,A,C,A,A,0.35
697,randomB,random,2,D,E,skip,skip,C,E,D,E,skip,A,skip,C,skip,E,B,skip,C,skip,E,skip,0.3
697,casteB,caste,3,C,E,B,A,D,B,C,C,C,C,C,D,C,C,A,C,E,B,B,B,0.55
697,casteA,caste,4,D,A,A,C,B,A,A,A,A,A,D,E,E,E,D,D,D,D,D,D,0.75
697,randomC,random,5,D,B,skip,skip,D,skip,B,E,B,B,C,A,B,B,A,B,E,C,C,D,0.2
697,randomA,random,6,C,skip,E,C,skip,D,E,D,E,A,B,D,A,C,E,C,A,E,skip,A,0.25
698,randomC,random,1,E,C,A,A,E,A,D,skip,B,C,A,C,B,D,C,B,skip,skip,E,C,0.3
698,rotate0A,rotate0,2,B,B,B,B,B,B,B,B,B,B,B,B,B,B,B,B,B,B,B,B,0.7
698,rotate0C,rotate0,3,C,C,C,C,C,C,C,C,C,C,C,C,C,C,C,C,C,C,C,C,0.6
698,randomA,random,4,D,E,C,E,B,C,E,A,D,skip,D,E,D,D,C,A,A,E,E,B,0.5
698,randomB,random,5,skip,skip,C,skip,B,D,D,E,D,B,C,C,D,skip,E,skip,E,skip,D,D,0.3
698,rotate0B,rotate0,6,skip,skip,skip,skip,skip,skip,skip,skip,skip,skip,skip,skip,skip,skip,skip,skip,skip,skip,skip,skip,0.0
699,rotate0C,rotate0,1,A,A,A,A,A,A,A,A,A,A,A,A,A,A,A,A,A,A,A,A,0.55
699,randomA,random,2,D,B,D,D,skip,skip,A,C,C,A,C,C,B,A,D,E,E,E,B,E,0.4
699,randomB,random,3,A,skip,A,D,C,B,A,D,D,skip,E,E,skip,B,E,A,skip,C,E,E,0.25
699,randomC,random,4,D,C,E,skip,D,C,E,A,skip,A,B,C,A,D,A,D,B,C,skip,D,0.4
699,rotate0A,rotate0,5,E,E,E,E,E,E,E,E,E,E,E,E,E,E,E,E,E,E,E,E,0.5
699,rotate0B,rotate0,6,skip,skip,skip,skip,skip,skip,skip,skip,skip,skip,skip,skip,skip,skip,skip,skip,skip,skip,skip,skip,0.0
700,random3A,random3,1,A,A,A,A,A,A,B,B,B,B,B,B,B,B,B,C,C,C,C,C,0.5
700,random3B,random3,2,B,B,B,B,B,E,E,E,E,E,D,D,D,D,D,D,E,D,D,D,0.5
700,random3C,random3,3,D,D,D,D,D,D,D,D,D,C,C,C,C,B,B,B,B,B,B,B,0.55
700,casteB,caste,4,D,E,C,C,C,C,C,C,C,C,C,C,A,A,A,A,E,A,A,A,0.75
700,casteC,caste,5,E,B,A,A,B,A,E,B,D,E,D,E,E,E,E,D,C,D,D,C,0.25
700,casteA,caste,6,skip,D,E,E,E,E,B,A,A,A,A,A,C,C,C,C,A,E,E,E,0.7
701,randomB,random,1,E,skip,D,skip,E,B,E,E,B,C,B,A,B,D,B,B,D,D,E,skip,0.45
701,randomC,random,2,A,D,skip,E,D,C,C,C,C,skip,A,E,B,A,E,D,B,A,C,skip,0.2
701,randomA,random,3,C,B,A,D,D,A,B,B,A,A,A,C,C,skip,E,D,C,D,B,A,0.5
701,randomA,random,4,A,D,E,E,C,C,B,E,C,C,skip,skip,E,A,E,D,E,B,C,A,0.25
701,randomC,random,5,skip,A,skip,E,A,C,E,E,E,skip,C,B,B,D,A,E,B,D,C,B,0.35
701,randomB,random,6,C,B,C,C,D,D,A,skip,C,C,A,skip,D,A,A,C,D,D,E,A,0.3
702,radicaleqC,radicaleq,1,A,B,A,C,D,skip,A,C,D,B,E,skip,D,C,B,E,A,skip,D,B,0.85
702,radicaleqC,radicaleq,2,B,C,D,E,skip,A,C,D,B,E,skip,D,C,B,E,A,skip,D,B,C,0.85
702,radicaleqA,radicaleq,3,C,D,E,skip,A,C,D,B,E,skip,D,C,B,E,A,skip,D,B,C,E,0.85
702,radicaleqA,radicaleq,4,D,E,skip,A,C,D,B,E,skip,D,C,B,E,A,skip,D,B,C,E,A,0.85
702,radicaleqB,radicaleq,5,E,skip,B,B,B,B,E,skip,C,C,B,E,A,skip,D,B,C,E,A,skip,0.8
702,radicaleqB,radicaleq,6,skip,A,C,D,E,E,skip,A,A,A,A,A,skip,D,C,C,E,A,skip,D,0.8
703,rotate0C,rotate0,1,A,A,A,A,A,A,A,A,A,A,A,A,A,A,A,A,A,A,A,A,0.5
703,rotateB,rotate,2,B,C,D,E,skip,A,B,C,D,E,skip,A,B,C,D,E,skip,A,B,C,0.35
703,rotate0B,rotate0,3,C,C,C,C,C,C,C,C,C,C,C,C,C,C,C,C,C,C,C,C,0.5
703,rotateA,rotate,4,D,E,skip,A,B,C,D,E,skip,A,B,C,D,E,skip,A,B,C,D,E,0.35
703,rotate0A,rotate0,5,E,E,E,E,E,E,E,E,E,E,E,E,E,E,E,E,E,E,E,E,0.5
703,rotateC,rotate,6,skip,A,B,C,D,E,skip,A,B,C,D,E,skip,A,B,C,D,E,skip,A,0.3
704,challengerC,challenger,1,A,A,A,A,A,A,A,A,A,A,A,A,A,A,A,A,A,A,A,A,0.0
704,turntakingB,turntaking,2,A,E,E,D,D,D,C,B,E,B,E,B,B,B,D,E,B,D,E,B,0.95
704,challengerB,challenger,3,A,A,A,A,A,A,A,A,A,A,A,A,A,A,A,A,A,A,A,A,0.0
704,challengerA,challenger,4,A,A,A,A,A,A,A,A,A,A,A,A,A,A,A,A,A,A,A,A,0.0
704,turntakingC,turntaking,5,D,C,B,B,B,B,B,E,B,E,B,E,D,D,E,B,D,E,B,D,1.0
704,turntakingA,turntaking,6,E,D,C,C,E,C,E,D,D,D,C,D,C,E,C,C,C,C,C,C,1.0
705,radicaleqC,radicaleq,1,A,B,A,C,D,skip,A,C,D,B,E,skip,D,C,B,E,A,skip,D,B,0.85
705,radicaleqA,radicaleq,2,B,C,D,E,skip,A,C,D,B,E,skip,D,C,B,E,A,skip,D,B,C,0.85
705,radicaleqA,radicaleq,3,C,D,E,skip,A,C,D,B,E,skip,D,C,B,E,A,skip,D,B,C,E,0.85
705,radicaleqB,radicaleq,4,D,E,skip,A,C,D,B,E,skip,D,C,B,E,A,skip,D,B,C,E,A,0.85
705,radicaleqC,radicaleq,5,E,skip,B,B,B,B,E,skip,C,C,B,E,A,skip,D,B,C,E,A,skip,0.8
705,radicaleqB,radicaleq,6,skip,A,C,D,E,E,skip,A,A,A,A,A,skip,D,C,C,E,A,skip,D,0.8
706,radicaleqB,radicaleq,1,A,D,B,C,B,C,B,C,B,C,B,A,B,skip,A,B,C,A,B,C,0.55
706,radicaleqC,radicaleq,2,B,C,E,A,E,A,E,A,E,A,E,D,C,A,D,C,A,D,C,A,0.55
706,turntakingC,turntaking,3,B,B,B,D,D,B,B,D,D,B,A,D,A,E,E,E,E,E,E,E,0.55
706,radicaleqA,radicaleq,4,D,E,A,D,A,D,C,D,A,D,C,B,A,C,C,A,E,C,A,E,0.5
706,turntakingB,turntaking,5,D,D,D,B,B,D,D,B,B,D,E,E,D,D,D,D,D,D,D,D,0.55
706,turntakingA,turntaking,6,E,E,E,E,E,E,E,E,E,E,B,B,E,B,B,B,B,B,B,B,0.55
707,radicaleqB,radicaleq,1,A,B,E,skip,A,E,skip,A,E,skip,A,E,skip,A,E,skip,A,E,skip,A,0.35
707,challengerA,challenger,2,A,A,A,A,A,A,A,A,A,A,A,A,A,A,A,A,A,A,A,A,0.0
707,challengerC,challenger,3,A,A,A,A,A,A,A,A,A,A,A,A,A,A,A,A,A,A,A,A,0.0
707,radicaleqA,radicaleq,4,D,A,A,E,skip,A,E,skip,A,E,skip,A,E,skip,A,E,skip,A,E,skip,0.35
707,radicaleqC,radicaleq,5,E,skip,skip,A,E,skip,A,E,skip,A,E,skip,A,E,skip,A,E,skip,A,E,0.35
707,challengerB,challenger,6,A,A,A,A,A,A,A,A,A,A,A,A,A,A,A,A,A,A,A,A,0.0
708,casteC,caste,1,A,A,B,B,D,D,B,C,A,A,C,C,E,B,C,D,B,E,A,B,0.15
708,radicaleqC,radicaleq,2,B,C,E,skip,A,skip,D,skip,C,skip,A,skip,C,skip,B,skip,D,skip,E,skip,0.55
708,radicaleqA,radicaleq,3,C,D,skip,A,skip,D,B,C,A,A,C,C,E,B,C,D,B,E,A,B,0.15
708,radicaleqB,radicaleq,4,D,E,A,B,D,E,C,E,B,E,B,E,B,A,D,A,E,A,B,D,0.05
708,casteA,caste,5,E,E,A,C,C,B,C,A,B,D,B,D,B,D,D,E,E,C,B,C,0.55
708,casteB,caste,6,skip,skip,C,D,B,E,A,E,D,E,D,E,D,A,E,A,C,A,C,D,0.5
709,radicaleqB,radicaleq,1,A,B,A,B,E,C,B,E,E,E,A,D,A,A,E,B,A,E,B,B,0.5
709,radicaleqC,radicaleq,2,B,C,D,A,skip,A,A,skip,D,skip,B,skip,D,skip,D,skip,skip,A,skip,E,0.6
709,rotateC,rotate,3,C,D,E,skip,A,B,C,D,E,skip,A,B,C,D,E,skip,A,B,C,D,0.55
709,radicaleqA,radicaleq,4,D,E,skip,D,A,D,E,B,B,D,D,C,E,B,B,E,E,D,A,D,0.5
709,rotateB,rotate,5,E,skip,A,B,C,D,E,skip,A,B,C,D,E,skip,A,B,C,D,E,skip,0.4
709,rotateA,rotate,6,skip,A,B,C,D,E,skip,A,B,C,D,E,skip,A,B,C,D,E,skip,A,0.55
710,equalizeC,equalize,1,A,B,A,C,D,skip,A,C,D,B,E,skip,D,C,B,E,A,skip,D,B,0.85
710,equalizeA,equalize,2,B,C,D,E,skip,A,C,D,B,E,skip,D,C,B,E,A,skip,D,B,C,0.85
710,equalizeB,equalize,3,C,D,E,skip,A,C,D,B,E,skip,D,C,B,E,A,skip,D,B,C,E,0.85
710,equalizeB,equalize,4,D,E,skip,A,C,D,B,E,skip,D,C,B,E,A,skip,D,B,C,E,A,0.85
710,equalizeC,equalize,5,E,skip,B,B,B,B,E,skip,C,C,B,E,A,skip,D,B,C,E,A,skip,0.8
710,equalizeA,equalize,6,skip,A,C,D,E,E,skip,A,A,A,A,A,skip,D,C,C,E,A,skip,D,0.8
711,random3A,random3,1,B,B,B,C,B,C,C,C,C,C,C,C,C,C,C,C,C,C,C,C,0.75
711,random3B,random3,2,D,D,D,D,D,D,D,D,D,D,D,D,D,D,D,D,D,D,D,D,1.0
711,challengerB,challenger,3,A,A,A,A,A,A,A,A,A,A,A,A,A,A,A,A,A,A,A,A,0.0
711,challengerC,challenger,4,A,A,A,A,A,A,A,A,A,A,A,A,A,A,A,A,A,A,A,A,0.0
711,random3C,random3,5,B,B,B,C,B,B,B,B,B,B,B,B,B,B,B,B,B,B,B,B,0.75
711,challengerA,challenger,6,A,A,A,A,A,A,A,A,A,A,A,A,A,A,A,A,A,A,A,A,0.0
712,equalizeC,equalize,1,A,D,C,A,B,B,B,B,C,C,E,D,B,E,A,A,C,D,D,E,0.55
712,randomC,random,2,E,skip,C,A,C,E,B,B,skip,skip,skip,E,E,E,E,B,C,B,A,A,0.2
712,randomA,random,3,E,D,B,A,C,D,skip,D,A,D,skip,B,D,skip,D,E,skip,C,E,B,0.2
712,randomB,random,4,skip,B,E,A,A,C,D,E,E,B,A,skip,A,B,A,A,A,C,B,D,0.35
712,equalizeA,equalize,5,E,B,A,C,E,D,D,E,B,D,C,C,D,C,D,C,B,C,E,D,0.45
712,equalizeB,equalize,6,skip,C,D,D,C,E,A,A,A,B,A,E,C,B,C,B,D,E,A,B,0.45
713,radicaleqC,radicaleq,1,A,E,A,A,D,E,E,E,E,D,D,A,A,E,B,A,A,E,B,A,0.5
713,randomB,random,2,B,skip,B,D,D,C,C,B,skip,C,A,E,A,B,B,D,C,A,skip,E,0.35
713,radicaleqB,radicaleq,3,C,B,B,B,skip,skip,B,B,B,A,A,E,E,B,E,E,E,B,A,skip,0.45
713,radicaleqA,radicaleq,4,D,skip,skip,skip,A,B,A,A,skip,B,skip,B,B,A,A,B,skip,skip,skip,B,0.45
713,randomC,random,5,A,skip,A,E,A,D,D,E,C,skip,B,B,C,C,E,C,A,D,D,skip,0.35
713,randomA,random,6,B,B,A,A,skip,E,skip,D,B,C,E,A,A,A,B,C,skip,D,D,skip,0.1
714,rotate0A,rotate0,1,A,A,A,A,A,A,A,A,A,A,A,A,A,A,A,A,A,A,A,A,0.6
714,rotate0B,rotate0,2,B,B,B,B,B,B,B,B,B,B,B,B,B,B,B,B,B,B,B,B,1.0
714,rotate0C,rotate0,3,C,C,C,C,C,C,C,C,C,C,C,C,C,C,C,C,C,C,C,C,0.5
714,random3B,random3,4,A,A,E,E,E,E,E,E,E,E,D,C,C,C,C,C,C,C,C,C,0.35
714,random3C,random3,5,A,A,A,A,A,A,A,C,A,E,E,E,E,E,E,E,E,E,E,E,0.5
714,random3A,random3,6,A,A,D,D,D,D,D,D,D,D,D,D,D,D,D,D,D,D,D,D,0.85
715,turntakingA,turntaking,1,skip,C,C,C,B,C,B,C,D,B,B,D,B,D,D,D,D,D,B,B,0.7
715,random3C,random3,2,D,B,B,B,E,C,C,C,C,C,C,C,C,C,E,E,E,E,E,E,0.25
715,random3B,random3,3,E,E,E,A,A,A,A,A,A,A,A,A,A,A,A,A,A,A,A,A,0.8
715,turntakingB,turntaking,4,C,B,D,B,E,D,E,D,E,D,D,E,C,E,E,E,E,E,C,C,0.4
715,random3A,random3,5,D,D,D,A,E,E,E,E,E,E,E,E,B,B,B,B,B,B,B,B,0.5
715,turntakingC,turntaking,6,E,E,E,D,D,B,D,B,B,C,C,C,D,C,C,C,C,C,D,D,0.65
716,equalizeC,equalize,1,A,B,A,C,D,skip,A,C,D,B,E,skip,D,C,B,E,A,skip,D,B,0.85
716,equalizeB,equalize,2,B,C,D,E,skip,A,C,D,B,E,skip,D,C,B,E,A,skip,D,B,C,0.85
716,equalizeA,equalize,3,C,D,E,skip,A,C,D,B,E,skip,D,C,B,E,A,skip,D,B,C,E,0.85
716,equalizeB,equalize,4,D,E,skip,A,C,D,B,E,skip,D,C,B,E,A,skip,D,B,C,E,A,0.85
716,equalizeC,equalize,5,E,skip,B,B,B,B,E,skip,C,C,B,E,A,skip,D,B,C,E,A,skip,0.8
716,equalizeA,equalize,6,skip,A,C,D,E,E,skip,A,A,A,A,A,skip,D,C,C,E,A,skip,D,0.8
717,casteC,caste,1,A,A,C,C,B,E,B,D,D,A,B,B,A,D,A,C,B,C,D,A,0.35
717,radicaleqA,radicaleq,2,B,C,D,skip,skip,D,skip,skip,C,skip,skip,E,skip,skip,D,skip,skip,B,skip,skip,0.4
717,radicaleqC,radicaleq,3,C,D,E,A,B,A,E,D,E,D,B,D,B,D,B,A,B,A,C,A,0.05
717,casteA,caste,4,D,D,E,B,D,A,A,C,E,C,E,D,E,C,B,E,D,A,E,B,0.35
717,casteB,caste,5,E,E,B,A,E,C,E,A,B,D,A,C,B,A,E,A,C,E,C,E,0.4
717,radicaleqB,radicaleq,6,skip,A,B,C,D,C,B,C,B,A,E,C,A,C,E,C,D,E,D,B,0.0
718,random3B,random3,1,C,C,C,C,A,D,D,A,A,D,E,A,A,A,A,D,B,B,D,C,0.1
718,casteA,caste,2,B,A,B,B,B,B,B,B,B,B,B,B,B,B,B,B,B,B,C,C,0.75
718,casteC,caste,3,C,D,A,D,A,D,C,C,C,C,C,C,C,C,C,C,C,C,B,B,0.7
718,random3A,random3,4,B,D,D,D,A,D,D,D,D,D,D,D,D,D,D,D,D,D,D,E,0.5
718,random3C,random3,5,C,A,A,C,A,D,A,A,A,A,A,A,A,A,A,A,A,A,A,A,0.4
718,casteB,caste,6,skip,E,E,E,E,E,E,E,E,E,E,E,E,E,E,E,E,E,E,E,0.85
719,challengerC,challenger,1,A,A,A,A,A,A,A,A,A,A,A,A,A,A,A,A,A,A,A,A,0.0
719,challengerB,challenger,2,A,A,A,A,A,A,A,A,A,A,A,A,A,A,A,A,A,A,A,A,0.0
719,challengerA,challenger,3,A,A,A,A,A,A,A,A,A,A,A,A,A,A,A,A,A,A,A,A,0.0
719,random3B,random3,4,D,B,B,B,B,B,B,B,B,B,B,B,B,B,B,B,B,B,B,B,0.95
719,random3C,random3,5,E,E,E,E,E,E,E,E,E,E,E,E,E,E,E,E,E,E,E,E,1.0
719,random3A,random3,6,D,D,D,D,D,D,D,D,D,D,D,D,D,D,D,D,D,D,D,D,0.95
720,randomB,random,1,C,A,A,skip,E,D,A,skip,E,D,C,C,C,skip,E,D,E,A,E,D,0.15
720,random3A,random3,2,C,C,C,C,C,B,B,C,C,C,C,A,A,A,A,A,B,B,B,B,0.6
720,randomA,random,3,skip,B,A,C,C,skip,A,A,D,B,B,B,A,D,C,skip,A,E,E,C,0.35
720,random3C,random3,4,D,D,D,D,D,D,D,D,D,B,E,E,E,E,E,E,E,D,D,D,0.35
720,random3B,random3,5,A,A,D,D,D,D,D,D,D,D,D,D,D,D,C,D,D,D,D,D,0.25
720,randomC,random,6,skip,E,E,skip,E,A,B,skip,C,A,skip,skip,B,D,E,A,C,A,E,A,0.35
721,radicaleqC,radicaleq,1,A,C,D,C,C,skip,skip,D,C,A,skip,C,skip,D,A,A,D,C,A,A,0.45
721,radicaleqB,radicaleq,2,B,skip,C,skip,skip,A,B,C,A,skip,C,skip,D,C,skip,C,A,D,skip,skip,0.5
721,radicaleqA,radicaleq,3,C,D,A,B,E,E,D,A,skip,C,D,D,A,A,D,D,C,A,D,C,0.45
721,randomB,random,4,skip,E,skip,C,skip,A,E,B,D,C,skip,E,C,D,skip,C,D,C,E,B,0.3
721,randomC,random,5,skip,D,A,D,A,skip,A,skip,D,E,E,B,B,D,B,E,C,skip,A,A,0.45
721,randomA,random,6,C,C,A,B,B,D,skip,B,E,C,skip,D,skip,B,E,D,B,B,D,C,0.35
722,random3A,random3,1,B,D,D,D,D,D,D,B,B,D,D,D,D,D,D,A,D,D,D,D,0.4
722,random3B,random3,2,C,C,C,C,C,C,C,C,C,C,C,C,C,C,C,C,C,C,C,C,0.95
722,random3B,random3,3,B,B,B,B,B,B,B,B,B,B,B,B,B,B,B,B,B,B,B,B,0.75
722,random3C,random3,4,E,E,E,E,E,E,E,E,E,E,E,E,E,E,E,E,D,A,A,A,0.8
722,random3A,random3,5,A,A,A,A,A,A,A,A,A,A,A,A,A,A,A,A,D,D,E,E,0.65
722,random3C,random3,6,A,A,B,B,C,D,D,D,D,D,A,E,E,A,D,E,D,D,D,D,0.1
723,randomB,random,1,D,C,C,B,A,C,B,skip,skip,B,C,D,E,B,skip,C,C,A,C,A,0.3
723,randomA,random,2,A,B,skip,skip,C,skip,B,skip,B,E,C,skip,D,C,C,skip,skip,A,skip,C,0.25
723,randomB,random,3,skip,D,D,skip,D,E,D,D,B,skip,B,skip,B,A,B,A,D,A,skip,A,0.25
723,randomC,random,4,E,skip,B,D,B,A,E,B,C,A,B,A,skip,B,skip,B,E,E,C,skip,0.55
723,randomC,random,5,B,D,D,B,A,D,E,A,skip,B,E,E,E,C,C,C,D,B,skip,skip,0.3
723,randomA,random,6,A,A,skip,skip,D,skip,E,D,E,skip,A,skip,B,B,A,skip,skip,E,C,D,0.25
724,equalizeB,equalize,1,A,B,C,B,A,C,E,D,C,A,B,E,D,C,A,B,E,D,C,A,0.05
724,casteA,caste,2,B,B,A,C,E,D,C,A,B,E,D,C,A,B,E,D,C,A,B,E,0.05
724,equalizeA,equalize,3,C,D,A,C,E,D,C,A,B,E,D,C,A,B,E,D,C,A,B,E,0.05
724,casteC,caste,4,D,D,E,D,B,A,B,E,D,C,A,B,E,D,C,A,B,E,D,C,0.05
724,casteB,caste,5,E,E,C,B,A,C,E,D,C,A,B,E,D,C,A,B,E,D,C,A,0.1
724,equalizeC,equalize,6,skip,A,E,D,B,A,B,E,D,C,A,B,E,D,C,A,B,E,D,C,0.05
725,turntakingC,turntaking,1,skip,E,E,B,B,A,B,A,B,D,A,E,D,E,D,B,A,A,D,A,0.5
725,rotate0C,rotate0,2,B,B,B,B,B,B,B,B,B,B,B,B,B,B,B,B,B,B,B,B,0.5
725,rotate0A,rotate0,3,C,C,C,C,C,C,C,C,C,C,C,C,C,C,C,C,C,C,C,C,0.5
725,rotate0B,rotate0,4,D,D,D,D,D,D,D,D,D,D,D,D,D,D,D,D,D,D,D,D,0.35
725,turntakingA,turntaking,5,D,D,D,C,D,B,D,B,D,E,E,C,E,C,E,C,E,C,E,E,0.35
725,turntakingB,turntaking,6,E,C,C,E,C,E,C,E,C,A,D,B,A,B,A,E,D,B,A,D,0.45
726,random3A,random3,1,D,D,D,D,D,D,D,D,D,A,D,E,E,E,E,E,E,E,E,E,0.7
726,random3B,random3,2,B,B,B,B,B,B,B,B,B,B,B,B,B,B,A,A,A,A,A,A,0.8
726,random3C,random3,3,C,C,C,C,C,C,C,C,C,C,C,C,C,C,C,C,B,B,E,E,0.75
726,random3C,random3,4,A,A,E,E,E,E,E,E,E,E,E,E,D,D,D,D,D,D,D,D,0.65
726,random3B,random3,5,E,E,E,E,E,E,B,A,D,D,D,D,D,B,B,B,B,B,E,E,0.25
726,random3A,random3,6,E,A,A,A,A,A,A,A,B,A,A,A,A,A,A,C,C,C,C,C,0.65
727,casteC,caste,1,A,C,E,E,E,E,D,D,C,E,B,D,C,E,B,D,C,E,B,D,0.95
727,challengerB,challenger,2,A,A,A,A,A,A,A,A,A,A,A,A,A,A,A,A,A,A,A,A,0.0
727,casteB,caste,3,C,B,B,C,D,B,C,C,E,B,D,C,E,B,D,C,E,B,D,C,1.0
727,challengerA,challenger,4,A,A,A,A,A,A,A,A,A,A,A,A,A,A,A,A,A,A,A,A,0.0
727,casteA,caste,5,E,D,D,B,C,D,B,E,B,D,C,E,B,D,C,E,B,D,C,E,1.0
727,challengerC,challenger,6,A,A,A,A,A,A,A,A,A,A,A,A,A,A,A,A,A,A,A,A,0.0
728,casteA,caste,1,A,A,E,E,A,B,C,B,C,D,D,B,B,B,B,E,A,E,B,D,0.45
728,casteB,caste,2,B,B,C,C,E,E,A,A,B,C,C,A,A,D,C,C,E,B,C,B,0.5
728,rotateC,rotate,3,C,D,E,skip,A,B,C,D,E,skip,A,B,C,D,E,skip,A,B,C,D,0.2
728,casteC,caste,4,D,D,B,D,C,D,E,D,A,E,E,E,C,A,D,D,D,A,A,C,0.45
728,rotateA,rotate,5,E,skip,A,B,C,D,E,skip,A,B,C,D,E,skip,A,B,C,D,E,skip,0.55
728,rotateB,rotate,6,skip,A,B,C,D,E,skip,A,B,C,D,E,skip,A,B,C,D,E,skip,A,0.1
729,equalizeC,equalize,1,A,B,A,A,E,B,D,E,A,C,B,D,E,A,C,B,D,E,A,C,0.05
729,casteA,caste,2,B,B,A,A,E,B,D,E,A,C,B,D,E,A,C,B,D,E,A,C,0.05
729,equalizeA,equalize,3,C,D,D,C,A,C,B,D,E,A,C,B,D,E,A,C,B,D,E,A,0.1
729,equalizeB,equalize,4,D,E,C,B,D,E,A,C,B,D,E,A,C,B,D,E,A,C,B,D,0.05
729,casteB,caste,5,E,E,C,B,D,E,A,C,B,D,E,A,C,B,D,E,A,C,B,D,0.05
729,casteC,caste,6,skip,skip,D,C,A,C,B,D,E,A,C,B,D,E,A,C,B,D,E,A,0.0
730,equalizeC,equalize,1,A,B,B,C,A,C,A,C,B,A,D,B,A,D,B,A,C,B,A,D,0.65
730,turntakingA,turntaking,2,A,A,C,A,C,D,C,C,D,D,D,D,D,D,C,C,C,D,D,D,0.65
730,equalizeA,equalize,3,C,E,A,E,B,A,D,B,A,C,B,A,C,B,A,D,B,A,C,B,0.65
730,equalizeB,equalize,4,D,C,D,B,C,B,B,A,E,B,A,E,B,A,E,B,A,E,B,A,0.65
730,turntakingB,turntaking,5,D,D,D,D,D,C,E,E,E,E,E,E,E,E,E,E,E,E,E,E,0.65
730,turntakingC,turntaking,6,E,E,E,E,E,E,D,D,C,C,C,C,C,C,D,D,D,C,C,C,0.65
731,turntakingA,turntaking,1,skip,E,E,A,C,D,C,D,C,D,D,C,D,C,D,C,D,C,D,D,0.5
731,turntakingB,turntaking,2,A,A,A,D,A,B,A,B,A,B,B,A,B,A,B,A,B,A,B,B,1.0
731,rotate0C,rotate0,3,C,C,C,C,C,C,C,C,C,C,C,C,C,C,C,C,C,C,C,C,0.5
731,turntakingC,turntaking,4,C,C,C,E,E,A,E,A,E,A,A,E,A,E,A,E,A,E,A,A,0.45
731,rotate0A,rotate0,5,E,E,E,E,E,E,E,E,E,E,E,E,E,E,E,E,E,E,E,E,0.5
731,rotate0B,rotate0,6,skip,skip,skip,skip,skip,skip,skip,skip,skip,skip,skip,skip,skip,skip,skip,skip,skip,skip,skip,skip,0.0
732,radicaleqA,radicaleq,1,A,B,E,D,A,skip,skip,skip,skip,E,skip,skip,B,skip,skip,E,skip,skip,A,skip,0.45
732,radicaleqC,radicaleq,2,B,C,B,C,E,B,A,B,E,B,E,B,E,A,E,A,C,A,C,D,0.1
732,casteC,caste,3,C,C,D,B,E,C,A,A,C,B,A,D,E,C,B,A,D,E,C,B,0.4
732,casteA,caste,4,D,D,B,A,B,B,C,D,E,A,C,B,A,D,E,C,B,A,D,E,0.4
732,casteB,caste,5,E,E,A,E,C,D,E,B,A,D,E,A,C,A,C,D,C,D,B,D,0.4
732,radicaleqB,radicaleq,6,skip,A,D,A,C,D,E,D,C,D,C,D,C,D,B,D,B,E,B,E,0.05
733,rotate0A,rotate0,1,A,A,A,A,A,A,A,A,A,A,A,A,A,A,A,A,A,A,A,A,0.35
733,rotate0C,rotate0,2,B,B,B,B,B,B,B,B,B,B,B,B,B,B,B,B,B,B,B,B,0.45
733,radicaleqC,radicaleq,3,C,D,E,skip,E,A,B,E,skip,A,E,skip,A,E,skip,A,E,skip,A,E,0.45
733,radicaleqA,radicaleq,4,D,E,skip,E,A,B,E,B,E,skip,B,E,skip,B,E,skip,B,E,skip,B,0.4
733,radicaleqB,radicaleq,5,E,skip,A,D,D,E,A,A,B,E,A,B,E,A,B,E,A,B,E,A,0.4
733,rotate0B,rotate0,6,skip,skip,skip,skip,skip,skip,skip,skip,skip,skip,skip,skip,skip,skip,skip,skip,skip,skip,skip,skip,0.0
734,challengerB,challenger,1,A,A,A,A,A,A,A,A,A,A,A,A,A,A,A,A,A,A,A,A,0.0
734,casteA,caste,2,B,C,B,B,E,E,E,B,B,D,C,E,B,D,C,E,B,D,C,E,1.0
734,challengerC,challenger,3,A,A,A,A,A,A,A,A,A,A,A,A,A,A,A,A,A,A,A,A,0.0
734,casteB,caste,4,D,E,C,C,B,D,C,E,D,C,E,B,D,C,E,B,D,C,E,B,1.0
734,challengerA,challenger,5,A,A,A,A,A,A,A,A,A,A,A,A,A,A,A,A,A,A,A,A,0.0
734,casteC,caste,6,skip,D,E,D,C,B,D,C,E,B,D,C,E,B,D,C,E,B,D,C,0.95
735,randomB,random,1,B,A,B,C,E,A,A,B,skip,E,E,D,B,skip,B,D,skip,skip,A,D,0.5
735,challengerA,challenger,2,A,A,A,A,A,A,A,A,A,A,A,A,A,A,A,A,A,A,A,A,0.0
735,challengerC,challenger,3,A,A,A,A,A,A,A,A,A,A,A,A,A,A,A,A,A,A,A,A,0.0
735,randomA,random,4,skip,D,C,D,E,D,C,D,C,E,D,skip,D,B,C,skip,A,skip,D,C,0.5
735,randomC,random,5,E,E,E,B,D,C,B,skip,C,C,D,A,D,C,A,C,skip,skip,A,skip,0.5
735,challengerB,challenger,6,A,A,A,A,A,A,A,A,A,A,A,A,A,A,A,A,A,A,A,A,0.0
736,rotate0B,rotate0,1,A,A,A,A,A,A,A,A,A,A,A,A,A,A,A,A,A,A,A,A,1.0
736,rotate0C,rotate0,2,B,B,B,B,B,B,B,B,B,B,B,B,B,B,B,B,B,B,B,B,1.0
736,rotate0A,rotate0,3,C,C,C,C,C,C,C,C,C,C,C,C,C,C,C,C,C,C,C,C,1.0
736,rotate0A,rotate0,4,D,D,D,D,D,D,D,D,D,D,D,D,D,D,D,D,D,D,D,D,1.0
736,rotate0B,rotate0,5,E,E,E,E,E,E,E,E,E,E,E,E,E,E,E,E,E,E,E,E,1.0
736,rotate0C,rotate0,6,skip,skip,skip,skip,skip,skip,skip,skip,skip,skip,skip,skip,skip,skip,skip,skip,skip,skip,skip,skip,0.0
737,random3B,random3,1,D,D,D,D,D,D,D,A,A,A,A,C,C,C,C,C,C,C,C,A,0.25
737,random3B,random3,2,C,C,C,C,C,C,C,C,C,C,C,C,C,D,D,A,A,C,C,D,0.55
737,random3C,random3,3,A,A,A,A,A,A,A,A,A,A,A,B,A,A,A,A,A,A,A,A,0.6
737,random3A,random3,4,E,E,E,E,E,E,E,E,E,E,E,E,E,E,E,E,E,E,E,E,1.0
737,random3C,random3,5,D,D,D,D,B,B,B,B,B,B,B,B,B,B,B,B,B,B,B,B,0.7
737,random3A,random3,6,D,D,D,D,B,D,D,D,D,D,D,D,D,D,D,D,D,D,D,D,0.5
738,challengerC,challenger,1,A,A,A,A,A,A,A,A,A,A,A,A,A,A,A,A,A,A,A,A,0.0
738,rotate0A,rotate0,2,B,B,B,B,B,B,B,B,B,B,B,B,B,B,B,B,B,B,B,B,1.0
738,rotate0C,rotate0,3,C,C,C,C,C,C,C,C,C,C,C,C,C,C,C,C,C,C,C,C,1.0
738,challengerA,challenger,4,A,A,A,A,A,A,A,A,A,A,A,A,A,A,A,A,A,A,A,A,0.0
738,challengerB,challenger,5,A,A,A,A,A,A,A,A,A,A,A,A,A,A,A,A,A,A,A,A,0.0
738,rotate0B,rotate0,6,skip,skip,skip,skip,skip,skip,skip,skip,skip,skip,skip,skip,skip,skip,skip,skip,skip,skip,skip,skip,0.0
739,random3A,random3,1,A,A,A,A,A,A,A,A,A,A,A,A,A,A,D,A,E,E,E,E,0.4
739,random3B,random3,2,E,D,D,D,D,D,D,D,D,B,B,B,B,B,B,B,B,B,B,B,0.8
739,turntakingB,turntaking,3,B,B,A,A,A,E,C,D,C,E,D,E,E,E,D,D,D,D,A,A,0.5
739,turntakingC,turntaking,4,C,E,E,B,E,D,E,B,D,D,E,C,D,C,E,C,C,C,C,C,0.7
739,random3C,random3,5,C,C,C,C,C,B,B,B,E,E,E,E,D,D,D,D,D,D,E,E,0.25
739,turntakingA,turntaking,6,E,C,C,E,C,A,A,C,A,C,C,A,C,A,C,A,A,A,D,D,0.5
740,rotate0B,rotate0,1,A,A,A,A,A,A,A,A,A,A,A,A,A,A,A,A,A,A,A,A,0.55
740,random3A,random3,2,A,A,A,A,A,A,A,A,A,E,E,E,E,E,E,E,E,E,E,E,0.55
740,rotate0A,rotate0,3,C,C,C,C,C,C,C,C,C,C,C,C,C,C,C,C,C,C,C,C,1.0
740,random3C,random3,4,D,D,D,D,D,D,D,D,D,D,D,D,D,D,D,D,D,D,D,D,1.0
740,random3B,random3,5,B,B,B,B,B,B,B,B,B,B,B,B,B,B,B,B,B,B,B,B,1.0
740,rotate0C,rotate0,6,skip,skip,skip,skip,skip,skip,skip,skip,skip,skip,skip,skip,skip,skip,skip,skip,skip,skip,skip,skip,0.0
741,turntakingA,turntaking,1,skip,D,D,A,E,E,D,D,D,D,D,A,A,A,A,A,A,A,A,A,0.6
741,turntakingC,turntaking,2,A,C,C,B,A,A,A,A,A,A,A,D,D,D,D,D,D,D,D,D,0.45
741,rotateB,rotate,3,C,D,E,skip,A,B,C,D,E,skip,A,B,C,D,E,skip,A,B,C,D,0.35
741,rotateA,rotate,4,D,E,skip,A,B,C,D,E,skip,A,B,C,D,E,skip,A,B,C,D,E,0.35
741,rotateC,rotate,5,E,skip,A,B,C,D,E,skip,A,B,C,D,E,skip,A,B,C,D,E,skip,0.3
741,turntakingB,turntaking,6,E,E,E,D,D,D,E,E,E,E,E,E,E,E,E,E,E,E,E,E,0.4
742,random3B,random3,1,E,E,E,E,E,E,E,E,E,E,E,E,E,E,E,E,E,C,C,C,0.8
742,turntakingA,turntaking,2,A,A,A,D,A,C,C,C,C,C,A,A,A,A,C,C,B,E,E,E,0.6
742,random3A,random3,3,B,B,B,B,B,B,B,B,A,A,A,A,D,D,D,D,D,D,D,D,0.4
742,turntakingC,turntaking,4,C,C,C,B,B,B,B,B,B,B,B,B,C,B,E,B,D,B,B,B,0.65
742,turntakingB,turntaking,5,D,D,D,C,C,A,A,A,A,A,C,C,E,C,B,E,E,A,A,A,0.55
742,random3C,random3,6,A,A,A,C,C,C,C,D,D,D,D,D,D,D,A,A,A,A,A,E,0.4
743,challengerB,challenger,1,A,A,A,A,A,A,A,A,A,A,A,A,A,A,A,A,A,A,A,A,0.0
743,equalizeA,equalize,2,B,B,B,B,E,E,D,B,B,E,D,D,B,E,E,E,B,B,D,E,1.0
743,challengerC,challenger,3,A,A,A,A,A,A,A,A,A,A,A,A,A,A,A,A,A,A,A,A,0.0
743,equalizeB,equalize,4,D,D,D,D,B,B,E,D,D,B,E,E,D,B,B,D,E,E,B,D,1.0
743,challengerA,challenger,5,A,A,A,A,A,A,A,A,A,A,A,A,A,A,A,A,A,A,A,A,0.0
743,equalizeC,equalize,6,skip,E,E,E,C,D,C,C,E,C,C,B,C,C,D,C,C,D,C,C,0.95
744,rotate0B,rotate0,1,A,A,A,A,A,A,A,A,A,A,A,A,A,A,A,A,A,A,A,A,0.5
744,turntakingA,turntaking,2,A,A,A,B,D,C,B,E,B,E,D,A,B,D,B,D,B,D,B,C,0.45
744,turntakingC,turntaking,3,B,D,D,C,A,E,A,C,A,C,C,C,E,A,C,A,C,A,C,E,0.45
744,rotate0A,rotate0,4,D,D,D,D,D,D,D,D,D,D,D,D,D,D,D,D,D,D,D,D,0.5
744,rotate0C,rotate0,5,E,E,E,E,E,E,E,E,E,E,E,E,E,E,E,E,E,E,E,E,0.35
744,turntakingB,turntaking,6,E,E,E,D,E,B,D,B,D,B,B,B,C,B,E,B,E,E,E,B,0.45
745,equalizeB,equalize,1,A,B,C,B,B,E,B,B,C,B,B,E,B,B,D,B,B,E,B,B,0.95
745,challengerA,challenger,2,A,A,A,A,A,A,A,A,A,A,A,A,A,A,A,A,A,A,A,A,0.0
745,challengerC,challenger,3,A,A,A,A,A,A,A,A,A,A,A,A,A,A,A,A,A,A,A,A,0.0
745,equalizeA,equalize,4,D,C,E,C,C,C,E,E,E,C,D,D,E,E,E,D,C,C,E,D,1.0
745,equalizeC,equalize,5,E,D,D,E,D,D,C,D,D,E,C,C,D,C,C,E,D,D,C,E,1.0
745,challengerB,challenger,6,A,A,A,A,A,A,A,A,A,A,A,A,A,A,A,A,A,A,A,A,0.0
746,rotateA,rotate,1,A,B,C,D,E,skip,A,B,C,D,E,skip,A,B,C,D,E,skip,A,B,0.4
746,rotateB,rotate,2,B,C,D,E,skip,A,B,C,D,E,skip,A,B,C,D,E,skip,A,B,C,0.35
746,rotateC,rotate,3,C,D,E,skip,A,B,C,D,E,skip,A,B,C,D,E,skip,A,B,C,D,0.3
746,turntakingB,turntaking,4,C,C,C,D,D,D,D,C,D,D,E,E,E,E,C,C,C,C,C,C,0.45
746,turntakingC,turntaking,5,D,D,D,E,E,E,E,E,C,C,B,D,D,D,D,D,D,D,D,D,0.55
746,turntakingA,turntaking,6,E,E,E,B,C,C,C,D,E,E,C,C,C,C,E,E,E,E,E,E,0.5
747,casteC,caste,1,A,C,E,B,C,C,D,E,E,C,D,D,E,C,B,D,E,C,B,D,0.95
747,challengerA,challenger,2,A,A,A,A,A,A,A,A,A,A,A,A,A,A,A,A,A,A,A,A,0.0
747,casteA,caste,3,C,B,B,C,D,E,E,B,C,D,B,E,C,B,D,E,C,B,D,E,1.0
747,casteB,caste,4,D,E,D,E,B,D,B,C,D,B,E,C,B,D,E,C,B,D,E,C,1.0
747,challengerB,challenger,5,A,A,A,A,A,A,A,A,A,A,A,A,A,A,A,A,A,A,A,A,0.0
747,challengerC,challenger,6,A,A,A,A,A,A,A,A,A,A,A,A,A,A,A,A,A,A,A,A,0.0
748,casteA,caste,1,A,A,B,B,C,B,C,D,E,D,B,D,E,C,B,C,A,B,A,A,0.45
748,rotateC,rotate,2,B,C,D,E,skip,A,B,C,D,E,skip,A,B,C,D,E,skip,A,B,C,0.7
748,rotateB,rotate,3,C,D,E,skip,A,B,C,D,E,skip,A,B,C,D,E,skip,A,B,C,D,0.05
748,casteB,caste,4,D,D,E,C,B,D,E,A,B,B,C,E,C,A,E,B,C,D,E,B,0.4
748,rotateA,rotate,5,E,skip,A,B,C,D,E,skip,A,B,C,D,E,skip,A,B,C,D,E,skip,0.05
748,casteC,caste,6,skip,skip,A,E,A,C,D,E,A,C,A,B,D,D,A,E,D,E,C,D,0.35
749,radicaleqB,radicaleq,1,A,B,A,C,D,skip,A,C,D,B,E,skip,D,C,B,E,A,skip,D,B,0.85
749,equalizeA,equalize,2,B,C,D,E,skip,A,C,D,B,E,skip,D,C,B,E,A,skip,D,B,C,0.85
749,radicaleqA,radicaleq,3,C,D,E,skip,A,C,D,B,E,skip,D,C,B,E,A,skip,D,B,C,E,0.85
749,equalizeC,equalize,4,D,E,skip,A,C,D,B,E,skip,D,C,B,E,A,skip,D,B,C,E,A,0.85
749,equalizeB,equalize,5,E,skip,B,B,B,B,E,skip,C,C,B,E,A,skip,D,B,C,E,A,skip,0.8
749,radicaleqC,radicaleq,6,skip,A,C,D,E,E,skip,A,A,A,A,A,skip,D,C,C,E,A,skip,D,0.8
750,radicaleqC,radicaleq,1,A,B,E,B,skip,E,B,skip,E,B,skip,E,B,skip,E,B,skip,E,B,skip,0.4
750,radicaleqB,radicaleq,2,B,C,D,E,B,skip,D,B,skip,D,B,skip,D,B,skip,D,B,skip,D,B,0.4
750,radicaleqA,radicaleq,3,C,D,B,D,E,C,E,D,C,E,D,C,E,D,C,E,D,C,E,D,0.35
750,rotate0B,rotate0,4,D,D,D,D,D,D,D,D,D,D,D,D,D,D,D,D,D,D,D,D,0.35
750,rotate0C,rotate0,5,E,E,E,E,E,E,E,E,E,E,E,E,E,E,E,E,E,E,E,E,0.35
750,rotate0A,rotate0,6,skip,skip,skip,skip,skip,skip,skip,skip,skip,skip,skip,skip,skip,skip,skip,skip,skip,skip,skip,skip,0.0
751,rotateA,rotate,1,A,B,C,D,E,skip,A,B,C,D,E,skip,A,B,C,D,E,skip,A,B,0.45
751,rotateB,rotate,2,B,C,D,E,skip,A,B,C,D,E,skip,A,B,C,D,E,skip,A,B,C,0.4
751,randomC,random,3,B,B,E,D,skip,B,A,E,E,skip,A,C,A,C,A,B,D,D,A,skip,0.4
751,rotateC,rotate,4,D,E,skip,A,B,C,D,E,skip,A,B,C,D,E,skip,A,B,C,D,E,0.65
751,randomA,random,5,D,C,D,skip,E,A,C,A,B,E,D,C,E,C,skip,skip,A,A,A,skip,0.3
751,randomB,random,6,skip,D,C,D,D,C,A,skip,skip,C,skip,C,C,C,skip,E,skip,skip,B,B,0.2
752,turntakingC,turntaking,1,skip,E,C,E,A,A,A,A,A,D,D,D,A,D,A,D,D,D,D,D,0.3
752,random3A,random3,2,E,B,B,B,B,B,B,B,B,B,B,B,A,C,E,E,E,E,E,E,0.6
752,random3C,random3,3,E,A,A,A,A,A,A,A,A,D,D,D,D,D,E,E,B,B,B,B,0.3
752,turntakingA,turntaking,4,C,C,A,C,E,E,E,E,E,C,E,B,E,B,C,C,C,A,A,A,0.7
752,turntakingB,turntaking,5,D,D,D,A,D,D,D,D,D,B,A,E,B,A,B,A,A,C,C,C,0.65
752,random3B,random3,6,D,D,D,E,D,D,C,C,C,C,C,C,C,C,C,C,C,E,D,D,0.3
753,randomC,random,1,skip,skip,B,D,B,C,skip,C,E,skip,skip,skip,B,skip,B,B,A,E,skip,A,0.25
753,randomC,random,2,C,C,A,D,A,C,skip,A,C,B,C,B,D,skip,skip,C,E,skip,C,E,0.3
753,randomB,random,3,D,A,skip,B,B,C,skip,skip,A,B,D,skip,D,B,E,skip,B,D,C,A,0.25
753,randomA,random,4,A,skip,A,A,C,skip,E,D,C,C,D,skip,skip,C,A,skip,skip,C,C,A,0.2
753,randomB,random,5,C,skip,C,D,C,B,C,B,C,C,B,E,skip,D,A,B,B,D,E,B,0.3
753,randomA,random,6,A,A,C,skip,B,skip,skip,A,E,A,B,B,B,E,A,D,B,C,skip,B,0.15
754,rotateC,rotate,1,A,B,C,D,E,skip,A,B,C,D,E,skip,A,B,C,D,E,skip,A,B,0.85
754,rotateC,rotate,2,B,C,D,E,skip,A,B,C,D,E,skip,A,B,C,D,E,skip,A,B,C,0.85
754,rotateA,rotate,3,C,D,E,skip,A,B,C,D,E,skip,A,B,C,D,E,skip,A,B,C,D,0.85
754,rotateB,rotate,4,D,E,skip,A,B,C,D,E,skip,A,B,C,D,E,skip,A,B,C,D,E,0.85
754,rotateA,rotate,5,E,skip,A,B,C,D,E,skip,A,B,C,D,E,skip,A,B,C,D,E,skip,0.8
754,rotateB,rotate,6,skip,A,B,C,D,E,skip,A,B,C,D,E,skip,A,B,C,D,E,skip,A,0.8
755,random3A,random3,1,B,E,E,E,A,A,A,A,C,C,A,B,E,E,E,E,E,E,E,E,0.3
755,random3B,random3,2,B,B,B,B,B,B,B,B,B,B,B,B,B,B,B,B,B,B,B,B,0.75
755,casteB,caste,3,C,A,E,E,E,D,E,A,D,B,C,B,A,A,B,A,E,D,D,E,0.4
755,casteC,caste,4,D,C,A,A,A,E,C,C,E,C,E,C,E,C,A,C,C,A,A,A,0.7
755,random3C,random3,5,D,D,D,D,D,D,D,D,D,D,D,D,D,D,D,C,C,D,D,D,0.6
755,casteA,caste,6,skip,B,C,C,C,C,A,E,A,E,A,A,C,E,D,E,A,C,C,C,0.65
756,turntakingA,turntaking,1,skip,D,A,E,E,E,A,C,C,E,E,E,A,C,C,A,A,A,E,C,0.65
756,turntakingC,turntaking,2,A,C,E,C,C,A,C,A,E,A,A,C,C,A,E,E,E,C,C,E,0.65
756,casteB,caste,3,C,B,B,B,B,B,B,B,B,B,B,B,D,D,D,D,D,D,D,D,1.0
756,casteA,caste,4,D,A,D,D,D,D,D,D,D,D,D,D,B,B,B,B,B,B,B,B,1.0
756,casteC,caste,5,E,C,A,A,C,E,E,A,C,C,A,E,E,A,C,C,E,A,A,E,0.0
756,turntakingB,turntaking,6,E,E,C,A,A,C,E,E,A,C,C,A,E,E,A,C,C,E,A,A,0.65
757,rotate0A,rotate0,1,A,A,A,A,A,A,A,A,A,A,A,A,A,A,A,A,A,A,A,A,1.0
757,rotate0A,rotate0,2,B,B,B,B,B,B,B,B,B,B,B,B,B,B,B,B,B,B,B,B,1.0
757,rotate0B,rotate0,3,C,C,C,C,C,C,C,C,C,C,C,C,C,C,C,C,C,C,C,C,1.0
757,rotate0C,rotate0,4,D,D,D,D,D,D,D,D,D,D,D,D,D,D,D,D,D,D,D,D,1.0
757,rotate0B,rotate0,5,E,E,E,E,E,E,E,E,E,E,E,E,E,E,E,E,E,E,E,E,1.0
757,rotate0C,rotate0,6,skip,skip,skip,skip,skip,skip,skip,skip,skip,skip,skip,skip,skip,skip,skip,skip,skip,skip,skip,skip,0.0
758,random3B,random3,1,B,B,B,D,D,B,B,B,B,B,A,A,A,A,A,A,A,A,A,A,0.4
758,random3C,random3,2,C,C,C,C,E,E,C,C,C,C,C,C,C,D,D,D,D,E,C,C,0.45
758,rotateC,rotate,3,C,D,E,skip,A,B,C,D,E,skip,A,B,C,D,E,skip,A,B,C,D,0.25
758,random3A,random3,4,B,D,D,D,D,D,D,D,E,E,E,E,E,D,B,B,B,B,B,B,0.35
758,rotateB,rotate,5,E,skip,A,B,C,D,E,skip,A,B,C,D,E,skip,A,B,C,D,E,skip,0.5
758,rotateA,rotate,6,skip,A,B,C,D,E,skip,A,B,C,D,E,skip,A,B,C,D,E,skip,A,0.2
759,radicaleqA,radicaleq,1,A,D,E,C,D,B,D,B,D,A,D,C,D,B,D,A,D,C,D,B,0.5
759,radicaleqC,radicaleq,2,B,E,B,E,A,E,A,E,C,E,B,E,A,E,C,E,B,E,A,E,0.45
759,turntakingC,turntaking,3,B,B,B,B,B,A,A,A,A,B,B,B,D,D,A,B,B,B,D,B,0.45
759,turntakingA,turntaking,4,C,C,D,A,A,C,D,D,D,D,C,A,A,A,D,D,C,A,A,C,0.55
759,turntakingB,turntaking,5,D,D,C,D,D,D,B,C,C,C,D,D,B,C,C,C,D,D,B,E,0.5
759,radicaleqB,radicaleq,6,skip,C,A,D,E,C,E,A,E,C,E,B,E,A,E,C,E,B,E,A,0.5
760,equalizeA,equalize,1,A,B,D,A,B,D,A,B,D,A,C,D,A,C,D,A,C,D,A,C,0.65
760,rotate0C,rotate0,2,B,B,B,B,B,B,B,B,B,B,B,B,B,B,B,B,B,B,B,B,0.65
760,rotate0B,rotate0,3,C,C,C,C,C,C,C,C,C,C,C,C,C,C,C,C,C,C,C,C,0.65
760,equalizeB,equalize,4,D,E,C,D,D,A,C,D,A,B,D,A,B,D,A,B,D,A,B,D,0.65
760,rotate0A,rotate0,5,E,E,E,E,E,E,E,E,E,E,E,E,E,E,E,E,E,E,E,E,0.7
760,equalizeC,equalize,6,skip,A,A,E,A,C,D,A,E,D,A,E,D,A,E,D,A,E,D,A,0.65
761,casteA,caste,1,A,A,E,E,E,E,B,B,D,A,B,C,A,D,C,B,D,A,E,C,0.1
761,casteB,caste,2,B,B,C,C,A,C,C,A,A,C,C,D,D,B,B,A,A,C,C,D,0.55
761,radicaleqC,radicaleq,3,C,D,B,A,E,E,B,B,D,A,B,C,A,D,C,B,D,A,E,C,0.1
761,casteC,caste,4,D,D,B,B,C,D,A,D,C,E,D,E,B,E,A,E,C,E,D,B,0.5
761,radicaleqA,radicaleq,5,E,skip,D,skip,B,skip,E,skip,B,skip,A,skip,C,skip,D,skip,B,skip,A,skip,0.5
761,radicaleqB,radicaleq,6,skip,A,C,E,A,D,C,D,A,E,C,E,D,E,B,E,A,E,C,B,0.0
762,casteB,caste,1,A,A,A,A,A,A,A,A,A,A,A,A,A,A,B,C,D,D,D,E,1.0
762,casteA,caste,2,B,B,B,B,B,B,B,B,B,B,B,B,B,C,D,E,E,E,E,D,1.0
762,casteC,caste,3,C,C,C,C,C,C,C,C,C,C,C,C,C,E,E,D,C,C,C,C,1.0
762,casteC,caste,4,D,D,D,D,D,D,D,D,D,D,D,D,D,D,C,B,B,B,B,B,1.0
762,casteB,caste,5,E,E,E,E,E,E,E,E,E,E,E,E,E,B,A,A,A,A,A,A,1.0
762,casteA,caste,6,skip,skip,skip,skip,skip,skip,skip,skip,skip,skip,skip,skip,skip,skip,skip,skip,skip,skip,skip,skip,0.0
763,casteB,caste,1,A,A,B,C,D,E,A,B,C,D,E,C,B,A,D,E,C,B,A,D,0.05
763,casteA,caste,2,B,B,C,A,B,C,D,E,A,B,A,D,E,C,B,A,D,E,C,B,0.1
763,equalizeC,equalize,3,C,D,D,E,A,B,C,D,E,C,B,A,D,E,C,B,A,D,E,C,0.1
763,equalizeB,equalize,4,D,E,B,C,D,E,A,B,C,D,E,C,B,A,D,E,C,B,A,D,0.05
763,casteC,caste,5,E,E,D,E,A,B,C,D,E,C,B,A,D,E,C,B,A,D,E,C,0.05
763,equalizeA,equalize,6,skip,A,C,A,B,C,D,E,A,B,A,D,E,C,B,A,D,E,C,B,0.0
764,challengerC,challenger,1,A,A,A,A,A,A,A,A,A,A,A,A,A,A,A,A,A,A,A,A,0.0
764,radicaleqC,radicaleq,2,B,D,skip,A,D,skip,A,D,skip,A,D,skip,A,D,skip,A,D,skip,A,D,0.4
764,radicaleqA,radicaleq,3,C,A,D,skip,A,D,skip,A,D,skip,A,D,skip,A,D,skip,A,D,skip,A,0.35
764,radicaleqB,radicaleq,4,D,skip,A,D,skip,A,D,skip,A,D,skip,A,D,skip,A,D,skip,A,D,skip,0.35
764,challengerA,challenger,5,A,A,A,A,A,A,A,A,A,A,A,A,A,A,A,A,A,A,A,A,0.0
764,challengerB,challenger,6,A,A,A,A,A,A,A,A,A,A,A,A,A,A,A,A,A,A,A,A,0.0
765,randomC,random,1,E,B,E,C,C,skip,D,A,B,C,D,A,A,skip,D,A,A,skip,skip,D,0.15
765,turntakingB,turntaking,2,A,A,A,B,B,C,C,A,C,C,E,A,E,B,E,E,B,E,E,B,0.7
765,randomB,random,3,A,D,C,C,C,B,C,C,B,skip,A,E,A,C,B,C,D,skip,D,skip,0.25
765,turntakingA,turntaking,4,C,B,E,A,A,A,A,C,A,A,B,E,B,E,A,A,E,C,C,E,0.6
765,randomA,random,5,B,A,E,A,D,E,E,C,skip,D,C,C,B,skip,C,B,E,B,D,D,0.3
765,turntakingC,turntaking,6,E,E,B,C,E,E,E,E,E,E,A,C,A,C,C,C,A,A,A,C,0.45
766,random3B,random3,1,D,D,D,A,A,C,C,C,C,C,D,D,D,D,D,D,D,D,D,D,0.3
766,turntakingA,turntaking,2,A,A,D,D,D,A,A,E,E,E,D,D,B,B,A,B,A,C,B,B,0.7
766,turntakingC,turntaking,3,B,B,B,E,B,B,E,C,C,C,B,C,C,D,C,D,C,D,C,C,0.5
766,random3A,random3,4,E,C,C,C,B,C,C,B,A,A,A,A,A,A,A,A,A,C,A,E,0.45
766,random3C,random3,5,B,B,B,A,A,C,D,D,D,D,D,D,D,D,E,E,E,E,E,E,0.45
766,turntakingB,turntaking,6,E,E,E,C,E,E,C,B,B,B,E,B,D,C,B,C,B,B,A,A,0.7
767,rotateB,rotate,1,A,B,C,D,E,skip,A,B,C,D,E,skip,A,B,C,D,E,skip,A,B,0.85
767,rotateB,rotate,2,B,C,D,E,skip,A,B,C,D,E,skip,A,B,C,D,E,skip,A,B,C,0.85
767,rotateC,rotate,3,C,D,E,skip,A,B,C,D,E,skip,A,B,C,D,E,skip,A,B,C,D,0.85
767,rotateA,rotate,4,D,E,skip,A,B,C,D,E,skip,A,B,C,D,E,skip,A,B,C,D,E,0.85
767,rotateC,rotate,5,E,skip,A,B,C,D,E,skip,A,B,C,D,E,skip,A,B,C,D,E,skip,0.8
767,rotateA,rotate,6,skip,A,B,C,D,E,skip,A,B,C,D,E,skip,A,B,C,D,E,skip,A,0.8
768,equalizeB,equalize,1,A,B,A,C,D,skip,A,C,D,B,E,skip,D,C,B,E,A,skip,D,B,0.85
768,equalizeC,equalize,2,B,C,D,E,skip,A,C,D,B,E,skip,D,C,B,E,A,skip,D,B,C,0.85
768,equalizeA,equalize,3,C,D,E,skip,A,C,D,B,E,skip,D,C,B,E,A,skip,D,B,C,E,0.85
768,equalizeC,equalize,4,D,E,skip,A,C,D,B,E,skip,D,C,B,E,A,skip,D,B,C,E,A,0.85
768,equalizeA,equalize,5,E,skip,B,B,B,B,E,skip,C,C,B,E,A,skip,D,B,C,E,A,skip,0.8
768,equalizeB,equalize,6,skip,A,C,D,E,E,skip,A,A,A,A,A,skip,D,C,C,E,A,skip,D,0.8
769,rotate0C,rotate0,1,A,A,A,A,A,A,A,A,A,A,A,A,A,A,A,A,A,A,A,A,1.0
769,rotate0B,rotate0,2,B,B,B,B,B,B,B,B,B,B,B,B,B,B,B,B,B,B,B,B,1.0
769,rotate0B,rotate0,3,C,C,C,C,C,C,C,C,C,C,C,C,C,C,C,C,C,C,C,C,1.0
769,rotate0A,rotate0,4,D,D,D,D,D,D,D,D,D,D,D,D,D,D,D,D,D,D,D,D,1.0
769,rotate0A,rotate0,5,E,E,E,E,E,E,E,E,E,E,E,E,E,E,E,E,E,E,E,E,1.0
769,rotate0C,rotate0,6,skip,skip,skip,skip,skip,skip,skip,skip,skip,skip,skip,skip,skip,skip,skip,skip,skip,skip,skip,skip,0.0
770,challengerA,challenger,1,A,A,A,A,A,A,A,A,A,A,A,A,A,A,A,A,A,A,A,A,0.0
770,challengerB,challenger,2,A,A,A,A,A,A,A,A,A,A,A,A,A,A,A,A,A,A,A,A,0.0
770,randomC,random,3,D,skip,C,skip,E,skip,C,E,B,skip,skip,skip,skip,B,C,skip,B,E,skip,C,0.4
770,challengerC,challenger,4,A,A,A,A,A,A,A,A,A,A,A,A,A,A,A,A,A,A,A,A,0.0
770,randomA,random,5,B,skip,skip,C,B,A,E,D,B,D,A,D,A,B,A,A,D,B,E,A,0.45
770,randomB,random,6,C,skip,B,D,D,D,B,C,skip,C,B,B,skip,B,skip,E,B,D,E,D,0.65
771,rotate0B,rotate0,1,A,A,A,A,A,A,A,A,A,A,A,A,A,A,A,A,A,A,A,A,0.1
771,radicaleqA,radicaleq,2,B,C,D,D,A,E,E,E,E,E,E,E,E,E,E,E,E,E,E,E,0.1
771,radicaleqC,radicaleq,3,C,D,E,C,D,A,A,A,A,A,A,A,A,A,A,A,A,A,A,A,0.1
771,rotate0A,rotate0,4,D,D,D,D,D,D,D,D,D,D,D,D,D,D,D,D,D,D,D,D,0.05
771,rotate0C,rotate0,5,E,E,E,E,E,E,E,E,E,E,E,E,E,E,E,E,E,E,E,E,0.2
771,radicaleqB,radicaleq,6,skip,A,B,A,C,D,D,D,D,D,D,D,D,D,D,D,D,D,D,D,0.1
772,challengerC,challenger,1,A,A,A,A,A,A,A,A,A,A,A,A,A,A,A,A,A,A,A,A,0.0
772,random3B,random3,2,B,B,B,B,B,B,B,B,B,B,B,B,B,B,B,B,B,B,B,B,1.0
772,challengerB,challenger,3,A,A,A,A,A,A,A,A,A,A,A,A,A,A,A,A,A,A,A,A,0.0
772,challengerA,challenger,4,A,A,A,A,A,A,A,A,A,A,A,A,A,A,A,A,A,A,A,A,0.0
772,random3C,random3,5,E,E,E,E,E,E,E,E,E,E,E,E,E,E,E,E,E,E,E,E,1.0
772,random3A,random3,6,A,A,A,A,C,C,C,C,C,C,C,C,C,C,C,C,C,C,C,C,0.8
773,random3C,random3,1,D,D,D,D,D,D,D,D,D,D,D,D,D,D,D,D,D,D,D,E,0.6
773,equalizeA,equalize,2,B,C,E,C,A,E,C,A,B,C,A,B,A,D,A,C,D,A,C,E,0.6
773,random3A,random3,3,A,A,E,E,E,E,E,E,E,E,E,C,E,E,E,E,E,E,D,E,0.4
773,random3B,random3,4,B,B,B,B,B,B,B,B,B,B,B,B,B,B,B,B,B,B,B,E,0.65
773,equalizeB,equalize,5,E,A,D,E,C,C,A,E,C,A,E,C,C,A,C,B,A,C,B,A,0.6
773,equalizeC,equalize,6,skip,D,C,A,B,A,D,C,A,D,C,A,E,C,E,A,C,E,A,C,0.6
774,radicaleqC,radicaleq,1,A,B,A,D,A,B,B,C,B,B,C,D,C,D,B,B,D,B,D,D,0.35
774,rotateB,rotate,2,B,C,D,E,skip,A,B,C,D,E,skip,A,B,C,D,E,skip,A,B,C,0.45
774,rotateA,rotate,3,C,D,E,skip,A,B,C,D,E,skip,A,B,C,D,E,skip,A,B,C,D,0.5
774,radicaleqB,radicaleq,4,D,E,skip,C,skip,E,A,A,skip,skip,skip,skip,E,C,C,C,skip,C,skip,C,0.45
774,rotateC,rotate,5,E,skip,A,B,C,D,E,skip,A,B,C,D,E,skip,A,B,C,D,E,skip,0.35
774,radicaleqA,radicaleq,6,skip,A,C,E,D,skip,D,E,A,E,A,E,A,skip,skip,E,C,A,E,A,0.4
775,rotateB,rotate,1,A,B,C,D,E,skip,A,B,C,D,E,skip,A,B,C,D,E,skip,A,B,0.5
775,rotate0A,rotate0,2,B,B,B,B,B,B,B,B,B,B,B,B,B,B,B,B,B,B,B,B,0.5
775,rotateC,rotate,3,C,D,E,skip,A,B,C,D,E,skip,A,B,C,D,E,skip,A,B,C,D,0.5
775,rotate0B,rotate0,4,D,D,D,D,D,D,D,D,D,D,D,D,D,D,D,D,D,D,D,D,0.5
775,rotateA,rotate,5,E,skip,A,B,C,D,E,skip,A,B,C,D,E,skip,A,B,C,D,E,skip,0.5
775,rotate0C,rotate0,6,skip,skip,skip,skip,skip,skip,skip,skip,skip,skip,skip,skip,skip,skip,skip,skip,skip,skip,skip,skip,0.0
776,rotateB,rotate,1,A,B,C,D,E,skip,A,B,C,D,E,skip,A,B,C,D,E,skip,A,B,0.15
776,equalizeA,equalize,2,B,C,D,A,A,E,E,A,B,A,A,E,E,C,B,C,C,E,D,E,0.75
776,rotateC,rotate,3,C,D,E,skip,A,B,C,D,E,skip,A,B,C,D,E,skip,A,B,C,D,0.15
776,equalizeB,equalize,4,D,E,skip,D,C,D,C,D,E,B,E,B,A,D,E,B,E,B,C,D,0.1
776,rotateA,rotate,5,E,skip,A,B,C,D,E,skip,A,B,C,D,E,skip,A,B,C,D,E,skip,0.2
776,equalizeC,equalize,6,skip,A,C,B,E,B,A,B,C,D,C,D,C,B,A,D,A,D,A,B,0.05
777,rotateC,rotate,1,A,B,C,D,E,skip,A,B,C,D,E,skip,A,B,C,D,E,skip,A,B,0.35
777,radicaleqB,radicaleq,2,B,C,D,C,skip,A,C,C,C,A,A,C,A,C,C,A,C,C,A,C,0.45
777,rotateB,rotate,3,C,D,E,skip,A,B,C,D,E,skip,A,B,C,D,E,skip,A,B,C,D,0.65
777,rotateA,rotate,4,D,E,skip,A,B,C,D,E,skip,A,B,C,D,E,skip,A,B,C,D,E,0.25
777,radicaleqC,radicaleq,5,E,skip,B,E,C,skip,A,A,A,C,skip,skip,skip,A,A,C,skip,A,skip,A,0.6
777,radicaleqA,radicaleq,6,skip,A,C,A,B,D,D,E,B,D,E,B,D,E,B,D,E,B,D,E,0.2
778,challengerB,challenger,1,A,A,A,A,A,A,A,A,A,A,A,A,A,A,A,A,A,A,A,A,0.0
778,challengerA,challenger,2,A,A,A,A,A,A,A,A,A,A,A,A,A,A,A,A,A,A,A,A,0.0
778,random3C,random3,3,D,D,D,D,D,D,D,D,D,D,D,D,D,D,D,D,D,D,D,D,1.0
778,random3B,random3,4,A,A,B,B,B,B,B,B,B,B,B,B,B,B,B,B,B,B,B,B,0.9
778,challengerC,challenger,5,A,A,A,A,A,A,A,A,A,A,A,A,A,A,A,A,A,A,A,A,0.0
778,random3A,random3,6,A,A,A,A,C,C,C,C,C,C,C,C,C,C,C,C,C,C,C,C,0.8
779,randomC,random,1,D,A,D,D,A,A,D,D,skip,B,B,E,A,C,E,skip,B,A,B,skip,0.25
779,turntakingA,turntaking,2,A,C,C,A,E,E,E,A,A,A,B,D,B,E,B,D,D,D,D,B,0.75
779,randomA,random,3,E,E,C,B,B,E,B,C,skip,skip,E,skip,D,skip,E,C,E,skip,C,A,0.35
779,randomB,random,4,E,B,A,A,skip,D,E,B,skip,skip,D,A,skip,A,A,skip,A,E,E,D,0.2
779,turntakingB,turntaking,5,D,A,E,D,D,A,A,B,E,E,A,A,A,A,D,A,A,A,A,D,0.45
779,turntakingC,turntaking,6,E,D,D,E,A,D,D,E,D,D,E,E,D,D,E,E,E,E,E,A,0.35
780,rotate0C,rotate0,1,A,A,A,A,A,A,A,A,A,A,A,A,A,A,A,A,A,A,A,A,1.0
780,rotate0A,rotate0,2,B,B,B,B,B,B,B,B,B,B,B,B,B,B,B,B,B,B,B,B,1.0
780,rotate0C,rotate0,3,C,C,C,C,C,C,C,C,C,C,C,C,C,C,C,C,C,C,C,C,1.0
780,rotate0A,rotate0,4,D,D,D,D,D,D,D,D,D,D,D,D,D,D,D,D,D,D,D,D,1.0
780,rotate0B,rotate0,5,E,E,E,E,E,E,E,E,E,E,E,E,E,E,E,E,E,E,E,E,1.0
780,rotate0B,rotate0,6,skip,skip,skip,skip,skip,skip,skip,skip,skip,skip,skip,skip,skip,skip,skip,skip,skip,skip,skip,skip,0.0
781,equalizeC,equalize,1,A,B,A,C,D,skip,A,C,D,B,E,skip,D,C,B,E,A,skip,D,B,0.85
781,equalizeA,equalize,2,B,C,D,E,skip,A,C,D,B,E,skip,D,C,B,E,A,skip,D,B,C,0.85
781,equalizeA,equalize,3,C,D,E,skip,A,C,D,B,E,skip,D,C,B,E,A,skip,D,B,C,E,0.85
781,equalizeB,equalize,4,D,E,skip,A,C,D,B,E,skip,D,C,B,E,A,skip,D,B,C,E,A,0.85
781,equalizeC,equalize,5,E,skip,B,B,B,B,E,skip,C,C,B,E,A,skip,D,B,C,E,A,skip,0.8
781,equalizeB,equalize,6,skip,A,C,D,E,E,skip,A,A,A,A,A,skip,D,C,C,E,A,skip,D,0.8
782,randomC,random,1,skip,E,D,C,C,D,B,E,D,B,C,E,skip,C,C,D,skip,D,C,A,0.4
782,challengerA,challenger,2,A,A,A,A,A,A,A,A,A,A,A,A,A,A,A,A,A,A,A,A,0.0
782,randomA,random,3,B,A,D,D,D,E,A,skip,skip,B,D,E,D,B,E,skip,E,skip,B,D,0.4
782,randomB,random,4,B,C,E,B,C,E,A,E,D,C,D,B,B,C,B,B,D,D,E,A,0.5
782,challengerB,challenger,5,A,A,A,A,A,A,A,A,A,A,A,A,A,A,A,A,A,A,A,A,0.0
782,challengerC,challenger,6,A,A,A,A,A,A,A,A,A,A,A,A,A,A,A,A,A,A,A,A,0.0
783,random3C,random3,1,E,E,E,E,E,E,E,E,E,E,E,E,E,E,E,E,E,E,E,E,1.0
783,challengerB,challenger,2,A,A,A,A,A,A,A,A,A,A,A,A,A,A,A,A,A,A,A,A,0.0
783,challengerA,challenger,3,A,A,A,A,A,A,A,A,A,A,A,A,A,A,A,A,A,A,A,A,0.0
783,random3B,random3,4,A,A,A,A,C,C,C,C,C,C,C,C,C,C,C,C,C,C,C,C,0.8
783,challengerC,challenger,5,A,A,A,A,A,A,A,A,A,A,A,A,A,A,A,A,A,A,A,A,0.0
783,random3A,random3,6,D,D,D,D,D,D,D,D,D,D,D,D,D,D,D,D,D,D,D,D,1.0
784,equalizeC,equalize,1,A,B,E,D,E,E,A,B,E,A,B,E,A,B,E,A,B,E,A,B,0.65
784,rotate0C,rotate0,2,B,B,B,B,B,B,B,B,B,B,B,B,B,B,B,B,B,B,B,B,0.65
784,rotate0A,rotate0,3,C,C,C,C,C,C,C,C,C,C,C,C,C,C,C,C,C,C,C,C,0.7
784,rotate0B,rotate0,4,D,D,D,D,D,D,D,D,D,D,D,D,D,D,D,D,D,D,D,D,0.7
784,equalizeA,equalize,5,E,skip,C,E,A,A,D,E,A,D,E,A,D,E,A,D,E,A,D,E,0.65
784,equalizeB,equalize,6,skip,A,A,A,B,C,E,A,C,E,A,C,E,A,C,E,A,C,E,A,0.65
785,randomC,random,1,A,D,D,E,D,skip,C,D,skip,E,C,D,C,B,C,E,D,A,D,D,0.25
785,rotateB,rotate,2,B,C,D,E,skip,A,B,C,D,E,skip,A,B,C,D,E,skip,A,B,C,0.4
785,rotateA,rotate,3,C,D,E,skip,A,B,C,D,E,skip,A,B,C,D,E,skip,A,B,C,D,0.35
785,randomB,random,4,C,C,C,skip,skip,B,skip,B,D,A,skip,skip,B,skip,skip,D,A,B,D,D,0.05
785,rotateC,rotate,5,E,skip,A,B,C,D,E,skip,A,B,C,D,E,skip,A,B,C,D,E,skip,0.5
785,randomA,random,6,B,A,C,E,A,D,D,B,A,D,skip,skip,skip,E,A,D,C,skip,D,E,0.25
786,radicaleqA,radicaleq,1,A,B,E,B,B,B,B,B,B,D,B,D,skip,D,skip,D,skip,D,skip,C,0.65
786,radicaleqB,radicaleq,2,B,C,D,D,D,D,D,D,D,skip,D,skip,D,skip,D,skip,B,skip,C,D,0.55
786,radicaleqC,radicaleq,3,C,D,B,A,E,C,A,C,E,C,A,C,A,B,A,B,C,E,B,E,0.15
786,casteB,caste,4,D,D,B,D,E,E,D,E,C,D,E,E,C,E,A,A,E,E,C,D,0.5
786,casteC,caste,5,E,E,A,E,A,A,A,C,E,E,A,C,E,B,C,E,C,A,A,E,0.6
786,casteA,caste,6,skip,skip,C,B,C,C,B,A,A,B,C,A,A,C,E,B,A,C,B,A,0.6
787,casteA,caste,1,A,D,D,D,D,D,D,D,D,D,D,D,D,D,D,D,D,D,D,D,1.0
787,casteB,caste,2,B,A,A,A,A,A,A,A,A,A,A,A,A,A,A,A,A,A,A,A,0.95
787,turntakingB,turntaking,3,B,B,B,B,B,B,B,B,B,B,B,B,B,B,B,B,B,B,B,B,0.65
787,turntakingC,turntaking,4,C,C,E,E,E,C,E,E,C,C,C,E,E,E,C,C,C,E,E,E,0.65
787,casteC,caste,5,E,C,B,C,E,B,C,E,B,E,C,B,C,E,B,E,C,B,C,E,0.0
787,turntakingA,turntaking,6,E,E,C,C,C,E,C,C,E,E,E,C,C,C,E,E,E,C,C,C,0.65
788,equalizeC,equalize,1,A,B,A,D,E,E,C,C,C,C,E,E,A,A,C,D,C,B,C,C,0.7
788,rotateB,rotate,2,B,C,D,E,skip,A,B,C,D,E,skip,A,B,C,D,E,skip,A,B,C,0.25
788,equalizeB,equalize,3,C,D,E,B,B,C,D,A,D,A,B,C,D,E,B,A,D,A,B,E,0.2
788,rotateA,rotate,4,D,E,skip,A,B,C,D,E,skip,A,B,C,D,E,skip,A,B,C,D,E,0.2
788,equalizeA,equalize,5,E,skip,B,C,D,A,A,E,B,E,D,A,B,C,D,E,B,E,D,A,0.1
788,rotateC,rotate,6,skip,A,B,C,D,E,skip,A,B,C,D,E,skip,A,B,C,D,E,skip,A,0.1
789,radicaleqB,radicaleq,1,A,B,A,C,D,skip,A,C,D,B,E,skip,D,C,B,E,A,skip,D,B,0.85
789,equalizeA,equalize,2,B,C,D,E,skip,A,C,D,B,E,skip,D,C,B,E,A,skip,D,B,C,0.85
789,equalizeC,equalize,3,C,D,E,skip,A,C,D,B,E,skip,D,C,B,E,A,skip,D,B,C,E,0.85
789,radicaleqA,radicaleq,4,D,E,skip,A,C,D,B,E,skip,D,C,B,E,A,skip,D,B,C,E,A,0.85
789,radicaleqC,radicaleq,5,E,skip,B,B,B,B,E,skip,C,C,B,E,A,skip,D,B,C,E,A,skip,0.8
789,equalizeB,equalize,6,skip,A,C,D,E,E,skip,A,A,A,A,A,skip,D,C,C,E,A,skip,D,0.8
790,rotateA,rotate,1,A,B,C,D,E,skip,A,B,C,D,E,skip,A,B,C,D,E,skip,A,B,0.75
790,rotateC,rotate,2,B,C,D,E,skip,A,B,C,D,E,skip,A,B,C,D,E,skip,A,B,C,0.2
790,equalizeB,equalize,3,C,D,E,E,B,B,D,D,E,C,D,E,D,E,E,C,D,C,A,C,0.6
790,equalizeA,equalize,4,D,E,skip,C,A,C,B,E,D,A,A,A,B,D,B,E,B,B,B,E,0.55
790,equalizeC,equalize,5,E,skip,B,A,D,A,C,A,C,E,B,B,C,C,D,A,A,A,C,D,0.5
790,rotateB,rotate,6,skip,A,B,C,D,E,skip,A,B,C,D,E,skip,A,B,C,D,E,skip,A,0.3
791,challengerC,challenger,1,A,A,A,A,A,A,A,A,A,A,A,A,A,A,A,A,A,A,A,A,0.0
791,randomA,random,2,B,D,C,C,E,E,D,A,D,skip,skip,D,A,C,A,A,E,skip,A,C,0.45
791,challengerA,challenger,3,A,A,A,A,A,A,A,A,A,A,A,A,A,A,A,A,A,A,A,A,0.0
791,randomC,random,4,A,D,A,skip,A,A,C,E,C,skip,C,C,skip,skip,A,E,B,skip,A,B,0.35
791,randomB,random,5,C,E,B,D,B,E,C,skip,A,C,A,E,E,C,D,D,skip,A,D,A,0.55
791,challengerB,challenger,6,A,A,A,A,A,A,A,A,A,A,A,A,A,A,A,A,A,A,A,A,0.0
792,challengerA,challenger,1,A,A,A,A,A,A,A,A,A,A,A,A,A,A,A,A,A,A,A,A,0.0
792,randomC,random,2,D,B,A,D,C,skip,D,B,skip,A,D,E,A,A,D,E,E,C,A,B,0.3
792,randomB,random,3,D,skip,D,D,skip,E,D,D,D,A,A,skip,D,B,skip,E,C,D,B,B,0.4
792,challengerB,challenger,4,A,A,A,A,A,A,A,A,A,A,A,A,A,A,A,A,A,A,A,A,0.0
792,randomA,random,5,D,C,E,B,E,A,E,C,E,E,D,A,D,C,A,B,E,skip,skip,B,0.5
792,challengerC,challenger,6,A,A,A,A,A,A,A,A,A,A,A,A,A,A,A,A,A,A,A,A,0.0
793,equalizeA,equalize,1,A,A,B,C,A,E,C,C,B,B,B,E,E,B,E,D,C,C,E,A,0.6
793,randomC,random,2,B,E,D,D,D,E,E,skip,E,C,B,A,C,C,E,skip,D,B,D,A,0.15
793,randomB,random,3,skip,A,E,E,skip,D,skip,A,A,D,C,A,skip,C,A,D,A,C,C,D,0.2
793,equalizeB,equalize,4,D,D,A,A,D,B,B,B,E,A,A,A,B,D,A,E,E,E,B,D,0.65
793,randomA,random,5,E,E,B,B,D,D,E,D,E,D,B,D,A,D,C,A,A,C,B,C,0.35
793,equalizeC,equalize,6,skip,C,D,B,C,C,A,A,C,C,C,C,C,E,B,B,B,B,D,E,0.55
794,randomC,random,1,C,A,skip,E,A,C,skip,E,E,C,D,D,E,B,B,B,D,skip,D,E,0.3
794,randomA,random,2,D,skip,A,D,A,C,E,A,E,B,skip,C,D,skip,A,E,B,B,D,D,0.2
794,randomB,random,3,skip,skip,C,A,skip,B,E,A,C,E,skip,B,D,D,A,E,skip,E,A,B,0.35
794,randomA,random,4,C,skip,B,D,C,C,E,B,A,A,D,E,skip,D,B,E,skip,C,skip,A,0.2
794,randomB,random,5,B,B,A,skip,A,C,A,B,B,B,skip,C,A,skip,skip,B,D,D,E,E,0.2
794,randomC,random,6,A,skip,B,A,D,D,E,E,B,A,C,B,D,C,D,skip,A,D,E,A,0.35
795,challengerC,challenger,1,A,A,A,A,A,A,A,A,A,A,A,A,A,A,A,A,A,A,A,A,0.0
795,challengerB,challenger,2,A,A,A,A,A,A,A,A,A,A,A,A,A,A,A,A,A,A,A,A,0.0
795,challengerA,challenger,3,A,A,A,A,A,A,A,A,A,A,A,A,A,A,A,A,A,A,A,A,0.0
795,casteB,caste,4,D,B,B,B,E,E,E,B,B,C,D,E,B,C,D,E,B,C,D,E,1.0
795,casteC,caste,5,E,C,D,D,B,C,D,E,C,D,E,B,C,D,E,B,C,D,E,B,1.0
795,casteA,caste,6,skip,E,C,C,D,B,C,D,E,B,C,D,E,B,C,D,E,B,C,D,0.95
796,randomB,random,1,D,E,E,E,D,E,E,A,B,E,D,skip,B,B,skip,B,C,B,C,D,0.7
796,randomC,random,2,D,B,D,D,skip,C,skip,B,C,D,E,D,skip,A,skip,A,B,D,A,C,0.2
796,randomC,random,3,E,E,skip,D,skip,A,skip,D,C,A,E,A,skip,skip,E,C,B,A,D,D,0.35
796,randomA,random,4,B,E,C,C,B,skip,D,skip,A,D,A,D,C,D,skip,skip,A,D,skip,B,0.45
796,randomA,random,5,skip,D,D,E,skip,C,skip,skip,skip,skip,C,skip,D,C,E,E,A,E,A,D,0.25
796,randomB,random,6,D,C,skip,D,A,C,A,E,C,C,B,E,E,C,E,A,A,A,B,B,0.45
797,turntakingB,turntaking,1,skip,E,E,E,B,B,B,E,E,E,E,E,D,D,B,B,E,D,B,E,0.95
797,turntakingC,turntaking,2,A,C,D,C,E,D,C,B,B,D,D,D,B,B,E,E,D,B,E,D,0.95
797,challengerC,challenger,3,A,A,A,A,A,A,A,A,A,A,A,A,A,A,A,A,A,A,A,A,0.0
797,turntakingA,turntaking,4,C,D,B,B,D,C,E,D,D,C,B,B,C,E,C,D,C,C,C,C,1.0
797,challengerB,challenger,5,A,A,A,A,A,A,A,A,A,A,A,A,A,A,A,A,A,A,A,A,0.0
797,challengerA,challenger,6,A,A,A,A,A,A,A,A,A,A,A,A,A,A,A,A,A,A,A,A,0.0
798,equalizeC,equalize,1,A,B,C,A,B,C,A,B,C,A,D,C,A,B,C,A,B,C,A,D,0.65
798,rotate0A,rotate0,2,B,B,B,B,B,B,B,B,B,B,B,B,B,B,B,B,B,B,B,B,0.65
798,equalizeA,equalize,3,C,D,A,D,C,A,D,C,A,B,C,A,D,C,A,D,C,A,B,C,0.65
798,rotate0C,rotate0,4,D,D,D,D,D,D,D,D,D,D,D,D,D,D,D,D,D,D,D,D,0.65
798,rotate0B,rotate0,5,E,E,E,E,E,E,E,E,E,E,E,E,E,E,E,E,E,E,E,E,0.7
798,equalizeB,equalize,6,skip,A,E,C,A,E,C,A,E,C,A,E,C,A,E,C,A,E,C,A,0.65
799,radicaleqA,radicaleq,1,A,B,D,A,C,C,A,C,A,C,D,B,A,C,D,C,A,B,D,C,0.5
799,rotate0C,rotate0,2,B,B,B,B,B,B,B,B,B,B,B,B,B,B,B,B,B,B,B,B,0.5
799,rotate0B,rotate0,3,C,C,C,C,C,C,C,C,C,C,C,C,C,C,C,C,C,C,C,C,0.5
799,radicaleqB,radicaleq,4,D,E,A,E,B,D,E,D,E,D,E,A,E,D,E,A,E,D,E,A,0.5
799,rotate0A,rotate0,5,E,E,E,E,E,E,E,E,E,E,E,E,E,E,E,E,E,E,E,E,0.5
799,radicaleqC,radicaleq,6,skip,A,E,C,A,B,D,B,D,B,A,C,D,B,A,B,D,C,A,B,0.45
800,random3C,random3,1,D,E,E,E,E,E,E,E,E,E,E,E,E,E,E,E,E,E,E,E,0.95
800,challengerA,challenger,2,A,A,A,A,A,A,A,A,A,A,A,A,A,A,A,A,A,A,A,A,0.0
800,challengerB,challenger,3,A,A,A,A,A,A,A,A,A,A,A,A,A,A,A,A,A,A,A,A,0.0
800,challengerC,challenger,4,A,A,A,A,A,A,A,A,A,A,A,A,A,A,A,A,A,A,A,A,0.0
800,random3A,random3,5,C,C,C,C,C,C,C,C,C,C,C,C,C,C,C,C,C,C,C,C,1.0
800,random3B,random3,6,D,D,D,D,D,D,D,D,D,D,D,D,D,D,D,D,D,D,D,D,0.95
801,equalizeC,equalize,1,A,B,D,D,A,B,D,E,B,D,E,B,D,E,B,D,E,B,D,E,0.65
801,random3A,random3,2,C,C,C,C,C,C,C,C,C,C,C,C,C,C,C,C,C,C,C,C,0.65
801,random3C,random3,3,A,A,A,A,A,A,A,A,A,A,A,A,A,A,A,A,A,A,A,A,0.65
801,equalizeA,equalize,4,D,D,E,C,B,D,C,B,D,A,B,D,A,B,D,A,B,D,A,B,0.65
801,equalizeB,equalize,5,E,C,B,B,D,A,B,D,C,B,D,C,B,D,C,B,D,C,B,D,0.65
801,random3B,random3,6,E,E,E,E,E,E,E,E,E,E,E,E,E,E,E,E,E,E,E,E,0.65
802,turntakingC,turntaking,1,skip,D,E,B,D,D,C,C,E,C,E,E,E,B,B,C,E,B,C,E,0.95
802,challengerA,challenger,2,A,A,A,A,A,A,A,A,A,A,A,A,A,A,A,A,A,A,A,A,0.0
802,challengerB,challenger,3,A,A,A,A,A,A,A,A,A,A,A,A,A,A,A,A,A,A,A,A,0.0
802,challengerC,challenger,4,A,A,A,A,A,A,A,A,A,A,A,A,A,A,A,A,A,A,A,A,0.0
802,turntakingA,turntaking,5,D,B,B,D,C,E,E,E,C,E,C,B,B,C,C,E,B,C,E,B,1.0
802,turntakingB,turntaking,6,E,C,C,E,B,C,B,B,D,B,B,D,C,D,E,D,D,D,D,D,1.0
803,equalizeA,equalize,1,A,B,A,C,D,skip,A,C,D,B,E,skip,D,C,B,E,A,skip,D,B,0.85
803,equalizeC,equalize,2,B,C,D,E,skip,A,C,D,B,E,skip,D,C,B,E,A,skip,D,B,C,0.85
803,equalizeB,equalize,3,C,D,E,skip,A,C,D,B,E,skip,D,C,B,E,A,skip,D,B,C,E,0.85
803,equalizeA,equalize,4,D,E,skip,A,C,D,B,E,skip,D,C,B,E,A,skip,D,B,C,E,A,0.85
803,equalizeB,equalize,5,E,skip,B,B,B,B,E,skip,C,C,B,E,A,skip,D,B,C,E,A,skip,0.8
803,equalizeC,equalize,6,skip,A,C,D,E,E,skip,A,A,A,A,A,skip,D,C,C,E,A,skip,D,0.8
804,radicaleqC,radicaleq,1,A,B,A,B,A,A,C,C,C,C,C,B,C,D,C,skip,B,skip,A,skip,0.55
804,rotateA,rotate,2,B,C,D,E,skip,A,B,C,D,E,skip,A,B,C,D,E,skip,A,B,C,0.55
804,radicaleqA,radicaleq,3,C,D,E,skip,D,B,A,D,skip,A,skip,A,A,A,A,B,C,C,C,A,0.5
804,radicaleqB,radicaleq,4,D,E,skip,D,E,skip,D,skip,A,B,B,D,B,C,B,D,D,D,B,D,0.4
804,rotateB,rotate,5,E,skip,A,B,C,D,E,skip,A,B,C,D,E,skip,A,B,C,D,E,skip,0.3
804,rotateC,rotate,6,skip,A,B,C,D,E,skip,A,B,C,D,E,skip,A,B,C,D,E,skip,A,0.5
805,radicaleqA,radicaleq,1,A,B,A,C,D,skip,A,C,D,B,E,skip,D,C,B,E,A,skip,D,B,0.85
805,radicaleqB,radicaleq,2,B,C,D,E,skip,A,C,D,B,E,skip,D,C,B,E,A,skip,D,B,C,0.85
805,radicaleqB,radicaleq,3,C,D,E,skip,A,C,D,B,E,skip,D,C,B,E,A,skip,D,B,C,E,0.85
805,radicaleqC,radicaleq,4,D,E,skip,A,C,D,B,E,skip,D,C,B,E,A,skip,D,B,C,E,A,0.85
805,radicaleqC,radicaleq,5,E,skip,B,B,B,B,E,skip,C,C,B,E,A,skip,D,B,C,E,A,skip,0.8
805,radicaleqA,radicaleq,6,skip,A,C,D,E,E,skip,A,A,A,A,A,skip,D,C,C,E,A,skip,D,0.8
806,random3C,random3,1,C,C,C,C,C,C,C,C,C,C,C,C,C,C,C,C,C,C,C,C,1.0
806,rotate0B,rotate0,2,B,B,B,B,B,B,B,B,B,B,B,B,B,B,B,B,B,B,B,B,1.0
806,random3B,random3,3,A,A,D,D,D,D,D,D,D,D,D,D,D,D,D,D,D,D,D,D,0.9
806,random3A,random3,4,A,A,A,A,A,A,A,A,A,A,A,A,A,A,A,A,A,A,A,A,0.9
806,rotate0C,rotate0,5,E,E,E,E,E,E,E,E,E,E,E,E,E,E,E,E,E,E,E,E,1.0
806,rotate0A,rotate0,6,skip,skip,skip,skip,skip,skip,skip,skip,skip,skip,skip,skip,skip,skip,skip,skip,skip,skip,skip,skip,0.0
807,rotate0C,rotate0,1,A,A,A,A,A,A,A,A,A,A,A,A,A,A,A,A,A,A,A,A,0.7
807,random3A,random3,2,B,B,B,B,B,B,B,B,B,B,B,B,B,B,B,B,B,B,A,A,0.85
807,rotate0A,rotate0,3,C,C,C,C,C,C,C,C,C,C,C,C,C,C,C,C,C,C,C,C,0.55
807,rotate0B,rotate0,4,D,D,D,D,D,D,D,D,D,D,D,D,D,D,D,D,D,D,D,D,0.75
807,random3B,random3,5,A,A,A,A,E,E,E,E,E,E,E,E,E,E,E,E,E,E,E,E,0.65
807,random3C,random3,6,C,C,C,C,E,E,E,D,D,D,D,D,C,C,C,C,C,B,B,B,0.1
808,rotate0C,rotate0,1,A,A,A,A,A,A,A,A,A,A,A,A,A,A,A,A,A,A,A,A,0.4
808,radicaleqA,radicaleq,2,B,C,E,E,C,skip,E,C,skip,E,C,skip,E,C,skip,E,C,skip,E,C,0.4
808,radicaleqB,radicaleq,3,C,D,skip,skip,A,C,skip,A,C,skip,A,C,skip,A,C,skip,A,C,skip,A,0.35
808,radicaleqC,radicaleq,4,D,E,A,C,E,A,D,E,A,D,E,A,D,E,A,D,E,A,D,E,0.35
808,rotate0A,rotate0,5,E,E,E,E,E,E,E,E,E,E,E,E,E,E,E,E,E,E,E,E,0.3
808,rotate0B,rotate0,6,skip,skip,skip,skip,skip,skip,skip,skip,skip,skip,skip,skip,skip,skip,skip,skip,skip,skip,skip,skip,0.0
809,turntakingB,turntaking,1,skip,C,C,D,D,D,A,A,A,C,D,D,C,A,A,C,D,D,C,A,0.65
809,turntakingA,turntaking,2,A,A,D,A,A,C,C,C,D,D,C,A,A,C,D,D,C,A,A,C,0.65
809,casteC,caste,3,C,B,B,B,B,B,B,B,B,B,B,B,B,B,B,B,B,B,B,B,1.0
809,casteB,caste,4,D,E,E,E,E,E,E,E,E,E,E,E,E,E,E,E,E,E,E,E,0.95
809,turntakingC,turntaking,5,D,D,A,C,C,A,D,D,C,A,A,C,D,D,C,A,A,C,D,D,0.65
809,casteA,caste,6,skip,A,C,C,A,D,D,C,A,A,C,D,D,C,A,A,C,D,D,C,0.0
810,radicaleqA,radicaleq,1,A,B,A,C,D,skip,A,C,D,B,E,skip,D,C,B,E,A,skip,D,B,0.85
810,radicaleqB,radicaleq,2,B,C,D,E,skip,A,C,D,B,E,skip,D,C,B,E,A,skip,D,B,C,0.85
810,radicaleqC,radicaleq,3,C,D,E,skip,A,C,D,B,E,skip,D,C,B,E,A,skip,D,B,C,E,0.85
810,radicaleqB,radicaleq,4,D,E,skip,A,C,D,B,E,skip,D,C,B,E,A,skip,D,B,C,E,A,0.85
810,radicaleqC,radicaleq,5,E,skip,B,B,B,B,E,skip,C,C,B,E,A,skip,D,B,C,E,A,skip,0.8
810,radicaleqA,radicaleq,6,skip,A,C,D,E,E,skip,A,A,A,A,A,skip,D,C,C,E,A,skip,D,0.8
811,turntakingC,turntaking,1,skip,E,A,A,C,C,C,C,E,E,C,B,B,E,B,B,B,E,E,E,0.45
811,rotateB,rotate,2,B,C,D,E,skip,A,B,C,D,E,skip,A,B,C,D,E,skip,A,B,C,0.3
811,turntakingB,turntaking,3,B,B,E,E,E,E,B,B,B,B,E,C,C,C,C,C,C,B,B,B,0.5
811,turntakingA,turntaking,4,C,C,B,B,B,B,E,E,C,C,A,E,E,B,E,E,E,C,C,C,0.55
811,rotateC,rotate,5,E,skip,A,B,C,D,E,skip,A,B,C,D,E,skip,A,B,C,D,E,skip,0.3
811,rotateA,rotate,6,skip,A,B,C,D,E,skip,A,B,C,D,E,skip,A,B,C,D,E,skip,A,0.4
812,radicaleqB,radicaleq,1,A,B,A,C,D,skip,A,C,D,B,E,skip,D,C,B,E,A,skip,D,B,0.85
812,radicaleqC,radicaleq,2,B,C,D,E,skip,A,C,D,B,E,skip,D,C,B,E,A,skip,D,B,C,0.85
812,radicaleqC,radicaleq,3,C,D,E,skip,A,C,D,B,E,skip,D,C,B,E,A,skip,D,B,C,E,0.85
812,radicaleqA,radicaleq,4,D,E,skip,A,C,D,B,E,skip,D,C,B,E,A,skip,D,B,C,E,A,0.85
812,radicaleqA,radicaleq,5,E,skip,B,B,B,B,E,skip,C,C,B,E,A,skip,D,B,C,E,A,skip,0.8
812,radicaleqB,radicaleq,6,skip,A,C,D,E,E,skip,A,A,A,A,A,skip,D,C,C,E,A,skip,D,0.8
813,rotate0A,rotate0,1,A,A,A,A,A,A,A,A,A,A,A,A,A,A,A,A,A,A,A,A,0.0
813,rotate0B,rotate0,2,B,B,B,B,B,B,B,B,B,B,B,B,B,B,B,B,B,B,B,B,1.0
813,rotate0C,rotate0,3,C,C,C,C,C,C,C,C,C,C,C,C,C,C,C,C,C,C,C,C,1.0
813,challengerB,challenger,4,A,A,A,A,A,A,A,A,A,A,A,A,A,A,A,A,A,A,A,A,0.0
813,challengerC,challenger,5,A,A,A,A,A,A,A,A,A,A,A,A,A,A,A,A,A,A,A,A,0.0
813,challengerA,challenger,6,A,A,A,A,A,A,A,A,A,A,A,A,A,A,A,A,A,A,A,A,0.0
814,random3C,random3,1,D,D,D,D,D,D,D,D,D,D,A,A,A,A,A,A,A,A,A,A,0.45
814,randomA,random,2,skip,D,B,D,B,E,B,C,A,E,C,B,B,D,skip,D,A,A,A,A,0.2
814,random3A,random3,3,C,C,C,C,C,C,C,C,B,B,B,B,B,B,B,B,C,C,B,B,0.55
814,randomC,random,4,A,C,C,B,D,B,skip,E,E,D,A,D,B,D,A,B,D,D,skip,skip,0.25
814,randomB,random,5,A,B,D,D,B,A,B,skip,skip,D,E,C,E,C,B,E,A,A,A,E,0.15
814,random3B,random3,6,E,E,E,E,E,E,E,E,E,C,C,C,E,C,E,E,C,C,E,E,0.45
815,rotateC,rotate,1,A,B,C,D,E,skip,A,B,C,D,E,skip,A,B,C,D,E,skip,A,B,0.85
815,rotateC,rotate,2,B,C,D,E,skip,A,B,C,D,E,skip,A,B,C,D,E,skip,A,B,C,0.85
815,rotateA,rotate,3,C,D,E,skip,A,B,C,D,E,skip,A,B,C,D,E,skip,A,B,C,D,0.85
815,rotateB,rotate,4,D,E,skip,A,B,C,D,E,skip,A,B,C,D,E,skip,A,B,C,D,E,0.85
815,rotateB,rotate,5,E,skip,A,B,C,D,E,skip,A,B,C,D,E,skip,A,B,C,D,E,skip,0.8
815,rotateA,rotate,6,skip,A,B,C,D,E,skip,A,B,C,D,E,skip,A,B,C,D,E,skip,A,0.8
816,challengerC,challenger,1,A,A,A,A,A,A,A,A,A,A,A,A,A,A,A,A,A,A,A,A,0.0
816,turntakingA,turntaking,2,A,E,E,D,D,D,B,E,E,E,E,C,C,C,D,E,C,D,E,C,0.95
816,turntakingC,turntaking,3,B,D,C,C,C,C,C,D,C,C,C,E,D,D,E,C,D,E,C,D,1.0
816,challengerA,challenger,4,A,A,A,A,A,A,A,A,A,A,A,A,A,A,A,A,A,A,A,A,0.0
816,challengerB,challenger,5,A,A,A,A,A,A,A,A,A,A,A,A,A,A,A,A,A,A,A,A,0.0
816,turntakingB,turntaking,6,E,B,D,B,E,B,E,C,D,D,B,D,B,E,B,B,B,B,B,B,1.0
817,randomC,random,1,E,B,B,E,E,C,skip,skip,E,D,skip,B,C,B,C,skip,D,B,D,C,0.2
817,casteB,caste,2,B,C,E,C,A,D,C,D,B,D,D,C,E,D,B,D,D,B,D,E,0.4
817,randomB,random,3,A,skip,skip,C,A,B,skip,A,E,A,D,E,A,E,skip,B,D,A,skip,D,0.2
817,casteA,caste,4,D,E,D,A,D,C,D,B,E,A,E,A,A,E,D,A,E,A,A,B,0.45
817,randomA,random,5,A,C,E,A,D,A,A,D,B,B,skip,skip,D,A,B,A,E,E,A,skip,0.3
817,casteC,caste,6,skip,B,C,D,B,B,E,E,C,C,C,B,C,B,C,E,C,C,C,C,0.6
818,equalizeC,equalize,1,A,B,A,C,D,A,C,C,D,E,D,E,B,D,B,E,D,E,C,C,0.25
818,rotateA,rotate,2,B,C,D,E,skip,A,B,C,D,E,skip,A,B,C,D,E,skip,A,B,C,0.15
818,equalizeA,equalize,3,C,D,E,E,A,B,E,D,E,D,C,B,A,C,D,B,A,A,D,D,0.65
818,equalizeB,equalize,4,D,E,skip,B,C,D,B,A,B,C,A,A,C,A,E,C,E,B,B,A,0.35
818,rotateB,rotate,5,E,skip,A,B,C,D,E,skip,A,B,C,D,E,skip,A,B,C,D,E,skip,0.45
818,rotateC,rotate,6,skip,A,B,C,D,E,skip,A,B,C,D,E,skip,A,B,C,D,E,skip,A,0.15
819,rotate0B,rotate0,1,A,A,A,A,A,A,A,A,A,A,A,A,A,A,A,A,A,A,A,A,0.55
819,rotate0C,rotate0,2,B,B,B,B,B,B,B,B,B,B,B,B,B,B,B,B,B,B,B,B,0.6
819,randomC,random,3,C,D,E,C,skip,skip,skip,A,E,E,A,A,C,skip,D,skip,skip,E,A,skip,0.25
819,rotate0A,rotate0,4,D,D,D,D,D,D,D,D,D,D,D,D,D,D,D,D,D,D,D,D,0.6
819,randomB,random,5,B,B,B,E,B,E,E,C,skip,E,skip,B,C,D,B,D,skip,A,B,B,0.2
819,randomA,random,6,skip,skip,A,A,C,D,C,D,skip,E,skip,D,skip,A,skip,C,D,A,A,A,0.15
820,turntakingC,turntaking,1,skip,D,D,C,B,E,D,C,B,E,B,B,E,B,E,C,C,C,B,E,0.45
820,turntakingB,turntaking,2,A,C,C,E,C,A,C,A,E,C,E,E,C,E,C,B,B,B,C,B,0.5
820,turntakingA,turntaking,3,B,B,B,D,D,C,B,E,D,B,D,D,B,D,B,D,D,D,D,C,0.35
820,random3B,random3,4,B,B,B,B,B,B,B,A,A,A,A,A,A,A,A,A,A,A,A,A,0.7
820,random3C,random3,5,C,C,E,E,E,E,E,E,E,E,D,D,D,D,B,B,B,E,E,E,0.35
820,random3A,random3,6,D,D,D,D,D,D,D,D,D,C,C,C,C,C,C,C,C,C,C,C,0.3
821,challengerB,challenger,1,A,A,A,A,A,A,A,A,A,A,A,A,A,A,A,A,A,A,A,A,0.0
821,challengerA,challenger,2,A,A,A,A,A,A,A,A,A,A,A,A,A,A,A,A,A,A,A,A,0.0
821,challengerB,challenger,3,A,A,A,A,A,A,A,A,A,A,A,A,A,A,A,A,A,A,A,A,0.0
821,challengerA,challenger,4,A,A,A,A,A,A,A,A,A,A,A,A,A,A,A,A,A,A,A,A,0.0
821,challengerC,challenger,5,A,A,A,A,A,A,A,A,A,A,A,A,A,A,A,A,A,A,A,A,0.0
821,challengerC,challenger,6,A,A,A,A,A,A,A,A,A,A,A,A,A,A,A,A,A,A,A,A,0.0
822,equalizeB,equalize,1,A,B,A,C,D,skip,A,C,D,B,E,skip,D,C,B,E,A,skip,D,B,0.85
822,radicaleqA,radicaleq,2,B,C,D,E,skip,A,C,D,B,E,skip,D,C,B,E,A,skip,D,B,C,0.85
822,equalizeC,equalize,3,C,D,E,skip,A,C,D,B,E,skip,D,C,B,E,A,skip,D,B,C,E,0.85
822,radicaleqB,radicaleq,4,D,E,skip,A,C,D,B,E,skip,D,C,B,E,A,skip,D,B,C,E,A,0.85
822,equalizeA,equalize,5,E,skip,B,B,B,B,E,skip,C,C,B,E,A,skip,D,B,C,E,A,skip,0.8
822,radicaleqC,radicaleq,6,skip,A,C,D,E,E,skip,A,A,A,A,A,skip,D,C,C,E,A,skip,D,0.8
823,randomA,random,1,B,E,skip,E,C,E,C,E,E,E,C,D,skip,A,E,E,C,skip,C,E,0.1
823,randomC,random,2,E,D,skip,skip,A,E,C,E,A,E,E,C,A,B,skip,D,B,C,B,D,0.35
823,turntakingC,turntaking,3,B,B,B,A,B,D,D,C,D,D,C,D,C,E,E,E,E,E,E,E,0.5
823,turntakingA,turntaking,4,C,C,E,B,C,B,B,D,B,B,B,A,A,D,D,D,D,D,D,D,0.75
823,turntakingB,turntaking,5,D,D,D,E,E,E,C,E,C,C,D,B,B,C,C,C,C,C,C,C,0.45
823,randomB,random,6,C,E,C,C,D,E,D,A,D,D,skip,skip,B,B,C,E,skip,E,C,C,0.2
824,radicaleqA,radicaleq,1,A,D,C,skip,A,C,skip,A,C,skip,A,C,skip,A,C,skip,A,C,skip,A,0.35
824,radicaleqB,radicaleq,2,B,A,A,C,skip,A,C,skip,A,C,skip,A,C,skip,A,C,skip,A,C,skip,0.35
824,radicaleqC,radicaleq,3,C,skip,skip,A,C,skip,A,C,skip,A,C,skip,A,C,skip,A,C,skip,A,C,0.35
824,challengerB,challenger,4,A,A,A,A,A,A,A,A,A,A,A,A,A,A,A,A,A,A,A,A,0.0
824,challengerC,challenger,5,A,A,A,A,A,A,A,A,A,A,A,A,A,A,A,A,A,A,A,A,0.0
824,challengerA,challenger,6,A,A,A,A,A,A,A,A,A,A,A,A,A,A,A,A,A,A,A,A,0.0
825,random3C,random3,1,E,E,E,E,C,E,E,B,B,B,B,B,D,D,D,D,D,D,D,D,0.25
825,radicaleqA,radicaleq,2,B,C,E,A,C,B,A,C,A,B,B,A,E,E,E,E,E,B,C,E,0.65
825,random3A,random3,3,A,A,D,D,D,D,D,D,D,D,D,D,D,C,C,B,B,D,D,D,0.55
825,random3B,random3,4,C,C,C,C,C,C,C,C,C,C,C,C,C,C,C,C,C,C,C,A,0.7
825,radicaleqB,radicaleq,5,E,B,skip,E,B,A,E,B,B,A,A,B,A,A,A,A,A,A,E,B,0.65
825,radicaleqC,radicaleq,6,skip,A,D,B,A,E,B,A,E,E,E,E,B,B,skip,skip,B,E,B,C,0.65
826,challengerC,challenger,1,A,A,A,A,A,A,A,A,A,A,A,A,A,A,A,A,A,A,A,A,0.0
826,challengerB,challenger,2,A,A,A,A,A,A,A,A,A,A,A,A,A,A,A,A,A,A,A,A,0.0
826,challengerA,challenger,3,A,A,A,A,A,A,A,A,A,A,A,A,A,A,A,A,A,A,A,A,0.0
826,randomB,random,4,B,skip,E,D,C,B,A,D,D,skip,D,B,B,D,E,skip,C,skip,A,E,0.55
826,randomC,random,5,B,skip,E,C,D,C,A,E,D,B,B,D,skip,skip,A,E,skip,A,D,C,0.45
826,randomA,random,6,B,skip,D,A,skip,skip,C,B,A,B,E,E,E,skip,skip,skip,E,skip,C,skip,0.4
827,randomC,random,1,B,A,A,C,D,A,B,E,skip,D,E,C,A,skip,skip,B,D,skip,skip,A,0.15
827,radicaleqB,radicaleq,2,B,D,A,B,B,B,skip,A,skip,B,A,skip,A,B,skip,B,B,A,skip,skip,0.5
827,radicaleqA,radicaleq,3,C,B,skip,A,skip,A,B,B,B,A,skip,A,skip,A,B,A,A,skip,B,B,0.5
827,randomB,random,4,skip,skip,A,skip,C,C,C,E,skip,skip,B,D,A,C,skip,B,D,E,B,C,0.25
827,radicaleqC,radicaleq,5,E,skip,B,skip,A,skip,A,skip,A,skip,B,B,B,skip,A,skip,skip,B,A,A,0.45
827,randomA,random,6,B,A,A,skip,C,skip,C,E,E,C,E,C,skip,A,skip,A,C,skip,A,skip,0.15
828,rotate0B,rotate0,1,A,A,A,A,A,A,A,A,A,A,A,A,A,A,A,A,A,A,A,A,1.0
828,rotate0C,rotate0,2,B,B,B,B,B,B,B,B,B,B,B,B,B,B,B,B,B,B,B,B,1.0
828,rotate0B,rotate0,3,C,C,C,C,C,C,C,C,C,C,C,C,C,C,C,C,C,C,C,C,1.0
828,rotate0C,rotate0,4,D,D,D,D,D,D,D,D,D,D,D,D,D,D,D,D,D,D,D,D,1.0
828,rotate0A,rotate0,5,E,E,E,E,E,E,E,E,E,E,E,E,E,E,E,E,E,E,E,E,1.0
828,rotate0A,rotate0,6,skip,skip,skip,skip,skip,skip,skip,skip,skip,skip,skip,skip,skip,skip,skip,skip,skip,skip,skip,skip,0.0
829,challengerC,challenger,1,A,A,A,A,A,A,A,A,A,A,A,A,A,A,A,A,A,A,A,A,0.0
829,random3A,random3,2,C,C,C,C,C,C,C,C,C,C,C,C,C,C,C,C,C,C,C,C,1.0
829,random3C,random3,3,D,D,D,D,D,D,D,D,D,D,D,D,D,D,D,D,D,D,D,D,1.0
829,challengerA,challenger,4,A,A,A,A,A,A,A,A,A,A,A,A,A,A,A,A,A,A,A,A,0.0
829,challengerB,challenger,5,A,A,A,A,A,A,A,A,A,A,A,A,A,A,A,A,A,A,A,A,0.0
829,random3B,random3,6,A,A,A,B,B,B,B,B,B,B,B,B,B,B,B,B,B,B,B,B,0.85
830,radicaleqB,radicaleq,1,A,B,A,C,skip,A,C,skip,A,C,skip,A,C,skip,A,C,skip,A,C,skip,0.35
830,challengerA,challenger,2,A,A,A,A,A,A,A,A,A,A,A,A,A,A,A,A,A,A,A,A,0.0
830,radicaleqA,radicaleq,3,C,skip,skip,A,C,skip,A,C,skip,A,C,skip,A,C,skip,A,C,skip,A,C,0.35
830,challengerC,challenger,4,A,A,A,A,A,A,A,A,A,A,A,A,A,A,A,A,A,A,A,A,0.0
830,challengerB,challenger,5,A,A,A,A,A,A,A,A,A,A,A,A,A,A,A,A,A,A,A,A,0.0
830,radicaleqC,radicaleq,6,skip,A,C,skip,A,C,skip,A,C,skip,A,C,skip,A,C,skip,A,C,skip,A,0.3
831,rotateC,rotate,1,A,B,C,D,E,skip,A,B,C,D,E,skip,A,B,C,D,E,skip,A,B,0.5
831,randomA,random,2,A,C,B,skip,D,skip,D,skip,C,C,D,E,B,D,skip,skip,skip,skip,B,B,0.35
831,randomC,random,3,skip,B,D,C,E,skip,skip,C,A,B,C,E,E,E,C,C,skip,D,skip,C,0.2
831,rotateA,rotate,4,D,E,skip,A,B,C,D,E,skip,A,B,C,D,E,skip,A,B,C,D,E,0.6
831,rotateB,rotate,5,E,skip,A,B,C,D,E,skip,A,B,C,D,E,skip,A,B,C,D,E,skip,0.35
831,randomB,random,6,B,B,B,E,skip,D,E,C,B,A,B,B,A,A,A,B,A,E,D,A,0.4
832,equalizeA,equalize,1,A,D,E,A,A,E,A,A,A,E,A,D,A,B,C,A,D,E,E,D,0.65
832,equalizeC,equalize,2,B,C,D,B,B,D,B,E,D,B,D,E,C,E,B,C,C,B,D,A,0.5
832,randomB,random,3,C,B,C,C,skip,B,B,B,D,B,D,A,C,A,D,E,skip,A,B,C,0.35
832,randomA,random,4,E,A,D,C,A,E,C,skip,C,A,B,D,skip,D,E,A,A,C,D,A,0.3
832,randomC,random,5,A,D,C,D,skip,E,skip,E,C,C,C,B,A,skip,E,skip,C,skip,C,skip,0.25
832,equalizeB,equalize,6,skip,B,C,E,E,B,D,D,C,A,E,A,E,D,E,B,B,D,B,E,0.5
833,casteC,caste,1,A,A,C,A,E,C,B,E,A,D,C,A,E,C,D,B,A,E,C,D,0.05
833,casteB,caste,2,B,B,D,B,D,A,D,C,D,E,B,D,B,A,B,C,E,B,D,E,0.55
833,casteA,caste,3,C,C,B,E,B,B,A,A,C,C,E,E,D,D,A,A,C,C,B,B,0.55
833,radicaleqB,radicaleq,4,D,E,skip,C,skip,E,skip,B,skip,A,skip,C,skip,E,skip,D,skip,A,skip,C,0.55
833,radicaleqC,radicaleq,5,E,skip,C,A,E,C,B,E,A,D,C,A,E,C,D,B,A,E,C,D,0.05
833,radicaleqA,radicaleq,6,skip,A,D,E,D,B,D,A,D,C,B,E,B,D,B,A,E,C,D,B,0.0
834,equalizeA,equalize,1,A,C,B,C,C,D,C,C,E,C,C,B,C,C,E,C,C,D,C,C,0.95
834,equalizeC,equalize,2,B,E,D,D,B,B,E,D,B,B,E,E,E,B,B,D,E,E,E,D,1.0
834,challengerC,challenger,3,A,A,A,A,A,A,A,A,A,A,A,A,A,A,A,A,A,A,A,A,0.0
834,challengerA,challenger,4,A,A,A,A,A,A,A,A,A,A,A,A,A,A,A,A,A,A,A,A,0.0
834,challengerB,challenger,5,A,A,A,A,A,A,A,A,A,A,A,A,A,A,A,A,A,A,A,A,0.0
834,equalizeB,equalize,6,skip,D,E,B,E,E,D,B,D,E,D,D,B,D,D,E,B,B,D,B,0.95
835,equalizeC,equalize,1,A,B,D,B,B,E,B,B,D,B,B,E,B,B,C,B,B,E,B,B,0.95
835,challengerB,challenger,2,A,A,A,A,A,A,A,A,A,A,A,A,A,A,A,A,A,A,A,A,0.0
835,equalizeB,equalize,3,C,D,E,D,D,D,E,E,E,D,C,C,E,E,E,C,D,D,E,C,1.0
835,challengerA,challenger,4,A,A,A,A,A,A,A,A,A,A,A,A,A,A,A,A,A,A,A,A,0.0
835,equalizeA,equalize,5,E,C,C,E,C,C,D,C,C,E,D,D,C,D,D,E,C,C,D,E,1.0
835,challengerC,challenger,6,A,A,A,A,A,A,A,A,A,A,A,A,A,A,A,A,A,A,A,A,0.0
836,challengerA,challenger,1,A,A,A,A,A,A,A,A,A,A,A,A,A,A,A,A,A,A,A,A,0.0
836,rotate0C,rotate0,2,B,B,B,B,B,B,B,B,B,B,B,B,B,B,B,B,B,B,B,B,1.0
836,rotate0B,rotate0,3,C,C,C,C,C,C,C,C,C,C,C,C,C,C,C,C,C,C,C,C,1.0
836,challengerB,challenger,4,A,A,A,A,A,A,A,A,A,A,A,A,A,A,A,A,A,A,A,A,0.0
836,rotate0A,rotate0,5,E,E,E,E,E,E,E,E,E,E,E,E,E,E,E,E,E,E,E,E,1.0
836,challengerC,challenger,6,A,A,A,A,A,A,A,A,A,A,A,A,A,A,A,A,A,A,A,A,0.0
837,random3C,random3,1,A,A,A,A,A,A,A,A,D,D,D,E,E,E,E,E,E,E,E,D,0.45
837,rotateA,rotate,2,B,C,D,E,skip,A,B,C,D,E,skip,A,B,C,D,E,skip,A,B,C,0.2
837,random3A,random3,3,C,C,C,C,C,B,B,B,B,B,B,B,B,D,D,D,D,A,A,A,0.45
837,random3B,random3,4,D,D,D,E,E,E,E,C,C,C,C,C,C,C,C,C,C,C,C,C,0.45
837,rotateB,rotate,5,E,skip,A,B,C,D,E,skip,A,B,C,D,E,skip,A,B,C,D,E,skip,0.4
837,rotateC,rotate,6,skip,A,B,C,D,E,skip,A,B,C,D,E,skip,A,B,C,D,E,skip,A,0.2
838,equalizeA,equalize,1,A,C,D,A,D,B,A,B,A,E,D,A,E,D,A,C,D,A,E,D,0.65
838,equalizeB,equalize,2,B,D,A,D,B,D,D,A,C,D,A,C,D,A,E,D,A,C,D,A,0.65
838,turntakingB,turntaking,3,B,B,A,E,B,C,C,B,B,B,B,B,B,B,B,B,B,B,B,B,0.6
838,turntakingC,turntaking,4,C,C,E,A,C,A,B,E,E,E,E,E,E,C,C,C,E,E,E,C,0.65
838,equalizeC,equalize,5,E,A,C,B,E,E,B,D,D,A,B,D,A,B,D,A,B,D,A,B,0.6
838,turntakingA,turntaking,6,E,E,C,C,A,E,E,C,C,C,C,C,C,E,E,E,C,C,C,E,0.65
839,equalizeA,equalize,1,A,B,E,B,A,E,B,A,E,B,A,E,B,A,E,B,A,E,B,A,0.7
839,equalizeB,equalize,2,B,D,B,A,D,B,A,D,B,A,D,B,A,D,B,A,D,B,A,D,0.65
839,equalizeC,equalize,3,C,A,A,C,B,A,C,B,A,C,B,A,C,B,A,C,B,A,C,B,0.65
839,turntakingB,turntaking,4,C,C,C,C,C,C,C,C,C,C,C,C,C,C,C,C,C,C,C,C,0.65
839,turntakingC,turntaking,5,D,D,D,D,D,D,D,D,D,D,D,D,D,D,D,D,D,D,D,D,0.65
839,turntakingA,turntaking,6,E,E,E,E,E,E,E,E,E,E,E,E,E,E,E,E,E,E,E,E,0.7
840,equalizeC,equalize,1,A,E,C,C,D,B,B,B,D,D,B,E,C,B,B,D,D,C,E,B,0.5
840,randomB,random,2,B,E,C,B,D,skip,skip,A,C,A,B,A,A,D,A,A,B,B,C,B,0.2
840,equalizeB,equalize,3,C,D,B,A,C,A,E,A,B,B,D,D,E,E,C,B,B,E,A,E,0.4
840,equalizeA,equalize,4,D,A,E,E,E,D,D,E,E,A,A,A,D,D,E,E,E,B,D,D,0.6
840,randomC,random,5,A,E,B,C,E,C,C,E,E,B,C,D,skip,A,C,C,D,C,skip,A,0.25
840,randomA,random,6,B,D,D,A,C,A,C,A,C,B,B,D,C,E,C,A,skip,D,A,D,0.1
841,equalizeC,equalize,1,A,B,A,C,D,skip,A,C,D,B,E,skip,D,C,B,E,A,skip,D,B,0.85
841,equalizeA,equalize,2,B,C,D,E,skip,A,C,D,B,E,skip,D,C,B,E,A,skip,D,B,C,0.85
841,equalizeC,equalize,3,C,D,E,skip,A,C,D,B,E,skip,D,C,B,E,A,skip,D,B,C,E,0.85
841,equalizeB,equalize,4,D,E,skip,A,C,D,B,E,skip,D,C,B,E,A,skip,D,B,C,E,A,0.85
841,equalizeA,equalize,5,E,skip,B,B,B,B,E,skip,C,C,B,E,A,skip,D,B,C,E,A,skip,0.8
841,equalizeB,equalize,6,skip,A,C,D,E,E,skip,A,A,A,A,A,skip,D,C,C,E,A,skip,D,0.8
842,rotateC,rotate,1,A,B,C,D,E,skip,A,B,C,D,E,skip,A,B,C,D,E,skip,A,B,0.15
842,equalizeC,equalize,2,B,C,D,B,E,A,B,B,C,E,A,E,C,A,D,C,A,B,C,B,0.6
842,equalizeA,equalize,3,C,D,E,D,D,E,A,A,D,D,E,A,A,C,C,D,D,A,A,C,0.4
842,equalizeB,equalize,4,D,E,skip,C,A,B,C,C,E,B,D,B,B,B,E,E,E,D,B,A,0.6
842,rotateA,rotate,5,E,skip,A,B,C,D,E,skip,A,B,C,D,E,skip,A,B,C,D,E,skip,0.65
842,rotateB,rotate,6,skip,A,B,C,D,E,skip,A,B,C,D,E,skip,A,B,C,D,E,skip,A,0.3
843,radicaleqA,radicaleq,1,A,D,B,D,A,C,B,C,B,C,A,C,A,C,B,C,A,C,B,C,0.5
843,radicaleqB,radicaleq,2,B,E,A,E,B,E,A,E,A,E,B,E,B,E,A,E,B,E,A,E,0.5
843,radicaleqC,radicaleq,3,C,A,C,B,D,A,D,B,D,B,D,A,D,A,D,B,D,A,D,B,0.5
843,turntakingB,turntaking,4,C,C,C,C,D,D,D,D,D,D,D,D,D,D,D,D,D,D,D,E,0.45
843,turntakingC,turntaking,5,D,D,D,D,C,C,C,C,C,C,C,C,C,C,C,C,C,C,C,A,0.55
843,turntakingA,turntaking,6,E,E,E,E,E,E,E,E,E,E,E,E,E,E,E,E,E,E,E,C,0.5
844,equalizeA,equalize,1,A,B,A,C,D,E,A,A,C,C,D,E,B,B,B,C,E,E,A,A,0.4
844,equalizeB,equalize,2,B,C,D,D,C,A,E,C,B,D,E,D,A,C,D,B,C,B,B,B,0.7
844,equalizeC,equalize,3,C,D,E,E,B,D,B,B,A,E,C,A,E,A,C,D,D,A,E,C,0.6
844,rotateB,rotate,4,D,E,skip,A,B,C,D,E,skip,A,B,C,D,E,skip,A,B,C,D,E,0.8
844,rotateC,rotate,5,E,skip,A,B,C,D,E,skip,A,B,C,D,E,skip,A,B,C,D,E,skip,0.25
844,rotateA,rotate,6,skip,A,B,C,D,E,skip,A,B,C,D,E,skip,A,B,C,D,E,skip,A,0.1
845,rotate0C,rotate0,1,A,A,A,A,A,A,A,A,A,A,A,A,A,A,A,A,A,A,A,A,0.1
845,radicaleqB,radicaleq,2,B,C,A,B,E,A,C,C,C,C,C,C,C,C,C,C,C,C,C,C,0.1
845,rotate0B,rotate0,3,C,C,C,C,C,C,C,C,C,C,C,C,C,C,C,C,C,C,C,C,0.2
845,radicaleqA,radicaleq,4,D,E,E,C,D,E,A,A,A,A,A,A,A,A,A,A,A,A,A,A,0.1
845,rotate0A,rotate0,5,E,E,E,E,E,E,E,E,E,E,E,E,E,E,E,E,E,E,E,E,0.05
845,radicaleqC,radicaleq,6,skip,A,B,E,A,B,E,E,E,E,E,E,E,E,E,E,E,E,E,E,0.1
846,rotateC,rotate,1,A,B,C,D,E,skip,A,B,C,D,E,skip,A,B,C,D,E,skip,A,B,0.6
846,rotateB,rotate,2,B,C,D,E,skip,A,B,C,D,E,skip,A,B,C,D,E,skip,A,B,C,0.5
846,rotateA,rotate,3,C,D,E,skip,A,B,C,D,E,skip,A,B,C,D,E,skip,A,B,C,D,0.7
846,randomB,random,4,E,A,D,D,B,skip,skip,B,skip,C,D,C,E,E,D,C,C,E,D,E,0.4
846,randomC,random,5,D,B,B,E,B,E,B,A,B,B,D,A,C,E,B,B,B,C,skip,D,0.45
846,randomA,random,6,C,C,A,D,skip,C,A,skip,skip,A,B,skip,E,C,C,A,C,C,skip,skip,0.25
847,casteA,caste,1,A,E,E,A,E,A,D,E,D,A,D,A,A,A,A,A,A,A,A,A,0.95
847,casteB,caste,2,B,D,D,D,D,E,A,A,E,D,A,D,E,E,E,E,E,E,E,E,0.85
847,random3C,random3,3,C,C,C,B,B,B,B,B,B,B,B,B,B,B,B,B,B,D,D,E,0.35
847,casteC,caste,4,D,A,A,E,A,D,E,D,A,E,E,E,D,D,D,D,C,D,D,C,0.55
847,random3A,random3,5,B,E,B,B,B,B,B,B,B,E,C,C,C,C,C,C,C,C,C,C,0.4
847,random3B,random3,6,C,C,C,C,C,C,C,C,C,C,C,D,D,D,D,D,B,B,B,B,0.5
848,radicaleqC,radicaleq,1,A,B,E,C,A,B,E,B,E,B,A,B,E,B,A,B,E,B,A,B,0.5
848,rotate0C,rotate0,2,B,B,B,B,B,B,B,B,B,B,B,B,B,B,B,B,B,B,B,B,0.5
848,rotate0A,rotate0,3,C,C,C,C,C,C,C,C,C,C,C,C,C,C,C,C,C,C,C,C,0.55
848,rotate0B,rotate0,4,D,D,D,D,D,D,D,D,D,D,D,D,D,D,D,D,D,D,D,D,0.55
848,radicaleqA,radicaleq,5,E,skip,A,D,B,E,C,E,C,A,C,E,C,A,C,E,C,A,C,E,0.5
848,radicaleqB,radicaleq,6,skip,A,D,E,C,A,D,A,D,E,D,A,D,E,D,A,D,E,D,A,0.5
849,challengerC,challenger,1,A,A,A,A,A,A,A,A,A,A,A,A,A,A,A,A,A,A,A,A,0.0
849,randomA,random,2,D,skip,B,B,C,skip,skip,C,skip,C,A,C,C,B,C,C,A,A,skip,B,0.3
849,randomC,random,3,E,D,skip,skip,C,E,skip,B,A,E,C,A,skip,B,skip,A,A,skip,A,D,0.3
849,challengerA,challenger,4,A,A,A,A,A,A,A,A,A,A,A,A,A,A,A,A,A,A,A,A,0.0
849,challengerB,challenger,5,A,A,A,A,A,A,A,A,A,A,A,A,A,A,A,A,A,A,A,A,0.0
849,randomB,random,6,D,skip,B,skip,D,C,D,C,B,C,C,D,E,B,E,B,A,skip,C,skip,0.45
850,rotateC,rotate,1,A,B,C,D,E,skip,A,B,C,D,E,skip,A,B,C,D,E,skip,A,B,0.85
850,rotateA,rotate,2,B,C,D,E,skip,A,B,C,D,E,skip,A,B,C,D,E,skip,A,B,C,0.85
850,rotateB,rotate,3,C,D,E,skip,A,B,C,D,E,skip,A,B,C,D,E,skip,A,B,C,D,0.85
850,rotateA,rotate,4,D,E,skip,A,B,C,D,E,skip,A,B,C,D,E,skip,A,B,C,D,E,0.85
850,rotateB,rotate,5,E,skip,A,B,C,D,E,skip,A,B,C,D,E,skip,A,B,C,D,E,skip,0.8
850,rotateC,rotate,6,skip,A,B,C,D,E,skip,A,B,C,D,E,skip,A,B,C,D,E,skip,A,0.8
851,random3B,random3,1,D,D,C,C,C,C,C,C,C,C,C,C,C,C,C,C,C,C,C,C,0.9
851,challengerA,challenger,2,A,A,A,A,A,A,A,A,A,A,A,A,A,A,A,A,A,A,A,A,0.0
851,random3A,random3,3,D,D,D,D,D,D,D,D,D,D,D,D,D,D,D,D,D,D,D,D,0.9
851,challengerC,challenger,4,A,A,A,A,A,A,A,A,A,A,A,A,A,A,A,A,A,A,A,A,0.0
851,challengerB,challenger,5,A,A,A,A,A,A,A,A,A,A,A,A,A,A,A,A,A,A,A,A,0.0
851,random3C,random3,6,D,D,E,E,E,E,E,E,E,E,E,E,E,E,E,E,E,E,E,E,0.9
852,random3B,random3,1,A,A,A,B,B,B,B,B,B,B,B,B,B,B,B,B,B,B,B,B,0.85
852,random3C,random3,2,E,E,E,E,E,E,E,E,E,E,E,E,E,E,E,E,E,E,E,E,1.0
852,challengerC,challenger,3,A,A,A,A,A,A,A,A,A,A,A,A,A,A,A,A,A,A,A,A,0.0
852,random3A,random3,4,A,D,D,D,D,D,D,D,D,D,D,D,D,D,D,D,D,D,D,D,0.95
852,challengerB,challenger,5,A,A,A,A,A,A,A,A,A,A,A,A,A,A,A,A,A,A,A,A,0.0
852,challengerA,challenger,6,A,A,A,A,A,A,A,A,A,A,A,A,A,A,A,A,A,A,A,A,0.0
853,random3A,random3,1,A,A,A,A,A,A,A,A,A,A,A,A,A,A,A,A,A,A,A,A,1.0
853,random3B,random3,2,E,D,D,B,B,B,B,B,B,B,B,B,B,B,B,B,B,B,B,B,0.85
853,rotate0C,rotate0,3,C,C,C,C,C,C,C,C,C,C,C,C,C,C,C,C,C,C,C,C,1.0
853,random3C,random3,4,E,D,D,D,D,D,D,D,D,D,D,D,D,D,D,D,D,D,D,D,0.85
853,rotate0A,rotate0,5,E,E,E,E,E,E,E,E,E,E,E,E,E,E,E,E,E,E,E,E,0.95
853,rotate0B,rotate0,6,skip,skip,skip,skip,skip,skip,skip,skip,skip,skip,skip,skip,skip,skip,skip,skip,skip,skip,skip,skip,0.0
854,randomA,random,1,E,D,B,C,C,skip,A,A,C,E,D,E,C,E,skip,C,D,B,A,E,0.4
854,randomC,random,2,A,skip,A,B,B,A,D,B,C,A,D,D,E,C,skip,C,C,E,E,B,0.5
854,radicaleqC,radicaleq,3,C,A,skip,skip,E,skip,D,E,A,skip,D,C,C,C,C,A,A,D,skip,D,0.55
854,radicaleqA,radicaleq,4,D,skip,D,E,C,C,C,D,E,C,A,skip,A,D,skip,D,skip,skip,C,skip,0.5
854,radicaleqB,radicaleq,5,E,D,E,A,skip,D,A,A,D,D,C,A,D,skip,D,skip,D,C,D,C,0.5
854,randomB,random,6,A,B,D,E,A,skip,A,D,C,D,B,skip,E,A,E,skip,C,A,D,A,0.35
855,casteC,caste,1,A,C,B,B,E,E,E,E,E,D,C,B,E,D,C,B,E,D,C,B,0.95
855,challengerB,challenger,2,A,A,A,A,A,A,A,A,A,A,A,A,A,A,A,A,A,A,A,A,0.0
855,challengerA,challenger,3,A,A,A,A,A,A,A,A,A,A,A,A,A,A,A,A,A,A,A,A,0.0
855,casteB,caste,4,D,B,C,E,D,C,B,D,C,B,E,D,C,B,E,D,C,B,E,D,1.0
855,challengerC,challenger,5,A,A,A,A,A,A,A,A,A,A,A,A,A,A,A,A,A,A,A,A,0.0
855,casteA,caste,6,skip,E,D,C,B,D,C,B,D,C,B,E,D,C,B,E,D,C,B,E,0.95
856,radicaleqA,radicaleq,1,A,B,A,C,D,skip,A,C,D,B,E,skip,D,C,B,E,A,skip,D,B,0.85
856,radicaleqB,radicaleq,2,B,C,D,E,skip,A,C,D,B,E,skip,D,C,B,E,A,skip,D,B,C,0.85
856,radicaleqC,radicaleq,3,C,D,E,skip,A,C,D,B,E,skip,D,C,B,E,A,skip,D,B,C,E,0.85
856,radicaleqB,radicaleq,4,D,E,skip,A,C,D,B,E,skip,D,C,B,E,A,skip,D,B,C,E,A,0.85
856,radicaleqC,radicaleq,5,E,skip,B,B,B,B,E,skip,C,C,B,E,A,skip,D,B,C,E,A,skip,0.8
856,radicaleqA,radicaleq,6,skip,A,C,D,E,E,skip,A,A,A,A,A,skip,D,C,C,E,A,skip,D,0.8
857,turntakingC,turntaking,1,skip,C,C,B,B,C,B,B,B,C,B,C,B,A,C,C,C,C,C,C,0.55
857,turntakingB,turntaking,2,A,A,A,A,A,B,A,A,A,A,C,A,C,C,B,B,B,A,A,A,0.55
857,turntakingA,turntaking,3,B,B,B,C,C,D,C,C,C,B,D,B,D,B,D,D,D,B,B,B,0.65
857,randomB,random,4,skip,A,skip,B,A,C,A,E,D,C,D,D,skip,C,A,E,D,A,B,C,0.15
857,randomC,random,5,A,C,skip,D,A,D,skip,A,skip,skip,E,D,D,D,A,A,D,skip,skip,A,0.2
857,randomA,random,6,C,D,B,B,skip,E,skip,D,C,A,skip,D,B,A,C,skip,E,A,E,D,0.35
858,casteC,caste,1,A,E,E,E,A,A,A,A,B,E,C,B,B,B,B,D,B,E,C,D,0.55
858,casteB,caste,2,B,A,D,B,E,E,E,E,E,D,D,D,D,D,D,A,A,A,A,B,0.8
858,casteA,caste,3,C,B,C,D,B,C,B,B,C,B,E,E,E,E,E,E,C,C,E,A,0.6
858,randomB,random,4,skip,D,C,E,skip,D,skip,A,A,B,C,C,skip,skip,skip,E,B,D,A,skip,0.15
858,randomC,random,5,skip,A,C,C,D,C,C,A,C,E,C,skip,C,A,D,D,skip,B,E,C,0.35
858,randomA,random,6,D,A,B,skip,B,D,skip,D,A,A,A,B,D,C,B,D,skip,C,skip,D,0.3
859,random3A,random3,1,B,B,B,A,E,E,E,E,E,E,D,E,E,E,E,E,D,D,D,D,0.15
859,random3B,random3,2,D,D,D,C,C,C,C,C,C,C,C,C,C,C,C,C,C,C,C,C,0.7
859,random3C,random3,3,B,B,B,A,E,E,E,B,A,A,A,A,A,A,A,A,A,A,A,A,0.6
859,radicaleqB,radicaleq,4,D,B,D,D,D,B,skip,D,B,B,B,B,E,E,E,E,D,C,C,C,0.4
859,radicaleqC,radicaleq,5,E,skip,skip,skip,B,skip,D,B,E,E,D,D,D,D,D,D,B,B,B,B,0.6
859,radicaleqA,radicaleq,6,skip,D,B,B,skip,E,E,E,D,D,E,E,B,B,B,B,E,E,E,E,0.6
860,randomB,random,1,skip,skip,E,skip,E,A,D,skip,C,A,B,skip,A,C,D,skip,E,B,C,B,0.2
860,equalizeA,equalize,2,B,C,C,C,C,D,C,A,C,B,D,D,A,D,E,D,E,D,D,E,0.6
860,randomA,random,3,B,D,skip,skip,C,A,B,D,skip,E,E,C,B,E,C,C,skip,A,A,A,0.15
860,equalizeC,equalize,4,D,D,A,A,A,C,E,E,A,C,E,B,B,C,B,A,D,E,E,A,0.65
860,equalizeB,equalize,5,E,E,B,B,B,A,D,D,B,E,B,A,D,E,D,B,B,A,C,D,0.4
860,randomC,random,6,A,E,E,D,B,skip,C,D,A,C,skip,C,A,A,E,C,B,skip,B,E,0.2
861,random3C,random3,1,B,B,B,B,B,B,B,B,B,B,B,D,D,D,A,A,A,D,D,D,0.5
861,randomA,random,2,B,A,skip,C,D,skip,skip,A,A,D,skip,B,skip,C,A,B,A,E,skip,E,0.25
861,randomC,random,3,C,skip,skip,D,B,D,B,D,C,A,A,C,E,skip,skip,E,E,D,B,C,0.2
861,random3A,random3,4,D,D,D,D,D,C,C,C,C,C,C,C,C,C,C,C,C,C,C,C,0.7
861,random3B,random3,5,C,A,A,A,A,A,E,E,E,E,B,B,E,B,B,B,B,B,B,E,0.5
861,randomB,random,6,skip,C,C,skip,E,A,B,D,D,E,skip,A,D,D,skip,D,E,D,skip,D,0.3
862,rotateC,rotate,1,A,B,C,D,E,skip,A,B,C,D,E,skip,A,B,C,D,E,skip,A,B,0.4
862,rotateB,rotate,2,B,C,D,E,skip,A,B,C,D,E,skip,A,B,C,D,E,skip,A,B,C,0.3
862,rotateA,rotate,3,C,D,E,skip,A,B,C,D,E,skip,A,B,C,D,E,skip,A,B,C,D,0.6
862,radicaleqB,radicaleq,4,D,E,skip,D,A,B,B,C,E,E,C,C,B,D,C,A,C,C,D,B,0.4
862,radicaleqC,radicaleq,5,E,skip,B,E,C,D,skip,skip,B,skip,skip,E,E,E,skip,E,E,E,E,E,0.55
862,radicaleqA,radicaleq,6,skip,A,C,A,D,skip,A,B,D,A,E,A,D,B,D,B,B,B,B,C,0.35
863,equalizeB,equalize,1,A,B,A,B,D,D,B,A,A,C,A,A,E,B,B,B,D,C,E,B,0.5
863,rotateA,rotate,2,B,C,D,E,skip,A,B,C,D,E,skip,A,B,C,D,E,skip,A,B,C,0.35
863,equalizeA,equalize,3,C,D,E,A,B,E,D,C,D,E,C,E,B,A,A,C,C,D,B,C,0.35
863,rotateC,rotate,4,D,E,skip,A,B,C,D,E,skip,A,B,C,D,E,skip,A,B,C,D,E,0.55
863,rotateB,rotate,5,E,skip,A,B,C,D,E,skip,A,B,C,D,E,skip,A,B,C,D,E,skip,0.15
863,equalizeC,equalize,6,skip,A,C,C,E,C,E,B,B,D,D,D,C,E,D,E,A,E,A,A,0.65
864,equalizeA,equalize,1,A,D,E,D,D,C,D,D,E,D,D,C,D,D,B,D,D,C,D,D,0.95
864,equalizeB,equalize,2,B,E,C,E,E,E,C,C,C,E,B,B,C,C,C,B,E,E,C,B,1.0
864,equalizeC,equalize,3,C,B,B,C,B,B,E,B,B,C,E,E,B,E,E,C,B,B,E,C,1.0
864,challengerB,challenger,4,A,A,A,A,A,A,A,A,A,A,A,A,A,A,A,A,A,A,A,A,0.0
864,challengerC,challenger,5,A,A,A,A,A,A,A,A,A,A,A,A,A,A,A,A,A,A,A,A,0.0
864,challengerA,challenger,6,A,A,A,A,A,A,A,A,A,A,A,A,A,A,A,A,A,A,A,A,0.0
865,rotateA,rotate,1,A,B,C,D,E,skip,A,B,C,D,E,skip,A,B,C,D,E,skip,A,B,0.7
865,rotateB,rotate,2,B,C,D,E,skip,A,B,C,D,E,skip,A,B,C,D,E,skip,A,B,C,0.5
865,rotateC,rotate,3,C,D,E,skip,A,B,C,D,E,skip,A,B,C,D,E,skip,A,B,C,D,0.25
865,casteB,caste,4,D,D,B,E,B,B,A,C,B,C,C,E,A,C,D,E,A,B,D,A,0.45
865,casteC,caste,5,E,E,A,B,A,A,E,E,A,A,A,D,D,E,E,B,C,C,E,E,0.8
865,casteA,caste,6,skip,skip,C,C,D,C,D,D,E,B,B,C,B,D,A,A,B,D,C,D,0.55
866,rotate0B,rotate0,1,A,A,A,A,A,A,A,A,A,A,A,A,A,A,A,A,A,A,A,A,1.0
866,rotate0B,rotate0,2,B,B,B,B,B,B,B,B,B,B,B,B,B,B,B,B,B,B,B,B,1.0
866,rotate0A,rotate0,3,C,C,C,C,C,C,C,C,C,C,C,C,C,C,C,C,C,C,C,C,1.0
866,rotate0A,rotate0,4,D,D,D,D,D,D,D,D,D,D,D,D,D,D,D,D,D,D,D,D,1.0
866,rotate0C,rotate0,5,E,E,E,E,E,E,E,E,E,E,E,E,E,E,E,E,E,E,E,E,1.0
866,rotate0C,rotate0,6,skip,skip,skip,skip,skip,skip,skip,skip,skip,skip,skip,skip,skip,skip,skip,skip,skip,skip,skip,skip,0.0
867,random3C,random3,1,D,D,D,D,E,E,E,B,B,B,B,B,B,B,B,B,B,B,C,C,0.5
867,turntakingB,turntaking,2,A,A,A,D,E,D,D,D,C,C,D,A,D,D,D,D,D,D,B,C,0.6
867,random3B,random3,3,E,E,E,E,E,E,E,E,E,E,E,E,E,E,E,E,E,E,E,E,0.6
867,turntakingA,turntaking,4,C,C,C,B,D,B,C,C,B,D,C,C,C,C,C,C,C,C,D,A,0.7
867,random3A,random3,5,A,A,A,A,A,C,A,B,B,D,D,D,E,C,C,C,B,B,B,A,0.05
867,turntakingC,turntaking,6,E,E,E,C,A,C,A,A,A,A,A,D,A,A,A,A,A,A,C,E,0.55
868,rotateA,rotate,1,A,B,C,D,E,skip,A,B,C,D,E,skip,A,B,C,D,E,skip,A,B,0.5
868,rotateB,rotate,2,B,C,D,E,skip,A,B,C,D,E,skip,A,B,C,D,E,skip,A,B,C,0.2
868,casteB,caste,3,C,C,E,E,D,A,C,C,E,B,A,D,B,C,A,D,A,B,C,C,0.45
868,casteC,caste,4,D,D,A,B,E,B,E,B,D,C,C,E,C,D,D,B,C,D,B,D,0.4
868,rotateC,rotate,5,E,skip,A,B,C,D,E,skip,A,B,C,D,E,skip,A,B,C,D,E,skip,0.05
868,casteA,caste,6,skip,skip,B,A,C,D,A,D,A,E,B,A,E,B,E,A,E,A,E,B,0.3
869,casteA,caste,1,A,B,E,E,B,B,C,E,E,B,C,C,E,B,D,C,E,B,D,C,0.95
869,casteB,caste,2,B,D,D,B,C,D,D,D,B,C,D,E,B,D,C,E,B,D,C,E,1.0
869,casteC,caste,3,C,E,C,D,E,C,E,B,C,D,E,B,D,C,E,B,D,C,E,B,1.0
869,challengerB,challenger,4,A,A,A,A,A,A,A,A,A,A,A,A,A,A,A,A,A,A,A,A,0.0
869,challengerC,challenger,5,A,A,A,A,A,A,A,A,A,A,A,A,A,A,A,A,A,A,A,A,0.0
869,challengerA,challenger,6,A,A,A,A,A,A,A,A,A,A,A,A,A,A,A,A,A,A,A,A,0.0
870,randomA,random,1,D,D,skip,skip,D,B,skip,C,B,D,skip,skip,skip,skip,B,D,A,D,B,D,0.2
870,randomB,random,2,B,B,D,B,D,C,D,D,C,C,A,A,D,B,B,C,B,E,B,C,0.4
870,randomC,random,3,D,E,A,C,C,E,skip,D,E,E,E,B,C,B,A,C,E,A,E,A,0.5
870,randomC,random,4,E,skip,B,A,skip,D,C,E,D,E,B,B,A,B,C,B,B,skip,A,C,0.5
870,randomA,random,5,B,E,C,D,A,B,C,D,A,skip,C,D,C,D,B,C,D,D,skip,D,0.35
870,randomB,random,6,C,E,skip,skip,D,C,D,B,B,A,B,B,E,D,D,A,A,E,B,A,0.3
871,randomB,random,1,D,C,C,C,D,B,E,E,skip,B,D,B,A,C,E,B,D,C,A,E,0.45
871,rotateA,rotate,2,B,C,D,E,skip,A,B,C,D,E,skip,A,B,C,D,E,skip,A,B,C,0.35
871,randomA,random,3,D,skip,D,A,E,E,B,C,B,B,skip,skip,C,B,skip,C,B,B,B,C,0.25
871,rotateC,rotate,4,D,E,skip,A,B,C,D,E,skip,A,B,C,D,E,skip,A,B,C,D,E,0.45
871,rotateB,rotate,5,E,skip,A,B,C,D,E,skip,A,B,C,D,E,skip,A,B,C,D,E,skip,0.6
871,randomC,random,6,C,D,A,D,B,A,B,B,B,E,E,B,D,B,D,skip,E,skip,B,B,0.35
872,radicaleqC,radicaleq,1,A,B,A,C,D,skip,A,C,D,B,E,skip,D,C,B,E,A,skip,D,B,0.85
872,radicaleqB,radicaleq,2,B,C,D,E,skip,A,C,D,B,E,skip,D,C,B,E,A,skip,D,B,C,0.85
872,radicaleqC,radicaleq,3,C,D,E,skip,A,C,D,B,E,skip,D,C,B,E,A,skip,D,B,C,E,0.85
872,radicaleqA,radicaleq,4,D,E,skip,A,C,D,B,E,skip,D,C,B,E,A,skip,D,B,C,E,A,0.85
872,radicaleqA,radicaleq,5,E,skip,B,B,B,B,E,skip,C,C,B,E,A,skip,D,B,C,E,A,skip,0.8
872,radicaleqB,radicaleq,6,skip,A,C,D,E,E,skip,A,A,A,A,A,skip,D,C,C,E,A,skip,D,0.8
873,random3C,random3,1,A,A,A,A,A,A,A,C,C,E,E,C,B,E,E,C,C,C,E,E,0.05
873,equalizeB,equalize,2,B,B,D,A,B,C,D,D,D,C,D,E,C,E,D,D,C,D,C,C,0.8
873,random3B,random3,3,A,A,C,C,C,E,E,E,E,E,E,C,C,E,E,E,E,E,E,E,0.4
873,equalizeA,equalize,4,D,D,E,E,D,D,E,B,B,D,C,C,D,D,C,C,D,C,D,D,0.75
873,random3A,random3,5,A,E,E,A,A,A,A,A,A,A,A,A,A,A,A,A,A,A,A,A,0.65
873,equalizeC,equalize,6,skip,E,B,D,C,B,B,C,C,B,B,D,B,B,B,B,B,B,B,B,0.7
874,casteC,caste,1,A,A,A,A,A,A,A,A,A,A,A,A,A,A,B,A,A,A,A,B,1.0
874,casteB,caste,2,B,B,B,B,B,B,B,B,B,B,B,B,B,C,C,B,B,B,B,A,1.0
874,casteA,caste,3,C,C,C,C,C,C,C,C,C,C,C,C,C,E,D,C,C,C,C,C,0.9
874,rotate0B,rotate0,4,D,D,D,D,D,D,D,D,D,D,D,D,D,D,D,D,D,D,D,D,0.95
874,rotate0C,rotate0,5,E,E,E,E,E,E,E,E,E,E,E,E,E,E,E,E,E,E,E,E,0.95
874,rotate0A,rotate0,6,skip,skip,skip,skip,skip,skip,skip,skip,skip,skip,skip,skip,skip,skip,skip,skip,skip,skip,skip,skip,0.0
875,random3B,random3,1,A,A,B,B,B,B,B,B,B,B,B,B,B,B,B,B,B,B,B,B,0.6
875,equalizeA,equalize,2,B,C,D,C,E,E,C,D,E,C,E,E,E,D,E,A,B,D,C,A,0.7
875,equalizeC,equalize,3,C,E,C,E,D,D,D,A,D,E,C,A,A,E,A,E,D,E,A,B,0.65
875,random3A,random3,4,E,E,B,B,B,B,B,E,C,C,C,C,C,C,C,C,C,C,C,C,0.45
875,random3C,random3,5,D,D,D,A,A,A,A,A,C,C,C,D,E,E,E,E,E,E,E,E,0.4
875,equalizeB,equalize,6,skip,A,B,A,C,C,E,E,C,D,A,D,D,A,D,D,A,A,D,D,0.65
876,turntakingB,turntaking,1,skip,E,C,B,A,A,skip,E,E,E,E,E,skip,B,C,C,A,E,skip,B,0.8
876,turntakingA,turntaking,2,A,skip,D,D,D,D,A,skip,C,C,D,A,E,skip,B,D,C,A,E,skip,0.8
876,turntakingC,turntaking,3,B,A,skip,E,C,B,D,A,skip,B,C,D,A,E,skip,B,D,C,A,E,0.85
876,turntakingA,turntaking,4,C,B,A,skip,E,C,B,D,A,skip,B,C,D,A,E,skip,B,D,C,A,0.85
876,turntakingB,turntaking,5,D,C,B,A,skip,E,C,B,D,A,skip,B,C,D,A,E,skip,B,D,C,0.85
876,turntakingC,turntaking,6,E,D,E,C,B,skip,E,C,B,D,A,skip,B,C,D,A,E,skip,B,D,0.85
877,challengerA,challenger,1,A,A,A,A,A,A,A,A,A,A,A,A,A,A,A,A,A,A,A,A,0.0
877,challengerC,challenger,2,A,A,A,A,A,A,A,A,A,A,A,A,A,A,A,A,A,A,A,A,0.0
877,randomB,random,3,C,D,skip,D,E,E,E,D,skip,D,C,D,A,skip,D,A,C,skip,E,C,0.4
877,randomA,random,4,A,skip,B,C,E,C,skip,D,A,skip,A,skip,skip,skip,E,D,C,A,A,skip,0.25
877,randomC,random,5,A,A,skip,D,D,A,skip,C,C,D,skip,skip,E,E,D,skip,C,B,skip,E,0.35
877,challengerB,challenger,6,A,A,A,A,A,A,A,A,A,A,A,A,A,A,A,A,A,A,A,A,0.0
878,challengerC,challenger,1,A,A,A,A,A,A,A,A,A,A,A,A,A,A,A,A,A,A,A,A,0.0
878,challengerC,challenger,2,A,A,A,A,A,A,A,A,A,A,A,A,A,A,A,A,A,A,A,A,0.0
878,challengerB,challenger,3,A,A,A,A,A,A,A,A,A,A,A,A,A,A,A,A,A,A,A,A,0.0
878,challengerA,challenger,4,A,A,A,A,A,A,A,A,A,A,A,A,A,A,A,A,A,A,A,A,0.0
878,challengerB,challenger,5,A,A,A,A,A,A,A,A,A,A,A,A,A,A,A,A,A,A,A,A,0.0
878,challengerA,challenger,6,A,A,A,A,A,A,A,A,A,A,A,A,A,A,A,A,A,A,A,A,0.0
879,rotateC,rotate,1,A,B,C,D,E,skip,A,B,C,D,E,skip,A,B,C,D,E,skip,A,B,0.85
879,rotateB,rotate,2,B,C,D,E,skip,A,B,C,D,E,skip,A,B,C,D,E,skip,A,B,C,0.85
879,rotateA,rotate,3,C,D,E,skip,A,B,C,D,E,skip,A,B,C,D,E,skip,A,B,C,D,0.85
879,rotateA,rotate,4,D,E,skip,A,B,C,D,E,skip,A,B,C,D,E,skip,A,B,C,D,E,0.85
879,rotateC,rotate,5,E,skip,A,B,C,D,E,skip,A,B,C,D,E,skip,A,B,C,D,E,skip,0.8
879,rotateB,rotate,6,skip,A,B,C,D,E,skip,A,B,C,D,E,skip,A,B,C,D,E,skip,A,0.8
880,turntakingC,turntaking,1,skip,E,D,A,A,A,A,E,A,A,E,A,A,E,A,A,E,A,A,E,0.65
880,turntakingB,turntaking,2,A,B,B,B,B,B,B,B,B,B,B,B,B,B,B,B,B,B,B,B,0.65
880,turntakingA,turntaking,3,B,D,E,E,E,E,E,A,E,E,A,E,E,A,E,E,A,E,E,A,0.7
880,equalizeB,equalize,4,D,A,E,C,D,E,C,D,E,C,D,E,C,D,E,C,D,E,C,D,0.7
880,equalizeC,equalize,5,E,B,C,D,B,C,D,B,C,D,B,C,D,B,C,D,B,C,D,B,0.65
880,equalizeA,equalize,6,skip,C,A,A,C,D,A,C,D,A,C,D,A,C,D,A,C,D,A,C,0.65
881,turntakingC,turntaking,1,skip,E,C,B,A,A,skip,E,E,E,E,E,skip,B,C,C,A,E,skip,B,0.8
881,turntakingA,turntaking,2,A,skip,D,D,D,D,A,skip,C,C,D,A,E,skip,B,D,C,A,E,skip,0.8
881,turntakingA,turntaking,3,B,A,skip,E,C,B,D,A,skip,B,C,D,A,E,skip,B,D,C,A,E,0.85
881,turntakingB,turntaking,4,C,B,A,skip,E,C,B,D,A,skip,B,C,D,A,E,skip,B,D,C,A,0.85
881,turntakingB,turntaking,5,D,C,B,A,skip,E,C,B,D,A,skip,B,C,D,A,E,skip,B,D,C,0.85
881,turntakingC,turntaking,6,E,D,E,C,B,skip,E,C,B,D,A,skip,B,C,D,A,E,skip,B,D,0.85
882,casteB,caste,1,A,D,E,B,D,D,C,E,E,D,C,C,E,D,B,C,E,D,B,C,0.95
882,challengerA,challenger,2,A,A,A,A,A,A,A,A,A,A,A,A,A,A,A,A,A,A,A,A,0.0
882,challengerC,challenger,3,A,A,A,A,A,A,A,A,A,A,A,A,A,A,A,A,A,A,A,A,0.0
882,casteA,caste,4,D,B,B,D,C,E,E,B,D,C,B,E,D,B,C,E,D,B,C,E,1.0
882,casteC,caste,5,E,C,C,E,B,C,B,D,C,B,E,D,B,C,E,D,B,C,E,D,1.0
882,challengerB,challenger,6,A,A,A,A,A,A,A,A,A,A,A,A,A,A,A,A,A,A,A,A,0.0
883,radicaleqA,radicaleq,1,A,B,A,C,D,skip,A,C,D,B,E,skip,D,C,B,E,A,skip,D,B,0.85
883,radicaleqA,radicaleq,2,B,C,D,E,skip,A,C,D,B,E,skip,D,C,B,E,A,skip,D,B,C,0.85
883,radicaleqB,radicaleq,3,C,D,E,skip,A,C,D,B,E,skip,D,C,B,E,A,skip,D,B,C,E,0.85
883,radicaleqC,radicaleq,4,D,E,skip,A,C,D,B,E,skip,D,C,B,E,A,skip,D,B,C,E,A,0.85
883,radicaleqC,radicaleq,5,E,skip,B,B,B,B,E,skip,C,C,B,E,A,skip,D,B,C,E,A,skip,0.8
883,radicaleqB,radicaleq,6,skip,A,C,D,E,E,skip,A,A,A,A,A,skip,D,C,C,E,A,skip,D,0.8
884,rotateB,rotate,1,A,B,C,D,E,skip,A,B,C,D,E,skip,A,B,C,D,E,skip,A,B,0.6
884,rotateA,rotate,2,B,C,D,E,skip,A,B,C,D,E,skip,A,B,C,D,E,skip,A,B,C,0.15
884,equalizeC,equalize,3,C,D,E,E,B,E,A,C,D,C,D,E,D,B,D,C,D,D,B,D,0.6
884,equalizeB,equalize,4,D,E,skip,D,C,A,B,B,E,B,A,B,E,D,E,E,C,B,C,A,0.5
884,rotateC,rotate,5,E,skip,A,B,C,D,E,skip,A,B,C,D,E,skip,A,B,C,D,E,skip,0.2
884,equalizeA,equalize,6,skip,A,C,B,A,D,C,D,A,E,C,A,B,C,A,B,A,A,E,C,0.25
885,rotate0C,rotate0,1,A,A,A,A,A,A,A,A,A,A,A,A,A,A,A,A,A,A,A,A,0.75
885,random3B,random3,2,E,D,D,D,D,D,D,D,D,D,D,D,D,D,A,A,D,D,D,D,0.4
885,rotate0B,rotate0,3,C,C,C,C,C,C,C,C,C,C,C,C,C,C,C,C,C,C,C,C,0.85
885,random3A,random3,4,B,D,D,D,D,D,D,D,C,B,B,B,B,B,B,B,B,B,B,B,0.5
885,rotate0A,rotate0,5,E,E,E,E,E,E,E,E,E,E,E,E,E,E,E,E,E,E,E,E,0.9
885,random3C,random3,6,B,B,B,B,B,B,B,B,B,B,A,A,A,D,D,D,D,E,C,C,0.5
886,rotateA,rotate,1,A,B,C,D,E,skip,A,B,C,D,E,skip,A,B,C,D,E,skip,A,B,0.45
886,rotateB,rotate,2,B,C,D,E,skip,A,B,C,D,E,skip,A,B,C,D,E,skip,A,B,C,0.5
886,radicaleqC,radicaleq,3,C,D,E,skip,skip,B,E,skip,E,skip,E,D,E,skip,D,D,E,A,A,A,0.45
886,rotateC,rotate,4,D,E,skip,A,B,C,D,E,skip,A,B,C,D,E,skip,A,B,C,D,E,0.55
886,radicaleqA,radicaleq,5,E,skip,B,E,C,E,skip,B,D,C,D,E,skip,D,E,skip,D,skip,skip,skip,0.5
886,radicaleqB,radicaleq,6,skip,A,C,A,B,D,D,A,C,A,B,A,C,B,A,A,C,B,B,C,0.35
887,rotateC,rotate,1,A,B,C,D,E,skip,A,B,C,D,E,skip,A,B,C,D,E,skip,A,B,0.35
887,turntakingA,turntaking,2,A,A,A,A,A,D,D,D,D,D,E,E,E,E,E,E,E,A,E,D,0.45
887,rotateA,rotate,3,C,D,E,skip,A,B,C,D,E,skip,A,B,C,D,E,skip,A,B,C,D,0.35
887,rotateB,rotate,4,D,E,skip,A,B,C,D,E,skip,A,B,C,D,E,skip,A,B,C,D,E,0.3
887,turntakingB,turntaking,5,D,D,D,D,D,A,A,A,A,A,C,D,D,D,D,D,D,D,D,C,0.55
887,turntakingC,turntaking,6,E,E,E,E,E,E,E,E,E,E,A,A,A,A,A,A,A,E,A,E,0.45
888,rotate0C,rotate0,1,A,A,A,A,A,A,A,A,A,A,A,A,A,A,A,A,A,A,A,A,0.5
888,turntakingB,turntaking,2,A,A,A,E,C,D,C,D,C,D,D,A,B,A,B,A,B,A,B,B,0.45
888,rotate0B,rotate0,3,C,C,C,C,C,C,C,C,C,C,C,C,C,C,C,C,C,C,C,C,0.5
888,turntakingA,turntaking,4,C,C,C,B,D,E,A,B,D,E,B,D,E,D,E,D,E,D,E,E,0.45
888,rotate0A,rotate0,5,E,E,E,E,E,E,E,E,E,E,E,E,E,E,E,E,E,E,E,E,0.35
888,turntakingC,turntaking,6,E,E,E,D,A,B,D,E,A,B,E,C,D,C,D,C,D,C,D,D,0.45
889,randomB,random,1,C,E,C,A,C,B,skip,E,E,A,A,D,D,C,E,B,A,skip,A,C,0.15
889,casteA,caste,2,B,A,A,D,B,B,A,A,A,A,C,B,B,B,B,B,A,B,A,C,0.65
889,randomA,random,3,D,C,E,C,skip,skip,B,skip,E,A,skip,D,D,E,D,B,C,D,E,E,0.25
889,casteC,caste,4,D,B,B,A,C,D,D,D,E,D,D,E,A,C,D,A,E,C,C,E,0.6
889,casteB,caste,5,E,C,D,B,D,A,E,E,D,B,B,C,E,E,A,C,D,D,B,B,0.65
889,randomC,random,6,skip,E,A,E,C,B,C,C,skip,skip,skip,C,skip,A,E,C,E,D,skip,B,0.2
890,rotateA,rotate,1,A,B,C,D,E,skip,A,B,C,D,E,skip,A,B,C,D,E,skip,A,B,0.45
890,rotateB,rotate,2,B,C,D,E,skip,A,B,C,D,E,skip,A,B,C,D,E,skip,A,B,C,0.15
890,random3C,random3,3,D,A,A,A,A,A,A,C,C,E,C,C,C,C,C,E,B,B,B,B,0.3
890,rotateC,rotate,4,D,E,skip,A,B,C,D,E,skip,A,B,C,D,E,skip,A,B,C,D,E,0.2
890,random3A,random3,5,E,E,E,E,B,B,B,B,B,B,B,B,B,E,A,A,A,A,D,D,0.35
890,random3B,random3,6,C,C,D,D,B,B,D,D,D,D,D,D,D,D,D,D,C,C,D,D,0.3
891,challengerA,challenger,1,A,A,A,A,A,A,A,A,A,A,A,A,A,A,A,A,A,A,A,A,0.0
891,challengerB,challenger,2,A,A,A,A,A,A,A,A,A,A,A,A,A,A,A,A,A,A,A,A,0.0
891,equalizeC,equalize,3,C,C,C,C,D,D,D,C,C,E,D,D,C,E,E,D,C,C,E,D,1.0
891,challengerC,challenger,4,A,A,A,A,A,A,A,A,A,A,A,A,A,A,A,A,A,A,A,A,0.0
891,equalizeA,equalize,5,E,E,E,E,C,C,E,D,D,C,E,E,D,C,C,E,D,D,C,E,1.0
891,equalizeB,equalize,6,skip,D,D,D,B,E,B,B,E,B,B,C,B,B,D,B,B,E,B,B,0.95
892,randomB,random,1,C,E,A,A,skip,D,E,skip,A,B,skip,D,skip,C,A,A,D,E,E,D,0.2
892,randomB,random,2,D,skip,E,A,C,B,E,E,skip,E,C,A,B,C,A,skip,skip,C,D,skip,0.2
892,randomC,random,3,D,D,skip,skip,B,D,A,B,A,skip,skip,E,B,skip,E,skip,D,A,E,A,0.25
892,randomC,random,4,skip,E,A,D,A,C,C,A,E,skip,C,A,E,A,E,B,A,skip,D,B,0.3
892,randomA,random,5,C,E,skip,skip,B,A,E,A,B,B,C,skip,A,A,C,D,B,D,D,B,0.3
892,randomA,random,6,B,skip,A,B,C,E,C,E,D,B,C,E,skip,A,A,skip,A,D,B,B,0.25
893,radicaleqB,radicaleq,1,A,C,E,skip,D,D,E,E,C,C,C,E,B,E,B,D,E,B,E,A,0.35
893,radicaleqA,radicaleq,2,B,D,A,E,skip,skip,B,B,D,A,A,B,D,A,E,B,A,E,A,B,0.35
893,random3C,random3,3,A,A,A,B,A,E,E,E,C,C,E,E,E,E,E,E,E,C,C,C,0.4
893,random3B,random3,4,D,D,D,B,B,B,B,A,A,A,A,A,A,A,A,A,A,A,A,A,0.35
893,radicaleqC,radicaleq,5,E,skip,skip,D,A,A,skip,skip,B,D,D,D,A,B,D,A,B,D,B,E,0.35
893,random3A,random3,6,D,D,D,D,D,D,D,D,D,D,D,D,D,D,D,D,D,D,D,D,0.3
894,randomC,random,1,C,A,E,skip,C,E,D,D,skip,C,B,B,C,E,C,A,E,E,E,E,0.3
894,equalizeA,equalize,2,B,A,E,D,D,A,B,B,B,B,B,A,A,E,C,C,B,B,B,B,0.55
894,randomA,random,3,B,B,B,skip,skip,A,A,D,skip,D,D,B,B,E,A,D,D,A,skip,skip,0.25
894,randomB,random,4,skip,A,skip,C,skip,skip,C,skip,E,C,D,B,A,skip,skip,C,C,C,E,A,0.2
894,equalizeB,equalize,5,E,C,C,E,E,C,A,C,A,A,D,B,E,D,D,E,C,D,E,C,0.75
894,equalizeC,equalize,6,skip,D,D,A,B,D,D,E,E,C,E,E,C,A,A,D,E,A,A,D,0.55
895,random3C,random3,1,E,E,E,E,E,E,B,E,E,E,E,E,E,E,E,E,E,E,E,E,0.45
895,rotateB,rotate,2,B,C,D,E,skip,A,B,C,D,E,skip,A,B,C,D,E,skip,A,B,C,0.3
895,random3B,random3,3,C,C,D,D,D,D,D,D,D,D,D,D,D,D,D,D,D,D,D,A,0.45
895,rotateA,rotate,4,D,E,skip,A,B,C,D,E,skip,A,B,C,D,E,skip,A,B,C,D,E,0.3
895,random3A,random3,5,D,A,A,A,A,A,A,A,B,C,C,C,C,C,C,C,C,C,C,C,0.4
895,rotateC,rotate,6,skip,A,B,C,D,E,skip,A,B,C,D,E,skip,A,B,C,D,E,skip,A,0.2
896,casteB,caste,1,A,A,A,A,A,A,A,A,A,A,A,A,A,A,B,C,D,D,D,E,1.0
896,casteC,caste,2,B,B,B,B,B,B,B,B,B,B,B,B,B,C,D,E,E,E,E,D,1.0
896,casteA,caste,3,C,C,C,C,C,C,C,C,C,C,C,C,C,E,E,D,C,C,C,C,1.0
896,casteA,caste,4,D,D,D,D,D,D,D,D,D,D,D,D,D,D,C,B,B,B,B,B,1.0
896,casteC,caste,5,E,E,E,E,E,E,E,E,E,E,E,E,E,B,A,A,A,A,A,A,1.0
896,casteB,caste,6,skip,skip,skip,skip,skip,skip,skip,skip,skip,skip,skip,skip,skip,skip,skip,skip,skip,skip,skip,skip,0.0
897,equalizeB,equalize,1,A,B,A,A,C,C,C,C,C,D,B,A,A,E,D,A,B,A,C,C,0.65
897,randomA,random,2,A,C,C,E,B,A,A,E,B,E,B,A,skip,E,B,D,A,E,E,A,0.25
897,equalizeC,equalize,3,C,D,B,B,B,A,B,B,D,A,C,D,E,C,B,D,A,D,D,D,0.55
897,randomB,random,4,C,D,skip,skip,D,D,A,C,D,E,B,skip,C,skip,E,B,E,C,B,A,0.25
897,equalizeA,equalize,5,E,E,D,D,A,B,A,E,B,B,A,C,D,D,E,C,C,B,A,A,0.55
897,randomC,random,6,C,E,E,D,E,E,skip,E,D,skip,B,C,A,C,D,E,E,B,B,A,0.2
898,equalizeC,equalize,1,A,B,A,A,D,B,E,D,B,E,D,C,E,D,A,E,C,B,D,A,0.05
898,casteB,caste,2,B,B,A,A,D,B,E,D,B,E,D,C,E,D,A,E,C,B,D,A,0.05
898,equalizeB,equalize,3,C,D,C,B,E,D,B,E,D,C,E,D,A,E,C,B,D,A,E,C,0.05
898,casteA,caste,4,D,D,C,B,E,D,B,E,D,C,E,D,A,E,C,B,D,A,E,C,0.05
898,equalizeA,equalize,5,E,skip,E,C,A,C,A,C,A,B,A,B,C,B,D,A,E,C,B,D,0.05
898,casteC,caste,6,skip,skip,E,C,A,C,A,C,A,B,A,B,C,B,D,A,E,C,B,D,0.0
899,rotateC,rotate,1,A,B,C,D,E,skip,A,B,C,D,E,skip,A,B,C,D,E,skip,A,B,0.85
899,rotateA,rotate,2,B,C,D,E,skip,A,B,C,D,E,skip,A,B,C,D,E,skip,A,B,C,0.85
899,rotateB,rotate,3,C,D,E,skip,A,B,C,D,E,skip,A,B,C,D,E,skip,A,B,C,D,0.85
899,rotateB,rotate,4,D,E,skip,A,B,C,D,E,skip,A,B,C,D,E,skip,A,B,C,D,E,0.85
899,rotateA,rotate,5,E,skip,A,B,C,D,E,skip,A,B,C,D,E,skip,A,B,C,D,E,skip,0.8
899,rotateC,rotate,6,skip,A,B,C,D,E,skip,A,B,C,D,E,skip,A,B,C,D,E,skip,A,0.8
900,turntakingC,turntaking,1,skip,E,E,D,C,C,D,D,D,E,C,C,E,E,E,D,C,C,D,D,0.65
900,casteC,caste,2,B,A,A,A,A,A,A,A,A,A,A,A,A,B,B,B,B,B,B,B,1.0
900,casteA,caste,3,C,B,B,B,B,B,B,B,B,B,B,B,B,A,A,A,A,A,A,A,1.0
900,casteB,caste,4,D,C,E,E,D,C,C,E,D,D,E,C,C,D,E,E,D,C,C,E,0.0
900,turntakingA,turntaking,5,D,D,C,E,E,E,C,C,C,D,D,D,C,C,C,E,E,E,C,C,0.65
900,turntakingB,turntaking,6,E,C,D,C,D,D,E,E,E,C,E,E,D,D,D,C,D,D,E,E,0.65
